Scene,Shot_Type,Shot_Title,Full_Prompt (Copy & Paste Ready)
1,A-ROLL,East River Before Bridge - Ferry Crossing,"Ultra-realistic cinematic documentary style. 4K resolution, professional color grading. Muted vintage color palette with soft desaturation, subtle film grain, realistic natural lighting. Historically accurate 1870s-1880s environment, Gilded Age vehicles, tools, and construction materials. Natural camera movement with professional cinematography: smooth dollies, crane shots, tracking movements, aerial perspectives. Realistic physics, authentic material behavior, grounded sense of massive scale and weight. Consistent period-appropriate color grading throughout all scenes.

Set in New York City, East River between Manhattan and Brooklyn, 1869-1883 Gilded Age era. Heavy industrial atmosphere with coal smoke, gas lighting becoming electric, steam-powered machinery, horse-drawn wagons and carriages. Workers wear: wool flat caps, striped cotton work shirts, canvas or leather trousers, heavy leather boots with nails, cotton suspenders, neckerchiefs, heavy wool coats in cold weather. Manual and early mechanical tool era: hand-forged hammers, chisels, steel cable tools, rope and wood pulley systems, steam-powered cranes, early pneumatic riveting hammers, compressed air caissons. No electric power tools, minimal safety equipment (leather gloves, cloth caps), wooden scaffolding with hemp rope, period-accurate Victorian-era materials only.

Urban coastal environment: East River tidal waters with strong currents, heavy fog banks rolling in from harbor, salt spray and maritime humidity, coal smoke from factories and steamships mixing with river mist, seagulls constant, ferry boat traffic, wooden docks and piers, brick warehouses and tenement buildings visible on both shores. Industrial New York sounds: steam whistles, horse hooves on cobblestones, ferry engines, dock work, church bells, train whistles in distance. Weather: fog common especially mornings, rain, snow in winter, occasional clear days revealing full span.

Absolute historical prohibition - exclude ALL anachronisms: Modern safety equipment (reflective vests, fall arrest systems, safety lanyards, modern hard hats with chin straps, safety glasses), digital devices, contemporary vehicles, current-era signage, modern construction techniques (current welding styles, contemporary concrete forms), anachronistic materials (modern plastics, contemporary composites, synthetic fabrics, modern high-strength steel alloys), modern tool designs (battery-powered tools, electric tools before 1880s), LED lighting, plastic materials, contemporary color schemes (high-visibility orange/yellow), modern fasteners, automobiles (horse-drawn only until very late 1880s).

Cool muted color grading: Desaturate to 70% of full color, cool temperature (+200K blue shift toward gray-blue), reduced contrast 15%, gentle highlights rolloff, preserved shadow detail in fog. Primary color bias: Gray-blue (fog, river, steel), cool green-gray (oxidized copper, river algae), muted brick red (buildings, aged materials), charcoal and soot black (coal smoke, industrial grime), weathered brown (wood, leather, rust). Avoid: Warm yellows, saturated reds, vivid greens, pure blacks, bright whites. Film grain: 35mm equivalent, subtle structure, minimal chrominance noise, slightly increased grain in shadow areas matching wet plate photography aesthetic of 1870s.

Cinematic aerial wide shot of East River at dawn, 1869. Heavy fog banks roll between Manhattan and Brooklyn shores. Multiple ferry boats churn through dark water loaded with carriages and passengers, black coal smoke mixing with white fog. Camera glides over river toward empty space where bridge will stand. Industrial cityscape visible: brick buildings, smoking chimneys, wooden docks, church spires. Seagulls circling."
1,B-ROLL,East River Before Bridge - Water Detail,"Ultra-realistic cinematic documentary style. 4K resolution, professional color grading. Muted vintage color palette with soft desaturation, subtle film grain, realistic natural lighting. Historically accurate 1870s-1880s environment, Gilded Age vehicles, tools, and construction materials. Natural camera movement with professional cinematography: smooth dollies, crane shots, tracking movements, aerial perspectives. Realistic physics, authentic material behavior, grounded sense of massive scale and weight. Consistent period-appropriate color grading throughout all scenes.

Set in New York City, East River between Manhattan and Brooklyn, 1869-1883 Gilded Age era. Heavy industrial atmosphere with coal smoke, gas lighting becoming electric, steam-powered machinery, horse-drawn wagons and carriages. Workers wear: wool flat caps, striped cotton work shirts, canvas or leather trousers, heavy leather boots with nails, cotton suspenders, neckerchiefs, heavy wool coats in cold weather. Manual and early mechanical tool era: hand-forged hammers, chisels, steel cable tools, rope and wood pulley systems, steam-powered cranes, early pneumatic riveting hammers, compressed air caissons. No electric power tools, minimal safety equipment (leather gloves, cloth caps), wooden scaffolding with hemp rope, period-accurate Victorian-era materials only.

Urban coastal environment: East River tidal waters with strong currents, heavy fog banks rolling in from harbor, salt spray and maritime humidity, coal smoke from factories and steamships mixing with river mist, seagulls constant, ferry boat traffic, wooden docks and piers, brick warehouses and tenement buildings visible on both shores. Industrial New York sounds: steam whistles, horse hooves on cobblestones, ferry engines, dock work, church bells, train whistles in distance. Weather: fog common especially mornings, rain, snow in winter, occasional clear days revealing full span.

Absolute historical prohibition - exclude ALL anachronisms: Modern safety equipment (reflective vests, fall arrest systems, safety lanyards, modern hard hats with chin straps, safety glasses), digital devices, contemporary vehicles, current-era signage, modern construction techniques (current welding styles, contemporary concrete forms), anachronistic materials (modern plastics, contemporary composites, synthetic fabrics, modern high-strength steel alloys), modern tool designs (battery-powered tools, electric tools before 1880s), LED lighting, plastic materials, contemporary color schemes (high-visibility orange/yellow), modern fasteners, automobiles (horse-drawn only until very late 1880s).

Cool muted color grading: Desaturate to 70% of full color, cool temperature (+200K blue shift toward gray-blue), reduced contrast 15%, gentle highlights rolloff, preserved shadow detail in fog. Primary color bias: Gray-blue (fog, river, steel), cool green-gray (oxidized copper, river algae), muted brick red (buildings, aged materials), charcoal and soot black (coal smoke, industrial grime), weathered brown (wood, leather, rust). Avoid: Warm yellows, saturated reds, vivid greens, pure blacks, bright whites. Film grain: 35mm equivalent, subtle structure, minimal chrominance noise, slightly increased grain in shadow areas matching wet plate photography aesthetic of 1870s.

Close-up of dark river water reflecting orange dawn light, ferry wake cutting through glassy surface creating V-pattern, coal ash and debris floating on water, piece of driftwood bumping against barnacle-covered dock piling."
2,A-ROLL,The Need for Connection - Crowded Ferry,"Ultra-realistic cinematic documentary style. 4K resolution, professional color grading. Muted vintage color palette with soft desaturation, subtle film grain, realistic natural lighting. Historically accurate 1870s-1880s environment, Gilded Age vehicles, tools, and construction materials. Natural camera movement with professional cinematography: smooth dollies, crane shots, tracking movements, aerial perspectives. Realistic physics, authentic material behavior, grounded sense of massive scale and weight. Consistent period-appropriate color grading throughout all scenes.

Set in New York City, East River between Manhattan and Brooklyn, 1869-1883 Gilded Age era. Heavy industrial atmosphere with coal smoke, gas lighting becoming electric, steam-powered machinery, horse-drawn wagons and carriages. Workers wear: wool flat caps, striped cotton work shirts, canvas or leather trousers, heavy leather boots with nails, cotton suspenders, neckerchiefs, heavy wool coats in cold weather. Manual and early mechanical tool era: hand-forged hammers, chisels, steel cable tools, rope and wood pulley systems, steam-powered cranes, early pneumatic riveting hammers, compressed air caissons. No electric power tools, minimal safety equipment (leather gloves, cloth caps), wooden scaffolding with hemp rope, period-accurate Victorian-era materials only.

Urban coastal environment: East River tidal waters with strong currents, heavy fog banks rolling in from harbor, salt spray and maritime humidity, coal smoke from factories and steamships mixing with river mist, seagulls constant, ferry boat traffic, wooden docks and piers, brick warehouses and tenement buildings visible on both shores. Industrial New York sounds: steam whistles, horse hooves on cobblestones, ferry engines, dock work, church bells, train whistles in distance. Weather: fog common especially mornings, rain, snow in winter, occasional clear days revealing full span.

Absolute historical prohibition - exclude ALL anachronisms: Modern safety equipment (reflective vests, fall arrest systems, safety lanyards, modern hard hats with chin straps, safety glasses), digital devices, contemporary vehicles, current-era signage, modern construction techniques (current welding styles, contemporary concrete forms), anachronistic materials (modern plastics, contemporary composites, synthetic fabrics, modern high-strength steel alloys), modern tool designs (battery-powered tools, electric tools before 1880s), LED lighting, plastic materials, contemporary color schemes (high-visibility orange/yellow), modern fasteners, automobiles (horse-drawn only until very late 1880s).

Cool muted color grading: Desaturate to 70% of full color, cool temperature (+200K blue shift toward gray-blue), reduced contrast 15%, gentle highlights rolloff, preserved shadow detail in fog. Primary color bias: Gray-blue (fog, river, steel), cool green-gray (oxidized copper, river algae), muted brick red (buildings, aged materials), charcoal and soot black (coal smoke, industrial grime), weathered brown (wood, leather, rust). Avoid: Warm yellows, saturated reds, vivid greens, pure blacks, bright whites. Film grain: 35mm equivalent, subtle structure, minimal chrominance noise, slightly increased grain in shadow areas matching wet plate photography aesthetic of 1870s.

Medium shot aboard crowded ferry crossing East River. Horse-drawn carriages secured to deck, passengers in Victorian dress (top hats, long coats, bonnets) standing at rail watching opposite shore. Ferry rocks in current, steam engine chugging, pilot house visible. Fog obscures Brooklyn shore. Sense of dangerous, inadequate transport."
2,B-ROLL,The Need for Connection - Rope Detail,"Ultra-realistic cinematic documentary style. 4K resolution, professional color grading. Muted vintage color palette with soft desaturation, subtle film grain, realistic natural lighting. Historically accurate 1870s-1880s environment, Gilded Age vehicles, tools, and construction materials. Natural camera movement with professional cinematography: smooth dollies, crane shots, tracking movements, aerial perspectives. Realistic physics, authentic material behavior, grounded sense of massive scale and weight. Consistent period-appropriate color grading throughout all scenes.

Set in New York City, East River between Manhattan and Brooklyn, 1869-1883 Gilded Age era. Heavy industrial atmosphere with coal smoke, gas lighting becoming electric, steam-powered machinery, horse-drawn wagons and carriages. Workers wear: wool flat caps, striped cotton work shirts, canvas or leather trousers, heavy leather boots with nails, cotton suspenders, neckerchiefs, heavy wool coats in cold weather. Manual and early mechanical tool era: hand-forged hammers, chisels, steel cable tools, rope and wood pulley systems, steam-powered cranes, early pneumatic riveting hammers, compressed air caissons. No electric power tools, minimal safety equipment (leather gloves, cloth caps), wooden scaffolding with hemp rope, period-accurate Victorian-era materials only.

Urban coastal environment: East River tidal waters with strong currents, heavy fog banks rolling in from harbor, salt spray and maritime humidity, coal smoke from factories and steamships mixing with river mist, seagulls constant, ferry boat traffic, wooden docks and piers, brick warehouses and tenement buildings visible on both shores. Industrial New York sounds: steam whistles, horse hooves on cobblestones, ferry engines, dock work, church bells, train whistles in distance. Weather: fog common especially mornings, rain, snow in winter, occasional clear days revealing full span.

Absolute historical prohibition - exclude ALL anachronisms: Modern safety equipment (reflective vests, fall arrest systems, safety lanyards, modern hard hats with chin straps, safety glasses), digital devices, contemporary vehicles, current-era signage, modern construction techniques (current welding styles, contemporary concrete forms), anachronistic materials (modern plastics, contemporary composites, synthetic fabrics, modern high-strength steel alloys), modern tool designs (battery-powered tools, electric tools before 1880s), LED lighting, plastic materials, contemporary color schemes (high-visibility orange/yellow), modern fasteners, automobiles (horse-drawn only until very late 1880s).

Cool muted color grading: Desaturate to 70% of full color, cool temperature (+200K blue shift toward gray-blue), reduced contrast 15%, gentle highlights rolloff, preserved shadow detail in fog. Primary color bias: Gray-blue (fog, river, steel), cool green-gray (oxidized copper, river algae), muted brick red (buildings, aged materials), charcoal and soot black (coal smoke, industrial grime), weathered brown (wood, leather, rust). Avoid: Warm yellows, saturated reds, vivid greens, pure blacks, bright whites. Film grain: 35mm equivalent, subtle structure, minimal chrominance noise, slightly increased grain in shadow areas matching wet plate photography aesthetic of 1870s.

Close-up of thick hemp rope securing carriage wheel to ferry deck, rope fibers wet and fraying, iron cleat under tension, water pooling on wooden deck around rope."
3,A-ROLL,John Roebling Vision - Blueprint Study,"Ultra-realistic cinematic documentary style. 4K resolution, professional color grading. Muted vintage color palette with soft desaturation, subtle film grain, realistic natural lighting. Historically accurate 1870s-1880s environment, Gilded Age vehicles, tools, and construction materials. Natural camera movement with professional cinematography: smooth dollies, crane shots, tracking movements, aerial perspectives. Realistic physics, authentic material behavior, grounded sense of massive scale and weight. Consistent period-appropriate color grading throughout all scenes.

Set in New York City, East River between Manhattan and Brooklyn, 1869-1883 Gilded Age era. Heavy industrial atmosphere with coal smoke, gas lighting becoming electric, steam-powered machinery, horse-drawn wagons and carriages. Workers wear: wool flat caps, striped cotton work shirts, canvas or leather trousers, heavy leather boots with nails, cotton suspenders, neckerchiefs, heavy wool coats in cold weather. Manual and early mechanical tool era: hand-forged hammers, chisels, steel cable tools, rope and wood pulley systems, steam-powered cranes, early pneumatic riveting hammers, compressed air caissons. No electric power tools, minimal safety equipment (leather gloves, cloth caps), wooden scaffolding with hemp rope, period-accurate Victorian-era materials only.

Urban coastal environment: East River tidal waters with strong currents, heavy fog banks rolling in from harbor, salt spray and maritime humidity, coal smoke from factories and steamships mixing with river mist, seagulls constant, ferry boat traffic, wooden docks and piers, brick warehouses and tenement buildings visible on both shores. Industrial New York sounds: steam whistles, horse hooves on cobblestones, ferry engines, dock work, church bells, train whistles in distance. Weather: fog common especially mornings, rain, snow in winter, occasional clear days revealing full span.

Absolute historical prohibition - exclude ALL anachronisms: Modern safety equipment (reflective vests, fall arrest systems, safety lanyards, modern hard hats with chin straps, safety glasses), digital devices, contemporary vehicles, current-era signage, modern construction techniques (current welding styles, contemporary concrete forms), anachronistic materials (modern plastics, contemporary composites, synthetic fabrics, modern high-strength steel alloys), modern tool designs (battery-powered tools, electric tools before 1880s), LED lighting, plastic materials, contemporary color schemes (high-visibility orange/yellow), modern fasteners, automobiles (horse-drawn only until very late 1880s).

Cool muted color grading: Desaturate to 70% of full color, cool temperature (+200K blue shift toward gray-blue), reduced contrast 15%, gentle highlights rolloff, preserved shadow detail in fog. Primary color bias: Gray-blue (fog, river, steel), cool green-gray (oxidized copper, river algae), muted brick red (buildings, aged materials), charcoal and soot black (coal smoke, industrial grime), weathered brown (wood, leather, rust). Avoid: Warm yellows, saturated reds, vivid greens, pure blacks, bright whites. Film grain: 35mm equivalent, subtle structure, minimal chrominance noise, slightly increased grain in shadow areas matching wet plate photography aesthetic of 1870s.

Interior shot in gaslit office, engineers studying large bridge blueprints spread on wooden table. John Roebling (visible from behind, period dress) points to suspension cable designs. Sunlight filtering through tall Victorian windows, dust motes visible. Gothic tower drawings prominent. Coal fireplace burning. Victorian architectural office aesthetic."
3,B-ROLL,John Roebling Vision - Drawing Detail,"Ultra-realistic cinematic documentary style. 4K resolution, professional color grading. Muted vintage color palette with soft desaturation, subtle film grain, realistic natural lighting. Historically accurate 1870s-1880s environment, Gilded Age vehicles, tools, and construction materials. Natural camera movement with professional cinematography: smooth dollies, crane shots, tracking movements, aerial perspectives. Realistic physics, authentic material behavior, grounded sense of massive scale and weight. Consistent period-appropriate color grading throughout all scenes.

Set in New York City, East River between Manhattan and Brooklyn, 1869-1883 Gilded Age era. Heavy industrial atmosphere with coal smoke, gas lighting becoming electric, steam-powered machinery, horse-drawn wagons and carriages. Workers wear: wool flat caps, striped cotton work shirts, canvas or leather trousers, heavy leather boots with nails, cotton suspenders, neckerchiefs, heavy wool coats in cold weather. Manual and early mechanical tool era: hand-forged hammers, chisels, steel cable tools, rope and wood pulley systems, steam-powered cranes, early pneumatic riveting hammers, compressed air caissons. No electric power tools, minimal safety equipment (leather gloves, cloth caps), wooden scaffolding with hemp rope, period-accurate Victorian-era materials only.

Urban coastal environment: East River tidal waters with strong currents, heavy fog banks rolling in from harbor, salt spray and maritime humidity, coal smoke from factories and steamships mixing with river mist, seagulls constant, ferry boat traffic, wooden docks and piers, brick warehouses and tenement buildings visible on both shores. Industrial New York sounds: steam whistles, horse hooves on cobblestones, ferry engines, dock work, church bells, train whistles in distance. Weather: fog common especially mornings, rain, snow in winter, occasional clear days revealing full span.

Absolute historical prohibition - exclude ALL anachronisms: Modern safety equipment (reflective vests, fall arrest systems, safety lanyards, modern hard hats with chin straps, safety glasses), digital devices, contemporary vehicles, current-era signage, modern construction techniques (current welding styles, contemporary concrete forms), anachronistic materials (modern plastics, contemporary composites, synthetic fabrics, modern high-strength steel alloys), modern tool designs (battery-powered tools, electric tools before 1880s), LED lighting, plastic materials, contemporary color schemes (high-visibility orange/yellow), modern fasteners, automobiles (horse-drawn only until very late 1880s).

Cool muted color grading: Desaturate to 70% of full color, cool temperature (+200K blue shift toward gray-blue), reduced contrast 15%, gentle highlights rolloff, preserved shadow detail in fog. Primary color bias: Gray-blue (fog, river, steel), cool green-gray (oxidized copper, river algae), muted brick red (buildings, aged materials), charcoal and soot black (coal smoke, industrial grime), weathered brown (wood, leather, rust). Avoid: Warm yellows, saturated reds, vivid greens, pure blacks, bright whites. Film grain: 35mm equivalent, subtle structure, minimal chrominance noise, slightly increased grain in shadow areas matching wet plate photography aesthetic of 1870s.

Extreme close-up of hand-drawn suspension cable detail on aged engineering paper, ink lines showing cable cross-section, compass marks visible, coffee stain on corner, annotations in period handwriting."
4,A-ROLL,Site Survey - Manhattan Shore,"Ultra-realistic cinematic documentary style. 4K resolution, professional color grading. Muted vintage color palette with soft desaturation, subtle film grain, realistic natural lighting. Historically accurate 1870s-1880s environment, Gilded Age vehicles, tools, and construction materials. Natural camera movement with professional cinematography: smooth dollies, crane shots, tracking movements, aerial perspectives. Realistic physics, authentic material behavior, grounded sense of massive scale and weight. Consistent period-appropriate color grading throughout all scenes.

Set in New York City, East River between Manhattan and Brooklyn, 1869-1883 Gilded Age era. Heavy industrial atmosphere with coal smoke, gas lighting becoming electric, steam-powered machinery, horse-drawn wagons and carriages. Workers wear: wool flat caps, striped cotton work shirts, canvas or leather trousers, heavy leather boots with nails, cotton suspenders, neckerchiefs, heavy wool coats in cold weather. Manual and early mechanical tool era: hand-forged hammers, chisels, steel cable tools, rope and wood pulley systems, steam-powered cranes, early pneumatic riveting hammers, compressed air caissons. No electric power tools, minimal safety equipment (leather gloves, cloth caps), wooden scaffolding with hemp rope, period-accurate Victorian-era materials only.

Urban coastal environment: East River tidal waters with strong currents, heavy fog banks rolling in from harbor, salt spray and maritime humidity, coal smoke from factories and steamships mixing with river mist, seagulls constant, ferry boat traffic, wooden docks and piers, brick warehouses and tenement buildings visible on both shores. Industrial New York sounds: steam whistles, horse hooves on cobblestones, ferry engines, dock work, church bells, train whistles in distance. Weather: fog common especially mornings, rain, snow in winter, occasional clear days revealing full span.

Absolute historical prohibition - exclude ALL anachronisms: Modern safety equipment (reflective vests, fall arrest systems, safety lanyards, modern hard hats with chin straps, safety glasses), digital devices, contemporary vehicles, current-era signage, modern construction techniques (current welding styles, contemporary concrete forms), anachronistic materials (modern plastics, contemporary composites, synthetic fabrics, modern high-strength steel alloys), modern tool designs (battery-powered tools, electric tools before 1880s), LED lighting, plastic materials, contemporary color schemes (high-visibility orange/yellow), modern fasteners, automobiles (horse-drawn only until very late 1880s).

Cool muted color grading: Desaturate to 70% of full color, cool temperature (+200K blue shift toward gray-blue), reduced contrast 15%, gentle highlights rolloff, preserved shadow detail in fog. Primary color bias: Gray-blue (fog, river, steel), cool green-gray (oxidized copper, river algae), muted brick red (buildings, aged materials), charcoal and soot black (coal smoke, industrial grime), weathered brown (wood, leather, rust). Avoid: Warm yellows, saturated reds, vivid greens, pure blacks, bright whites. Film grain: 35mm equivalent, subtle structure, minimal chrominance noise, slightly increased grain in shadow areas matching wet plate photography aesthetic of 1870s.

Wide shot of surveyors with theodolite on Manhattan riverfront, 1869. Workers in wool caps and suspenders measure elevations, wooden piers and brick warehouses behind them. Horse-drawn cart waiting. East River choppy, Brooklyn barely visible through morning haze. Industrial debris scattered on muddy shore."
4,B-ROLL,Site Survey - Theodolite Detail,"Ultra-realistic cinematic documentary style. 4K resolution, professional color grading. Muted vintage color palette with soft desaturation, subtle film grain, realistic natural lighting. Historically accurate 1870s-1880s environment, Gilded Age vehicles, tools, and construction materials. Natural camera movement with professional cinematography: smooth dollies, crane shots, tracking movements, aerial perspectives. Realistic physics, authentic material behavior, grounded sense of massive scale and weight. Consistent period-appropriate color grading throughout all scenes.

Set in New York City, East River between Manhattan and Brooklyn, 1869-1883 Gilded Age era. Heavy industrial atmosphere with coal smoke, gas lighting becoming electric, steam-powered machinery, horse-drawn wagons and carriages. Workers wear: wool flat caps, striped cotton work shirts, canvas or leather trousers, heavy leather boots with nails, cotton suspenders, neckerchiefs, heavy wool coats in cold weather. Manual and early mechanical tool era: hand-forged hammers, chisels, steel cable tools, rope and wood pulley systems, steam-powered cranes, early pneumatic riveting hammers, compressed air caissons. No electric power tools, minimal safety equipment (leather gloves, cloth caps), wooden scaffolding with hemp rope, period-accurate Victorian-era materials only.

Urban coastal environment: East River tidal waters with strong currents, heavy fog banks rolling in from harbor, salt spray and maritime humidity, coal smoke from factories and steamships mixing with river mist, seagulls constant, ferry boat traffic, wooden docks and piers, brick warehouses and tenement buildings visible on both shores. Industrial New York sounds: steam whistles, horse hooves on cobblestones, ferry engines, dock work, church bells, train whistles in distance. Weather: fog common especially mornings, rain, snow in winter, occasional clear days revealing full span.

Absolute historical prohibition - exclude ALL anachronisms: Modern safety equipment (reflective vests, fall arrest systems, safety lanyards, modern hard hats with chin straps, safety glasses), digital devices, contemporary vehicles, current-era signage, modern construction techniques (current welding styles, contemporary concrete forms), anachronistic materials (modern plastics, contemporary composites, synthetic fabrics, modern high-strength steel alloys), modern tool designs (battery-powered tools, electric tools before 1880s), LED lighting, plastic materials, contemporary color schemes (high-visibility orange/yellow), modern fasteners, automobiles (horse-drawn only until very late 1880s).

Cool muted color grading: Desaturate to 70% of full color, cool temperature (+200K blue shift toward gray-blue), reduced contrast 15%, gentle highlights rolloff, preserved shadow detail in fog. Primary color bias: Gray-blue (fog, river, steel), cool green-gray (oxidized copper, river algae), muted brick red (buildings, aged materials), charcoal and soot black (coal smoke, industrial grime), weathered brown (wood, leather, rust). Avoid: Warm yellows, saturated reds, vivid greens, pure blacks, bright whites. Film grain: 35mm equivalent, subtle structure, minimal chrominance noise, slightly increased grain in shadow areas matching wet plate photography aesthetic of 1870s.

Close-up of brass theodolite instrument, surveyor gloved hands adjusting focusing knob, polished brass catching weak sunlight, leather case open beside instrument showing velvet lining."
5,A-ROLL,Caisson Construction Begins - Massive Timber Box,"Ultra-realistic cinematic documentary style. 4K resolution, professional color grading. Muted vintage color palette with soft desaturation, subtle film grain, realistic natural lighting. Historically accurate 1870s-1880s environment, Gilded Age vehicles, tools, and construction materials. Natural camera movement with professional cinematography: smooth dollies, crane shots, tracking movements, aerial perspectives. Realistic physics, authentic material behavior, grounded sense of massive scale and weight. Consistent period-appropriate color grading throughout all scenes.

Set in New York City, East River between Manhattan and Brooklyn, 1869-1883 Gilded Age era. Heavy industrial atmosphere with coal smoke, gas lighting becoming electric, steam-powered machinery, horse-drawn wagons and carriages. Workers wear: wool flat caps, striped cotton work shirts, canvas or leather trousers, heavy leather boots with nails, cotton suspenders, neckerchiefs, heavy wool coats in cold weather. Manual and early mechanical tool era: hand-forged hammers, chisels, steel cable tools, rope and wood pulley systems, steam-powered cranes, early pneumatic riveting hammers, compressed air caissons. No electric power tools, minimal safety equipment (leather gloves, cloth caps), wooden scaffolding with hemp rope, period-accurate Victorian-era materials only.

Urban coastal environment: East River tidal waters with strong currents, heavy fog banks rolling in from harbor, salt spray and maritime humidity, coal smoke from factories and steamships mixing with river mist, seagulls constant, ferry boat traffic, wooden docks and piers, brick warehouses and tenement buildings visible on both shores. Industrial New York sounds: steam whistles, horse hooves on cobblestones, ferry engines, dock work, church bells, train whistles in distance. Weather: fog common especially mornings, rain, snow in winter, occasional clear days revealing full span.

Absolute historical prohibition - exclude ALL anachronisms: Modern safety equipment (reflective vests, fall arrest systems, safety lanyards, modern hard hats with chin straps, safety glasses), digital devices, contemporary vehicles, current-era signage, modern construction techniques (current welding styles, contemporary concrete forms), anachronistic materials (modern plastics, contemporary composites, synthetic fabrics, modern high-strength steel alloys), modern tool designs (battery-powered tools, electric tools before 1880s), LED lighting, plastic materials, contemporary color schemes (high-visibility orange/yellow), modern fasteners, automobiles (horse-drawn only until very late 1880s).

Cool muted color grading: Desaturate to 70% of full color, cool temperature (+200K blue shift toward gray-blue), reduced contrast 15%, gentle highlights rolloff, preserved shadow detail in fog. Primary color bias: Gray-blue (fog, river, steel), cool green-gray (oxidized copper, river algae), muted brick red (buildings, aged materials), charcoal and soot black (coal smoke, industrial grime), weathered brown (wood, leather, rust). Avoid: Warm yellows, saturated reds, vivid greens, pure blacks, bright whites. Film grain: 35mm equivalent, subtle structure, minimal chrominance noise, slightly increased grain in shadow areas matching wet plate photography aesthetic of 1870s.

Ground-level tracking shot of enormous timber caisson being constructed on Brooklyn shore. Massive wooden structure (168 feet long, 102 feet wide) rising from muddy construction yard. Workers swarming structure, hammering massive timbers into place. Steam-powered saw cutting huge beams. Scale emphasized: workers tiny against caisson walls. Victorian construction chaos."
5,B-ROLL,Caisson Construction Begins - Timber Joint,"Ultra-realistic cinematic documentary style. 4K resolution, professional color grading. Muted vintage color palette with soft desaturation, subtle film grain, realistic natural lighting. Historically accurate 1870s-1880s environment, Gilded Age vehicles, tools, and construction materials. Natural camera movement with professional cinematography: smooth dollies, crane shots, tracking movements, aerial perspectives. Realistic physics, authentic material behavior, grounded sense of massive scale and weight. Consistent period-appropriate color grading throughout all scenes.

Set in New York City, East River between Manhattan and Brooklyn, 1869-1883 Gilded Age era. Heavy industrial atmosphere with coal smoke, gas lighting becoming electric, steam-powered machinery, horse-drawn wagons and carriages. Workers wear: wool flat caps, striped cotton work shirts, canvas or leather trousers, heavy leather boots with nails, cotton suspenders, neckerchiefs, heavy wool coats in cold weather. Manual and early mechanical tool era: hand-forged hammers, chisels, steel cable tools, rope and wood pulley systems, steam-powered cranes, early pneumatic riveting hammers, compressed air caissons. No electric power tools, minimal safety equipment (leather gloves, cloth caps), wooden scaffolding with hemp rope, period-accurate Victorian-era materials only.

Urban coastal environment: East River tidal waters with strong currents, heavy fog banks rolling in from harbor, salt spray and maritime humidity, coal smoke from factories and steamships mixing with river mist, seagulls constant, ferry boat traffic, wooden docks and piers, brick warehouses and tenement buildings visible on both shores. Industrial New York sounds: steam whistles, horse hooves on cobblestones, ferry engines, dock work, church bells, train whistles in distance. Weather: fog common especially mornings, rain, snow in winter, occasional clear days revealing full span.

Absolute historical prohibition - exclude ALL anachronisms: Modern safety equipment (reflective vests, fall arrest systems, safety lanyards, modern hard hats with chin straps, safety glasses), digital devices, contemporary vehicles, current-era signage, modern construction techniques (current welding styles, contemporary concrete forms), anachronistic materials (modern plastics, contemporary composites, synthetic fabrics, modern high-strength steel alloys), modern tool designs (battery-powered tools, electric tools before 1880s), LED lighting, plastic materials, contemporary color schemes (high-visibility orange/yellow), modern fasteners, automobiles (horse-drawn only until very late 1880s).

Cool muted color grading: Desaturate to 70% of full color, cool temperature (+200K blue shift toward gray-blue), reduced contrast 15%, gentle highlights rolloff, preserved shadow detail in fog. Primary color bias: Gray-blue (fog, river, steel), cool green-gray (oxidized copper, river algae), muted brick red (buildings, aged materials), charcoal and soot black (coal smoke, industrial grime), weathered brown (wood, leather, rust). Avoid: Warm yellows, saturated reds, vivid greens, pure blacks, bright whites. Film grain: 35mm equivalent, subtle structure, minimal chrominance noise, slightly increased grain in shadow areas matching wet plate photography aesthetic of 1870s.

Close-up of workers fitting massive timber joint, wooden pegs being hammered into pre-drilled holes, wood shavings on ground, adze marks visible on timber surface, iron strap being positioned."
6,A-ROLL,Caisson Launched - Brooklyn Side,"Ultra-realistic cinematic documentary style. 4K resolution, professional color grading. Muted vintage color palette with soft desaturation, subtle film grain, realistic natural lighting. Historically accurate 1870s-1880s environment, Gilded Age vehicles, tools, and construction materials. Natural camera movement with professional cinematography: smooth dollies, crane shots, tracking movements, aerial perspectives. Realistic physics, authentic material behavior, grounded sense of massive scale and weight. Consistent period-appropriate color grading throughout all scenes.

Set in New York City, East River between Manhattan and Brooklyn, 1869-1883 Gilded Age era. Heavy industrial atmosphere with coal smoke, gas lighting becoming electric, steam-powered machinery, horse-drawn wagons and carriages. Workers wear: wool flat caps, striped cotton work shirts, canvas or leather trousers, heavy leather boots with nails, cotton suspenders, neckerchiefs, heavy wool coats in cold weather. Manual and early mechanical tool era: hand-forged hammers, chisels, steel cable tools, rope and wood pulley systems, steam-powered cranes, early pneumatic riveting hammers, compressed air caissons. No electric power tools, minimal safety equipment (leather gloves, cloth caps), wooden scaffolding with hemp rope, period-accurate Victorian-era materials only.

Urban coastal environment: East River tidal waters with strong currents, heavy fog banks rolling in from harbor, salt spray and maritime humidity, coal smoke from factories and steamships mixing with river mist, seagulls constant, ferry boat traffic, wooden docks and piers, brick warehouses and tenement buildings visible on both shores. Industrial New York sounds: steam whistles, horse hooves on cobblestones, ferry engines, dock work, church bells, train whistles in distance. Weather: fog common especially mornings, rain, snow in winter, occasional clear days revealing full span.

Absolute historical prohibition - exclude ALL anachronisms: Modern safety equipment (reflective vests, fall arrest systems, safety lanyards, modern hard hats with chin straps, safety glasses), digital devices, contemporary vehicles, current-era signage, modern construction techniques (current welding styles, contemporary concrete forms), anachronistic materials (modern plastics, contemporary composites, synthetic fabrics, modern high-strength steel alloys), modern tool designs (battery-powered tools, electric tools before 1880s), LED lighting, plastic materials, contemporary color schemes (high-visibility orange/yellow), modern fasteners, automobiles (horse-drawn only until very late 1880s).

Cool muted color grading: Desaturate to 70% of full color, cool temperature (+200K blue shift toward gray-blue), reduced contrast 15%, gentle highlights rolloff, preserved shadow detail in fog. Primary color bias: Gray-blue (fog, river, steel), cool green-gray (oxidized copper, river algae), muted brick red (buildings, aged materials), charcoal and soot black (coal smoke, industrial grime), weathered brown (wood, leather, rust). Avoid: Warm yellows, saturated reds, vivid greens, pure blacks, bright whites. Film grain: 35mm equivalent, subtle structure, minimal chrominance noise, slightly increased grain in shadow areas matching wet plate photography aesthetic of 1870s.

Dramatic wide shot of completed Brooklyn caisson being launched into East River. Massive timber structure slides down wooden launching ways, creating enormous splash and waves. Crowd gathered, steam tugs waiting to position caisson. Historic moment captured: structure larger than most ships of era entering water. Victorian onlookers in period dress watching."
6,B-ROLL,Caisson Launched - Water Displacement,"Ultra-realistic cinematic documentary style. 4K resolution, professional color grading. Muted vintage color palette with soft desaturation, subtle film grain, realistic natural lighting. Historically accurate 1870s-1880s environment, Gilded Age vehicles, tools, and construction materials. Natural camera movement with professional cinematography: smooth dollies, crane shots, tracking movements, aerial perspectives. Realistic physics, authentic material behavior, grounded sense of massive scale and weight. Consistent period-appropriate color grading throughout all scenes.

Set in New York City, East River between Manhattan and Brooklyn, 1869-1883 Gilded Age era. Heavy industrial atmosphere with coal smoke, gas lighting becoming electric, steam-powered machinery, horse-drawn wagons and carriages. Workers wear: wool flat caps, striped cotton work shirts, canvas or leather trousers, heavy leather boots with nails, cotton suspenders, neckerchiefs, heavy wool coats in cold weather. Manual and early mechanical tool era: hand-forged hammers, chisels, steel cable tools, rope and wood pulley systems, steam-powered cranes, early pneumatic riveting hammers, compressed air caissons. No electric power tools, minimal safety equipment (leather gloves, cloth caps), wooden scaffolding with hemp rope, period-accurate Victorian-era materials only.

Urban coastal environment: East River tidal waters with strong currents, heavy fog banks rolling in from harbor, salt spray and maritime humidity, coal smoke from factories and steamships mixing with river mist, seagulls constant, ferry boat traffic, wooden docks and piers, brick warehouses and tenement buildings visible on both shores. Industrial New York sounds: steam whistles, horse hooves on cobblestones, ferry engines, dock work, church bells, train whistles in distance. Weather: fog common especially mornings, rain, snow in winter, occasional clear days revealing full span.

Absolute historical prohibition - exclude ALL anachronisms: Modern safety equipment (reflective vests, fall arrest systems, safety lanyards, modern hard hats with chin straps, safety glasses), digital devices, contemporary vehicles, current-era signage, modern construction techniques (current welding styles, contemporary concrete forms), anachronistic materials (modern plastics, contemporary composites, synthetic fabrics, modern high-strength steel alloys), modern tool designs (battery-powered tools, electric tools before 1880s), LED lighting, plastic materials, contemporary color schemes (high-visibility orange/yellow), modern fasteners, automobiles (horse-drawn only until very late 1880s).

Cool muted color grading: Desaturate to 70% of full color, cool temperature (+200K blue shift toward gray-blue), reduced contrast 15%, gentle highlights rolloff, preserved shadow detail in fog. Primary color bias: Gray-blue (fog, river, steel), cool green-gray (oxidized copper, river algae), muted brick red (buildings, aged materials), charcoal and soot black (coal smoke, industrial grime), weathered brown (wood, leather, rust). Avoid: Warm yellows, saturated reds, vivid greens, pure blacks, bright whites. Film grain: 35mm equivalent, subtle structure, minimal chrominance noise, slightly increased grain in shadow areas matching wet plate photography aesthetic of 1870s.

Close-up of water surging around caisson base as it enters river, massive displacement creating whirlpools and foam, wooden hull surface dripping, barnacles already beginning to attach to submerged portions."
7,A-ROLL,Caisson Towed to Position - River Transport,"Ultra-realistic cinematic documentary style. 4K resolution, professional color grading. Muted vintage color palette with soft desaturation, subtle film grain, realistic natural lighting. Historically accurate 1870s-1880s environment, Gilded Age vehicles, tools, and construction materials. Natural camera movement with professional cinematography: smooth dollies, crane shots, tracking movements, aerial perspectives. Realistic physics, authentic material behavior, grounded sense of massive scale and weight. Consistent period-appropriate color grading throughout all scenes.

Set in New York City, East River between Manhattan and Brooklyn, 1869-1883 Gilded Age era. Heavy industrial atmosphere with coal smoke, gas lighting becoming electric, steam-powered machinery, horse-drawn wagons and carriages. Workers wear: wool flat caps, striped cotton work shirts, canvas or leather trousers, heavy leather boots with nails, cotton suspenders, neckerchiefs, heavy wool coats in cold weather. Manual and early mechanical tool era: hand-forged hammers, chisels, steel cable tools, rope and wood pulley systems, steam-powered cranes, early pneumatic riveting hammers, compressed air caissons. No electric power tools, minimal safety equipment (leather gloves, cloth caps), wooden scaffolding with hemp rope, period-accurate Victorian-era materials only.

Urban coastal environment: East River tidal waters with strong currents, heavy fog banks rolling in from harbor, salt spray and maritime humidity, coal smoke from factories and steamships mixing with river mist, seagulls constant, ferry boat traffic, wooden docks and piers, brick warehouses and tenement buildings visible on both shores. Industrial New York sounds: steam whistles, horse hooves on cobblestones, ferry engines, dock work, church bells, train whistles in distance. Weather: fog common especially mornings, rain, snow in winter, occasional clear days revealing full span.

Absolute historical prohibition - exclude ALL anachronisms: Modern safety equipment (reflective vests, fall arrest systems, safety lanyards, modern hard hats with chin straps, safety glasses), digital devices, contemporary vehicles, current-era signage, modern construction techniques (current welding styles, contemporary concrete forms), anachronistic materials (modern plastics, contemporary composites, synthetic fabrics, modern high-strength steel alloys), modern tool designs (battery-powered tools, electric tools before 1880s), LED lighting, plastic materials, contemporary color schemes (high-visibility orange/yellow), modern fasteners, automobiles (horse-drawn only until very late 1880s).

Cool muted color grading: Desaturate to 70% of full color, cool temperature (+200K blue shift toward gray-blue), reduced contrast 15%, gentle highlights rolloff, preserved shadow detail in fog. Primary color bias: Gray-blue (fog, river, steel), cool green-gray (oxidized copper, river algae), muted brick red (buildings, aged materials), charcoal and soot black (coal smoke, industrial grime), weathered brown (wood, leather, rust). Avoid: Warm yellows, saturated reds, vivid greens, pure blacks, bright whites. Film grain: 35mm equivalent, subtle structure, minimal chrominance noise, slightly increased grain in shadow areas matching wet plate photography aesthetic of 1870s.

Cinematic tracking shot following steam tugs towing massive caisson across East River to exact position. Multiple tugs pulling with thick ropes, smoke from stacks, caisson riding low in water. Ferry traffic parting to allow passage. Brooklyn shore in background, Manhattan approaching. Scale of engineering visible: this floating foundation will support Gothic tower."
7,B-ROLL,Caisson Towed to Position - Tow Rope Tension,"Ultra-realistic cinematic documentary style. 4K resolution, professional color grading. Muted vintage color palette with soft desaturation, subtle film grain, realistic natural lighting. Historically accurate 1870s-1880s environment, Gilded Age vehicles, tools, and construction materials. Natural camera movement with professional cinematography: smooth dollies, crane shots, tracking movements, aerial perspectives. Realistic physics, authentic material behavior, grounded sense of massive scale and weight. Consistent period-appropriate color grading throughout all scenes.

Set in New York City, East River between Manhattan and Brooklyn, 1869-1883 Gilded Age era. Heavy industrial atmosphere with coal smoke, gas lighting becoming electric, steam-powered machinery, horse-drawn wagons and carriages. Workers wear: wool flat caps, striped cotton work shirts, canvas or leather trousers, heavy leather boots with nails, cotton suspenders, neckerchiefs, heavy wool coats in cold weather. Manual and early mechanical tool era: hand-forged hammers, chisels, steel cable tools, rope and wood pulley systems, steam-powered cranes, early pneumatic riveting hammers, compressed air caissons. No electric power tools, minimal safety equipment (leather gloves, cloth caps), wooden scaffolding with hemp rope, period-accurate Victorian-era materials only.

Urban coastal environment: East River tidal waters with strong currents, heavy fog banks rolling in from harbor, salt spray and maritime humidity, coal smoke from factories and steamships mixing with river mist, seagulls constant, ferry boat traffic, wooden docks and piers, brick warehouses and tenement buildings visible on both shores. Industrial New York sounds: steam whistles, horse hooves on cobblestones, ferry engines, dock work, church bells, train whistles in distance. Weather: fog common especially mornings, rain, snow in winter, occasional clear days revealing full span.

Absolute historical prohibition - exclude ALL anachronisms: Modern safety equipment (reflective vests, fall arrest systems, safety lanyards, modern hard hats with chin straps, safety glasses), digital devices, contemporary vehicles, current-era signage, modern construction techniques (current welding styles, contemporary concrete forms), anachronistic materials (modern plastics, contemporary composites, synthetic fabrics, modern high-strength steel alloys), modern tool designs (battery-powered tools, electric tools before 1880s), LED lighting, plastic materials, contemporary color schemes (high-visibility orange/yellow), modern fasteners, automobiles (horse-drawn only until very late 1880s).

Cool muted color grading: Desaturate to 70% of full color, cool temperature (+200K blue shift toward gray-blue), reduced contrast 15%, gentle highlights rolloff, preserved shadow detail in fog. Primary color bias: Gray-blue (fog, river, steel), cool green-gray (oxidized copper, river algae), muted brick red (buildings, aged materials), charcoal and soot black (coal smoke, industrial grime), weathered brown (wood, leather, rust). Avoid: Warm yellows, saturated reds, vivid greens, pure blacks, bright whites. Film grain: 35mm equivalent, subtle structure, minimal chrominance noise, slightly increased grain in shadow areas matching wet plate photography aesthetic of 1870s.

Extreme close-up of thick manila rope under extreme tension pulling caisson, rope fibers stretched tight, water dripping from rope, steam tug iron cleat bending slightly under load, rope smoking from friction."
8,A-ROLL,Workers Enter Caisson - First Descent,"Ultra-realistic cinematic documentary style. 4K resolution, professional color grading. Muted vintage color palette with soft desaturation, subtle film grain, realistic natural lighting. Historically accurate 1870s-1880s environment, Gilded Age vehicles, tools, and construction materials. Natural camera movement with professional cinematography: smooth dollies, crane shots, tracking movements, aerial perspectives. Realistic physics, authentic material behavior, grounded sense of massive scale and weight. Consistent period-appropriate color grading throughout all scenes.

Set in New York City, East River between Manhattan and Brooklyn, 1869-1883 Gilded Age era. Heavy industrial atmosphere with coal smoke, gas lighting becoming electric, steam-powered machinery, horse-drawn wagons and carriages. Workers wear: wool flat caps, striped cotton work shirts, canvas or leather trousers, heavy leather boots with nails, cotton suspenders, neckerchiefs, heavy wool coats in cold weather. Manual and early mechanical tool era: hand-forged hammers, chisels, steel cable tools, rope and wood pulley systems, steam-powered cranes, early pneumatic riveting hammers, compressed air caissons. No electric power tools, minimal safety equipment (leather gloves, cloth caps), wooden scaffolding with hemp rope, period-accurate Victorian-era materials only.

Urban coastal environment: East River tidal waters with strong currents, heavy fog banks rolling in from harbor, salt spray and maritime humidity, coal smoke from factories and steamships mixing with river mist, seagulls constant, ferry boat traffic, wooden docks and piers, brick warehouses and tenement buildings visible on both shores. Industrial New York sounds: steam whistles, horse hooves on cobblestones, ferry engines, dock work, church bells, train whistles in distance. Weather: fog common especially mornings, rain, snow in winter, occasional clear days revealing full span.

Absolute historical prohibition - exclude ALL anachronisms: Modern safety equipment (reflective vests, fall arrest systems, safety lanyards, modern hard hats with chin straps, safety glasses), digital devices, contemporary vehicles, current-era signage, modern construction techniques (current welding styles, contemporary concrete forms), anachronistic materials (modern plastics, contemporary composites, synthetic fabrics, modern high-strength steel alloys), modern tool designs (battery-powered tools, electric tools before 1880s), LED lighting, plastic materials, contemporary color schemes (high-visibility orange/yellow), modern fasteners, automobiles (horse-drawn only until very late 1880s).

Cool muted color grading: Desaturate to 70% of full color, cool temperature (+200K blue shift toward gray-blue), reduced contrast 15%, gentle highlights rolloff, preserved shadow detail in fog. Primary color bias: Gray-blue (fog, river, steel), cool green-gray (oxidized copper, river algae), muted brick red (buildings, aged materials), charcoal and soot black (coal smoke, industrial grime), weathered brown (wood, leather, rust). Avoid: Warm yellows, saturated reds, vivid greens, pure blacks, bright whites. Film grain: 35mm equivalent, subtle structure, minimal chrominance noise, slightly increased grain in shadow areas matching wet plate photography aesthetic of 1870s.

Medium interior shot as workers descend ladder into caisson pressurized working chamber for first time. Compressed air makes movements seem effortless but disorienting. Candlelight flickers (compressed air burns candles differently). Workers in wool caps and striped shirts look apprehensive. Mud and water already seeping through caisson bottom. Cramped, dangerous workspace visible."
8,B-ROLL,Workers Enter Caisson - Candle in Compressed Air,"Ultra-realistic cinematic documentary style. 4K resolution, professional color grading. Muted vintage color palette with soft desaturation, subtle film grain, realistic natural lighting. Historically accurate 1870s-1880s environment, Gilded Age vehicles, tools, and construction materials. Natural camera movement with professional cinematography: smooth dollies, crane shots, tracking movements, aerial perspectives. Realistic physics, authentic material behavior, grounded sense of massive scale and weight. Consistent period-appropriate color grading throughout all scenes.

Set in New York City, East River between Manhattan and Brooklyn, 1869-1883 Gilded Age era. Heavy industrial atmosphere with coal smoke, gas lighting becoming electric, steam-powered machinery, horse-drawn wagons and carriages. Workers wear: wool flat caps, striped cotton work shirts, canvas or leather trousers, heavy leather boots with nails, cotton suspenders, neckerchiefs, heavy wool coats in cold weather. Manual and early mechanical tool era: hand-forged hammers, chisels, steel cable tools, rope and wood pulley systems, steam-powered cranes, early pneumatic riveting hammers, compressed air caissons. No electric power tools, minimal safety equipment (leather gloves, cloth caps), wooden scaffolding with hemp rope, period-accurate Victorian-era materials only.

Urban coastal environment: East River tidal waters with strong currents, heavy fog banks rolling in from harbor, salt spray and maritime humidity, coal smoke from factories and steamships mixing with river mist, seagulls constant, ferry boat traffic, wooden docks and piers, brick warehouses and tenement buildings visible on both shores. Industrial New York sounds: steam whistles, horse hooves on cobblestones, ferry engines, dock work, church bells, train whistles in distance. Weather: fog common especially mornings, rain, snow in winter, occasional clear days revealing full span.

Absolute historical prohibition - exclude ALL anachronisms: Modern safety equipment (reflective vests, fall arrest systems, safety lanyards, modern hard hats with chin straps, safety glasses), digital devices, contemporary vehicles, current-era signage, modern construction techniques (current welding styles, contemporary concrete forms), anachronistic materials (modern plastics, contemporary composites, synthetic fabrics, modern high-strength steel alloys), modern tool designs (battery-powered tools, electric tools before 1880s), LED lighting, plastic materials, contemporary color schemes (high-visibility orange/yellow), modern fasteners, automobiles (horse-drawn only until very late 1880s).

Cool muted color grading: Desaturate to 70% of full color, cool temperature (+200K blue shift toward gray-blue), reduced contrast 15%, gentle highlights rolloff, preserved shadow detail in fog. Primary color bias: Gray-blue (fog, river, steel), cool green-gray (oxidized copper, river algae), muted brick red (buildings, aged materials), charcoal and soot black (coal smoke, industrial grime), weathered brown (wood, leather, rust). Avoid: Warm yellows, saturated reds, vivid greens, pure blacks, bright whites. Film grain: 35mm equivalent, subtle structure, minimal chrominance noise, slightly increased grain in shadow areas matching wet plate photography aesthetic of 1870s.

Close-up of candle flame in compressed air environment, flame burning with unusual blue tinge and shape, wax melting rapidly, worker muddy gloved hand shielding flame from air currents and water drips from ceiling."
9,A-ROLL,Digging in Caisson - Underwater Excavation,"Ultra-realistic cinematic documentary style. 4K resolution, professional color grading. Muted vintage color palette with soft desaturation, subtle film grain, realistic natural lighting. Historically accurate 1870s-1880s environment, Gilded Age vehicles, tools, and construction materials. Natural camera movement with professional cinematography: smooth dollies, crane shots, tracking movements, aerial perspectives. Realistic physics, authentic material behavior, grounded sense of massive scale and weight. Consistent period-appropriate color grading throughout all scenes.

Set in New York City, East River between Manhattan and Brooklyn, 1869-1883 Gilded Age era. Heavy industrial atmosphere with coal smoke, gas lighting becoming electric, steam-powered machinery, horse-drawn wagons and carriages. Workers wear: wool flat caps, striped cotton work shirts, canvas or leather trousers, heavy leather boots with nails, cotton suspenders, neckerchiefs, heavy wool coats in cold weather. Manual and early mechanical tool era: hand-forged hammers, chisels, steel cable tools, rope and wood pulley systems, steam-powered cranes, early pneumatic riveting hammers, compressed air caissons. No electric power tools, minimal safety equipment (leather gloves, cloth caps), wooden scaffolding with hemp rope, period-accurate Victorian-era materials only.

Urban coastal environment: East River tidal waters with strong currents, heavy fog banks rolling in from harbor, salt spray and maritime humidity, coal smoke from factories and steamships mixing with river mist, seagulls constant, ferry boat traffic, wooden docks and piers, brick warehouses and tenement buildings visible on both shores. Industrial New York sounds: steam whistles, horse hooves on cobblestones, ferry engines, dock work, church bells, train whistles in distance. Weather: fog common especially mornings, rain, snow in winter, occasional clear days revealing full span.

Absolute historical prohibition - exclude ALL anachronisms: Modern safety equipment (reflective vests, fall arrest systems, safety lanyards, modern hard hats with chin straps, safety glasses), digital devices, contemporary vehicles, current-era signage, modern construction techniques (current welding styles, contemporary concrete forms), anachronistic materials (modern plastics, contemporary composites, synthetic fabrics, modern high-strength steel alloys), modern tool designs (battery-powered tools, electric tools before 1880s), LED lighting, plastic materials, contemporary color schemes (high-visibility orange/yellow), modern fasteners, automobiles (horse-drawn only until very late 1880s).

Cool muted color grading: Desaturate to 70% of full color, cool temperature (+200K blue shift toward gray-blue), reduced contrast 15%, gentle highlights rolloff, preserved shadow detail in fog. Primary color bias: Gray-blue (fog, river, steel), cool green-gray (oxidized copper, river algae), muted brick red (buildings, aged materials), charcoal and soot black (coal smoke, industrial grime), weathered brown (wood, leather, rust). Avoid: Warm yellows, saturated reds, vivid greens, pure blacks, bright whites. Film grain: 35mm equivalent, subtle structure, minimal chrominance noise, slightly increased grain in shadow areas matching wet plate photography aesthetic of 1870s.

Dramatic interior tracking shot inside pressurized caisson working chamber. Workers dig mud and river bottom sediment in compressed air (70 PSI), movements surreal in high pressure. Mud removed in buckets winched up through airlocks. Water constantly seeping through cracks. Candlelight illuminating cramped space. Claustrophobic framing emphasizes extreme danger. Men faces show strain, breathing labored."
9,B-ROLL,Digging in Caisson - Mud Bucket,"Ultra-realistic cinematic documentary style. 4K resolution, professional color grading. Muted vintage color palette with soft desaturation, subtle film grain, realistic natural lighting. Historically accurate 1870s-1880s environment, Gilded Age vehicles, tools, and construction materials. Natural camera movement with professional cinematography: smooth dollies, crane shots, tracking movements, aerial perspectives. Realistic physics, authentic material behavior, grounded sense of massive scale and weight. Consistent period-appropriate color grading throughout all scenes.

Set in New York City, East River between Manhattan and Brooklyn, 1869-1883 Gilded Age era. Heavy industrial atmosphere with coal smoke, gas lighting becoming electric, steam-powered machinery, horse-drawn wagons and carriages. Workers wear: wool flat caps, striped cotton work shirts, canvas or leather trousers, heavy leather boots with nails, cotton suspenders, neckerchiefs, heavy wool coats in cold weather. Manual and early mechanical tool era: hand-forged hammers, chisels, steel cable tools, rope and wood pulley systems, steam-powered cranes, early pneumatic riveting hammers, compressed air caissons. No electric power tools, minimal safety equipment (leather gloves, cloth caps), wooden scaffolding with hemp rope, period-accurate Victorian-era materials only.

Urban coastal environment: East River tidal waters with strong currents, heavy fog banks rolling in from harbor, salt spray and maritime humidity, coal smoke from factories and steamships mixing with river mist, seagulls constant, ferry boat traffic, wooden docks and piers, brick warehouses and tenement buildings visible on both shores. Industrial New York sounds: steam whistles, horse hooves on cobblestones, ferry engines, dock work, church bells, train whistles in distance. Weather: fog common especially mornings, rain, snow in winter, occasional clear days revealing full span.

Absolute historical prohibition - exclude ALL anachronisms: Modern safety equipment (reflective vests, fall arrest systems, safety lanyards, modern hard hats with chin straps, safety glasses), digital devices, contemporary vehicles, current-era signage, modern construction techniques (current welding styles, contemporary concrete forms), anachronistic materials (modern plastics, contemporary composites, synthetic fabrics, modern high-strength steel alloys), modern tool designs (battery-powered tools, electric tools before 1880s), LED lighting, plastic materials, contemporary color schemes (high-visibility orange/yellow), modern fasteners, automobiles (horse-drawn only until very late 1880s).

Cool muted color grading: Desaturate to 70% of full color, cool temperature (+200K blue shift toward gray-blue), reduced contrast 15%, gentle highlights rolloff, preserved shadow detail in fog. Primary color bias: Gray-blue (fog, river, steel), cool green-gray (oxidized copper, river algae), muted brick red (buildings, aged materials), charcoal and soot black (coal smoke, industrial grime), weathered brown (wood, leather, rust). Avoid: Warm yellows, saturated reds, vivid greens, pure blacks, bright whites. Film grain: 35mm equivalent, subtle structure, minimal chrominance noise, slightly increased grain in shadow areas matching wet plate photography aesthetic of 1870s.

Close-up of bucket being filled with river mud, shovel biting into wet sediment, rocks and shells mixed in mud, bucket chain rattling as it prepared for winch, worker boots ankle-deep in water."
10,A-ROLL,Caisson Disease Strikes - Worker Collapse,"Ultra-realistic cinematic documentary style. 4K resolution, professional color grading. Muted vintage color palette with soft desaturation, subtle film grain, realistic natural lighting. Historically accurate 1870s-1880s environment, Gilded Age vehicles, tools, and construction materials. Natural camera movement with professional cinematography: smooth dollies, crane shots, tracking movements, aerial perspectives. Realistic physics, authentic material behavior, grounded sense of massive scale and weight. Consistent period-appropriate color grading throughout all scenes.

Set in New York City, East River between Manhattan and Brooklyn, 1869-1883 Gilded Age era. Heavy industrial atmosphere with coal smoke, gas lighting becoming electric, steam-powered machinery, horse-drawn wagons and carriages. Workers wear: wool flat caps, striped cotton work shirts, canvas or leather trousers, heavy leather boots with nails, cotton suspenders, neckerchiefs, heavy wool coats in cold weather. Manual and early mechanical tool era: hand-forged hammers, chisels, steel cable tools, rope and wood pulley systems, steam-powered cranes, early pneumatic riveting hammers, compressed air caissons. No electric power tools, minimal safety equipment (leather gloves, cloth caps), wooden scaffolding with hemp rope, period-accurate Victorian-era materials only.

Urban coastal environment: East River tidal waters with strong currents, heavy fog banks rolling in from harbor, salt spray and maritime humidity, coal smoke from factories and steamships mixing with river mist, seagulls constant, ferry boat traffic, wooden docks and piers, brick warehouses and tenement buildings visible on both shores. Industrial New York sounds: steam whistles, horse hooves on cobblestones, ferry engines, dock work, church bells, train whistles in distance. Weather: fog common especially mornings, rain, snow in winter, occasional clear days revealing full span.

Absolute historical prohibition - exclude ALL anachronisms: Modern safety equipment (reflective vests, fall arrest systems, safety lanyards, modern hard hats with chin straps, safety glasses), digital devices, contemporary vehicles, current-era signage, modern construction techniques (current welding styles, contemporary concrete forms), anachronistic materials (modern plastics, contemporary composites, synthetic fabrics, modern high-strength steel alloys), modern tool designs (battery-powered tools, electric tools before 1880s), LED lighting, plastic materials, contemporary color schemes (high-visibility orange/yellow), modern fasteners, automobiles (horse-drawn only until very late 1880s).

Cool muted color grading: Desaturate to 70% of full color, cool temperature (+200K blue shift toward gray-blue), reduced contrast 15%, gentle highlights rolloff, preserved shadow detail in fog. Primary color bias: Gray-blue (fog, river, steel), cool green-gray (oxidized copper, river algae), muted brick red (buildings, aged materials), charcoal and soot black (coal smoke, industrial grime), weathered brown (wood, leather, rust). Avoid: Warm yellows, saturated reds, vivid greens, pure blacks, bright whites. Film grain: 35mm equivalent, subtle structure, minimal chrominance noise, slightly increased grain in shadow areas matching wet plate photography aesthetic of 1870s.

Medium dramatic shot showing worker emerging from caisson airlock after shift, climbing ladder to surface. As he exits pressurized chamber, he suddenly clutches chest and collapses on deck. Other workers rush to help. Period medical ignorance visible: they do not understand decompression sickness. Somber tone, historical tragedy. Victorian-era medical response inadequate."
10,B-ROLL,Caisson Disease Strikes - Pressure Gauge,"Ultra-realistic cinematic documentary style. 4K resolution, professional color grading. Muted vintage color palette with soft desaturation, subtle film grain, realistic natural lighting. Historically accurate 1870s-1880s environment, Gilded Age vehicles, tools, and construction materials. Natural camera movement with professional cinematography: smooth dollies, crane shots, tracking movements, aerial perspectives. Realistic physics, authentic material behavior, grounded sense of massive scale and weight. Consistent period-appropriate color grading throughout all scenes.

Set in New York City, East River between Manhattan and Brooklyn, 1869-1883 Gilded Age era. Heavy industrial atmosphere with coal smoke, gas lighting becoming electric, steam-powered machinery, horse-drawn wagons and carriages. Workers wear: wool flat caps, striped cotton work shirts, canvas or leather trousers, heavy leather boots with nails, cotton suspenders, neckerchiefs, heavy wool coats in cold weather. Manual and early mechanical tool era: hand-forged hammers, chisels, steel cable tools, rope and wood pulley systems, steam-powered cranes, early pneumatic riveting hammers, compressed air caissons. No electric power tools, minimal safety equipment (leather gloves, cloth caps), wooden scaffolding with hemp rope, period-accurate Victorian-era materials only.

Urban coastal environment: East River tidal waters with strong currents, heavy fog banks rolling in from harbor, salt spray and maritime humidity, coal smoke from factories and steamships mixing with river mist, seagulls constant, ferry boat traffic, wooden docks and piers, brick warehouses and tenement buildings visible on both shores. Industrial New York sounds: steam whistles, horse hooves on cobblestones, ferry engines, dock work, church bells, train whistles in distance. Weather: fog common especially mornings, rain, snow in winter, occasional clear days revealing full span.

Absolute historical prohibition - exclude ALL anachronisms: Modern safety equipment (reflective vests, fall arrest systems, safety lanyards, modern hard hats with chin straps, safety glasses), digital devices, contemporary vehicles, current-era signage, modern construction techniques (current welding styles, contemporary concrete forms), anachronistic materials (modern plastics, contemporary composites, synthetic fabrics, modern high-strength steel alloys), modern tool designs (battery-powered tools, electric tools before 1880s), LED lighting, plastic materials, contemporary color schemes (high-visibility orange/yellow), modern fasteners, automobiles (horse-drawn only until very late 1880s).

Cool muted color grading: Desaturate to 70% of full color, cool temperature (+200K blue shift toward gray-blue), reduced contrast 15%, gentle highlights rolloff, preserved shadow detail in fog. Primary color bias: Gray-blue (fog, river, steel), cool green-gray (oxidized copper, river algae), muted brick red (buildings, aged materials), charcoal and soot black (coal smoke, industrial grime), weathered brown (wood, leather, rust). Avoid: Warm yellows, saturated reds, vivid greens, pure blacks, bright whites. Film grain: 35mm equivalent, subtle structure, minimal chrominance noise, slightly increased grain in shadow areas matching wet plate photography aesthetic of 1870s.

Extreme close-up of primitive brass pressure gauge on caisson airlock, needle showing 70 PSI, gauge vibrating slightly, condensation on glass face, brass corroding from saltwater exposure."
11,A-ROLL,Tower Foundation Sinking - Caisson Descending,"Ultra-realistic cinematic documentary style. 4K resolution, professional color grading. Muted vintage color palette with soft desaturation, subtle film grain, realistic natural lighting. Historically accurate 1870s-1880s environment, Gilded Age vehicles, tools, and construction materials. Natural camera movement with professional cinematography: smooth dollies, crane shots, tracking movements, aerial perspectives. Realistic physics, authentic material behavior, grounded sense of massive scale and weight. Consistent period-appropriate color grading throughout all scenes.

Set in New York City, East River between Manhattan and Brooklyn, 1869-1883 Gilded Age era. Heavy industrial atmosphere with coal smoke, gas lighting becoming electric, steam-powered machinery, horse-drawn wagons and carriages. Workers wear: wool flat caps, striped cotton work shirts, canvas or leather trousers, heavy leather boots with nails, cotton suspenders, neckerchiefs, heavy wool coats in cold weather. Manual and early mechanical tool era: hand-forged hammers, chisels, steel cable tools, rope and wood pulley systems, steam-powered cranes, early pneumatic riveting hammers, compressed air caissons. No electric power tools, minimal safety equipment (leather gloves, cloth caps), wooden scaffolding with hemp rope, period-accurate Victorian-era materials only.

Urban coastal environment: East River tidal waters with strong currents, heavy fog banks rolling in from harbor, salt spray and maritime humidity, coal smoke from factories and steamships mixing with river mist, seagulls constant, ferry boat traffic, wooden docks and piers, brick warehouses and tenement buildings visible on both shores. Industrial New York sounds: steam whistles, horse hooves on cobblestones, ferry engines, dock work, church bells, train whistles in distance. Weather: fog common especially mornings, rain, snow in winter, occasional clear days revealing full span.

Absolute historical prohibition - exclude ALL anachronisms: Modern safety equipment (reflective vests, fall arrest systems, safety lanyards, modern hard hats with chin straps, safety glasses), digital devices, contemporary vehicles, current-era signage, modern construction techniques (current welding styles, contemporary concrete forms), anachronistic materials (modern plastics, contemporary composites, synthetic fabrics, modern high-strength steel alloys), modern tool designs (battery-powered tools, electric tools before 1880s), LED lighting, plastic materials, contemporary color schemes (high-visibility orange/yellow), modern fasteners, automobiles (horse-drawn only until very late 1880s).

Cool muted color grading: Desaturate to 70% of full color, cool temperature (+200K blue shift toward gray-blue), reduced contrast 15%, gentle highlights rolloff, preserved shadow detail in fog. Primary color bias: Gray-blue (fog, river, steel), cool green-gray (oxidized copper, river algae), muted brick red (buildings, aged materials), charcoal and soot black (coal smoke, industrial grime), weathered brown (wood, leather, rust). Avoid: Warm yellows, saturated reds, vivid greens, pure blacks, bright whites. Film grain: 35mm equivalent, subtle structure, minimal chrominance noise, slightly increased grain in shadow areas matching wet plate photography aesthetic of 1870s.

Wide exterior shot showing Brooklyn caisson slowly sinking into riverbed as workers excavate below. Massive timber structure settling deeper, water level rising against caisson walls. Steam-powered pumps working constantly. Workers on top adding more courses of granite blocks, increasing weight to force caisson deeper. Scale: structure now 40 feet deep, still descending."
11,B-ROLL,Tower Foundation Sinking - Granite Placement,"Ultra-realistic cinematic documentary style. 4K resolution, professional color grading. Muted vintage color palette with soft desaturation, subtle film grain, realistic natural lighting. Historically accurate 1870s-1880s environment, Gilded Age vehicles, tools, and construction materials. Natural camera movement with professional cinematography: smooth dollies, crane shots, tracking movements, aerial perspectives. Realistic physics, authentic material behavior, grounded sense of massive scale and weight. Consistent period-appropriate color grading throughout all scenes.

Set in New York City, East River between Manhattan and Brooklyn, 1869-1883 Gilded Age era. Heavy industrial atmosphere with coal smoke, gas lighting becoming electric, steam-powered machinery, horse-drawn wagons and carriages. Workers wear: wool flat caps, striped cotton work shirts, canvas or leather trousers, heavy leather boots with nails, cotton suspenders, neckerchiefs, heavy wool coats in cold weather. Manual and early mechanical tool era: hand-forged hammers, chisels, steel cable tools, rope and wood pulley systems, steam-powered cranes, early pneumatic riveting hammers, compressed air caissons. No electric power tools, minimal safety equipment (leather gloves, cloth caps), wooden scaffolding with hemp rope, period-accurate Victorian-era materials only.

Urban coastal environment: East River tidal waters with strong currents, heavy fog banks rolling in from harbor, salt spray and maritime humidity, coal smoke from factories and steamships mixing with river mist, seagulls constant, ferry boat traffic, wooden docks and piers, brick warehouses and tenement buildings visible on both shores. Industrial New York sounds: steam whistles, horse hooves on cobblestones, ferry engines, dock work, church bells, train whistles in distance. Weather: fog common especially mornings, rain, snow in winter, occasional clear days revealing full span.

Absolute historical prohibition - exclude ALL anachronisms: Modern safety equipment (reflective vests, fall arrest systems, safety lanyards, modern hard hats with chin straps, safety glasses), digital devices, contemporary vehicles, current-era signage, modern construction techniques (current welding styles, contemporary concrete forms), anachronistic materials (modern plastics, contemporary composites, synthetic fabrics, modern high-strength steel alloys), modern tool designs (battery-powered tools, electric tools before 1880s), LED lighting, plastic materials, contemporary color schemes (high-visibility orange/yellow), modern fasteners, automobiles (horse-drawn only until very late 1880s).

Cool muted color grading: Desaturate to 70% of full color, cool temperature (+200K blue shift toward gray-blue), reduced contrast 15%, gentle highlights rolloff, preserved shadow detail in fog. Primary color bias: Gray-blue (fog, river, steel), cool green-gray (oxidized copper, river algae), muted brick red (buildings, aged materials), charcoal and soot black (coal smoke, industrial grime), weathered brown (wood, leather, rust). Avoid: Warm yellows, saturated reds, vivid greens, pure blacks, bright whites. Film grain: 35mm equivalent, subtle structure, minimal chrominance noise, slightly increased grain in shadow areas matching wet plate photography aesthetic of 1870s.

Close-up of crane lowering massive granite block onto caisson top, block swinging slightly, workers guiding with iron bars, block settling into mortar bed with deep thud, mortar squeezing out from joints."
12,A-ROLL,Bedrock Reached - Manhattan Caisson,"Ultra-realistic cinematic documentary style. 4K resolution, professional color grading. Muted vintage color palette with soft desaturation, subtle film grain, realistic natural lighting. Historically accurate 1870s-1880s environment, Gilded Age vehicles, tools, and construction materials. Natural camera movement with professional cinematography: smooth dollies, crane shots, tracking movements, aerial perspectives. Realistic physics, authentic material behavior, grounded sense of massive scale and weight. Consistent period-appropriate color grading throughout all scenes.

Set in New York City, East River between Manhattan and Brooklyn, 1869-1883 Gilded Age era. Heavy industrial atmosphere with coal smoke, gas lighting becoming electric, steam-powered machinery, horse-drawn wagons and carriages. Workers wear: wool flat caps, striped cotton work shirts, canvas or leather trousers, heavy leather boots with nails, cotton suspenders, neckerchiefs, heavy wool coats in cold weather. Manual and early mechanical tool era: hand-forged hammers, chisels, steel cable tools, rope and wood pulley systems, steam-powered cranes, early pneumatic riveting hammers, compressed air caissons. No electric power tools, minimal safety equipment (leather gloves, cloth caps), wooden scaffolding with hemp rope, period-accurate Victorian-era materials only.

Urban coastal environment: East River tidal waters with strong currents, heavy fog banks rolling in from harbor, salt spray and maritime humidity, coal smoke from factories and steamships mixing with river mist, seagulls constant, ferry boat traffic, wooden docks and piers, brick warehouses and tenement buildings visible on both shores. Industrial New York sounds: steam whistles, horse hooves on cobblestones, ferry engines, dock work, church bells, train whistles in distance. Weather: fog common especially mornings, rain, snow in winter, occasional clear days revealing full span.

Absolute historical prohibition - exclude ALL anachronisms: Modern safety equipment (reflective vests, fall arrest systems, safety lanyards, modern hard hats with chin straps, safety glasses), digital devices, contemporary vehicles, current-era signage, modern construction techniques (current welding styles, contemporary concrete forms), anachronistic materials (modern plastics, contemporary composites, synthetic fabrics, modern high-strength steel alloys), modern tool designs (battery-powered tools, electric tools before 1880s), LED lighting, plastic materials, contemporary color schemes (high-visibility orange/yellow), modern fasteners, automobiles (horse-drawn only until very late 1880s).

Cool muted color grading: Desaturate to 70% of full color, cool temperature (+200K blue shift toward gray-blue), reduced contrast 15%, gentle highlights rolloff, preserved shadow detail in fog. Primary color bias: Gray-blue (fog, river, steel), cool green-gray (oxidized copper, river algae), muted brick red (buildings, aged materials), charcoal and soot black (coal smoke, industrial grime), weathered brown (wood, leather, rust). Avoid: Warm yellows, saturated reds, vivid greens, pure blacks, bright whites. Film grain: 35mm equivalent, subtle structure, minimal chrominance noise, slightly increased grain in shadow areas matching wet plate photography aesthetic of 1870s.

Interior shot in Manhattan caisson (deeper - 78 feet below water). Workers finally hit bedrock after months of dangerous digging. Celebration muted by exhaustion and sickness. Washington Roebling (John son, now chief engineer) inspects bedrock through periscope-like tube. Relief visible: foundation is solid. Historical moment: deepest underwater foundation ever achieved."
12,B-ROLL,Bedrock Reached - Rock Surface,"Ultra-realistic cinematic documentary style. 4K resolution, professional color grading. Muted vintage color palette with soft desaturation, subtle film grain, realistic natural lighting. Historically accurate 1870s-1880s environment, Gilded Age vehicles, tools, and construction materials. Natural camera movement with professional cinematography: smooth dollies, crane shots, tracking movements, aerial perspectives. Realistic physics, authentic material behavior, grounded sense of massive scale and weight. Consistent period-appropriate color grading throughout all scenes.

Set in New York City, East River between Manhattan and Brooklyn, 1869-1883 Gilded Age era. Heavy industrial atmosphere with coal smoke, gas lighting becoming electric, steam-powered machinery, horse-drawn wagons and carriages. Workers wear: wool flat caps, striped cotton work shirts, canvas or leather trousers, heavy leather boots with nails, cotton suspenders, neckerchiefs, heavy wool coats in cold weather. Manual and early mechanical tool era: hand-forged hammers, chisels, steel cable tools, rope and wood pulley systems, steam-powered cranes, early pneumatic riveting hammers, compressed air caissons. No electric power tools, minimal safety equipment (leather gloves, cloth caps), wooden scaffolding with hemp rope, period-accurate Victorian-era materials only.

Urban coastal environment: East River tidal waters with strong currents, heavy fog banks rolling in from harbor, salt spray and maritime humidity, coal smoke from factories and steamships mixing with river mist, seagulls constant, ferry boat traffic, wooden docks and piers, brick warehouses and tenement buildings visible on both shores. Industrial New York sounds: steam whistles, horse hooves on cobblestones, ferry engines, dock work, church bells, train whistles in distance. Weather: fog common especially mornings, rain, snow in winter, occasional clear days revealing full span.

Absolute historical prohibition - exclude ALL anachronisms: Modern safety equipment (reflective vests, fall arrest systems, safety lanyards, modern hard hats with chin straps, safety glasses), digital devices, contemporary vehicles, current-era signage, modern construction techniques (current welding styles, contemporary concrete forms), anachronistic materials (modern plastics, contemporary composites, synthetic fabrics, modern high-strength steel alloys), modern tool designs (battery-powered tools, electric tools before 1880s), LED lighting, plastic materials, contemporary color schemes (high-visibility orange/yellow), modern fasteners, automobiles (horse-drawn only until very late 1880s).

Cool muted color grading: Desaturate to 70% of full color, cool temperature (+200K blue shift toward gray-blue), reduced contrast 15%, gentle highlights rolloff, preserved shadow detail in fog. Primary color bias: Gray-blue (fog, river, steel), cool green-gray (oxidized copper, river algae), muted brick red (buildings, aged materials), charcoal and soot black (coal smoke, industrial grime), weathered brown (wood, leather, rust). Avoid: Warm yellows, saturated reds, vivid greens, pure blacks, bright whites. Film grain: 35mm equivalent, subtle structure, minimal chrominance noise, slightly increased grain in shadow areas matching wet plate photography aesthetic of 1870s.

Extreme close-up of hand touching solid bedrock through muddy water, fingers scraping ancient Manhattan schist, clearing mud to reveal gray stone, sense of geological permanence versus human endeavor."
13,A-ROLL,Caisson Sealed - Concrete Fill,"Ultra-realistic cinematic documentary style. 4K resolution, professional color grading. Muted vintage color palette with soft desaturation, subtle film grain, realistic natural lighting. Historically accurate 1870s-1880s environment, Gilded Age vehicles, tools, and construction materials. Natural camera movement with professional cinematography: smooth dollies, crane shots, tracking movements, aerial perspectives. Realistic physics, authentic material behavior, grounded sense of massive scale and weight. Consistent period-appropriate color grading throughout all scenes.

Set in New York City, East River between Manhattan and Brooklyn, 1869-1883 Gilded Age era. Heavy industrial atmosphere with coal smoke, gas lighting becoming electric, steam-powered machinery, horse-drawn wagons and carriages. Workers wear: wool flat caps, striped cotton work shirts, canvas or leather trousers, heavy leather boots with nails, cotton suspenders, neckerchiefs, heavy wool coats in cold weather. Manual and early mechanical tool era: hand-forged hammers, chisels, steel cable tools, rope and wood pulley systems, steam-powered cranes, early pneumatic riveting hammers, compressed air caissons. No electric power tools, minimal safety equipment (leather gloves, cloth caps), wooden scaffolding with hemp rope, period-accurate Victorian-era materials only.

Urban coastal environment: East River tidal waters with strong currents, heavy fog banks rolling in from harbor, salt spray and maritime humidity, coal smoke from factories and steamships mixing with river mist, seagulls constant, ferry boat traffic, wooden docks and piers, brick warehouses and tenement buildings visible on both shores. Industrial New York sounds: steam whistles, horse hooves on cobblestones, ferry engines, dock work, church bells, train whistles in distance. Weather: fog common especially mornings, rain, snow in winter, occasional clear days revealing full span.

Absolute historical prohibition - exclude ALL anachronisms: Modern safety equipment (reflective vests, fall arrest systems, safety lanyards, modern hard hats with chin straps, safety glasses), digital devices, contemporary vehicles, current-era signage, modern construction techniques (current welding styles, contemporary concrete forms), anachronistic materials (modern plastics, contemporary composites, synthetic fabrics, modern high-strength steel alloys), modern tool designs (battery-powered tools, electric tools before 1880s), LED lighting, plastic materials, contemporary color schemes (high-visibility orange/yellow), modern fasteners, automobiles (horse-drawn only until very late 1880s).

Cool muted color grading: Desaturate to 70% of full color, cool temperature (+200K blue shift toward gray-blue), reduced contrast 15%, gentle highlights rolloff, preserved shadow detail in fog. Primary color bias: Gray-blue (fog, river, steel), cool green-gray (oxidized copper, river algae), muted brick red (buildings, aged materials), charcoal and soot black (coal smoke, industrial grime), weathered brown (wood, leather, rust). Avoid: Warm yellows, saturated reds, vivid greens, pure blacks, bright whites. Film grain: 35mm equivalent, subtle structure, minimal chrominance noise, slightly increased grain in shadow areas matching wet plate photography aesthetic of 1870s.

Wide overhead shot of completed caisson being filled with concrete to create solid foundation. Workers pouring concrete into caisson chambers through access shafts. Steam-powered concrete mixers. Massive volume being poured - structure will be filled solid. Last workers evacuating through airlocks. End of most dangerous phase. Relief mixed with memory of those who died (20+ men from caisson disease)."
13,B-ROLL,Caisson Sealed - Concrete Pouring,"Ultra-realistic cinematic documentary style. 4K resolution, professional color grading. Muted vintage color palette with soft desaturation, subtle film grain, realistic natural lighting. Historically accurate 1870s-1880s environment, Gilded Age vehicles, tools, and construction materials. Natural camera movement with professional cinematography: smooth dollies, crane shots, tracking movements, aerial perspectives. Realistic physics, authentic material behavior, grounded sense of massive scale and weight. Consistent period-appropriate color grading throughout all scenes.

Set in New York City, East River between Manhattan and Brooklyn, 1869-1883 Gilded Age era. Heavy industrial atmosphere with coal smoke, gas lighting becoming electric, steam-powered machinery, horse-drawn wagons and carriages. Workers wear: wool flat caps, striped cotton work shirts, canvas or leather trousers, heavy leather boots with nails, cotton suspenders, neckerchiefs, heavy wool coats in cold weather. Manual and early mechanical tool era: hand-forged hammers, chisels, steel cable tools, rope and wood pulley systems, steam-powered cranes, early pneumatic riveting hammers, compressed air caissons. No electric power tools, minimal safety equipment (leather gloves, cloth caps), wooden scaffolding with hemp rope, period-accurate Victorian-era materials only.

Urban coastal environment: East River tidal waters with strong currents, heavy fog banks rolling in from harbor, salt spray and maritime humidity, coal smoke from factories and steamships mixing with river mist, seagulls constant, ferry boat traffic, wooden docks and piers, brick warehouses and tenement buildings visible on both shores. Industrial New York sounds: steam whistles, horse hooves on cobblestones, ferry engines, dock work, church bells, train whistles in distance. Weather: fog common especially mornings, rain, snow in winter, occasional clear days revealing full span.

Absolute historical prohibition - exclude ALL anachronisms: Modern safety equipment (reflective vests, fall arrest systems, safety lanyards, modern hard hats with chin straps, safety glasses), digital devices, contemporary vehicles, current-era signage, modern construction techniques (current welding styles, contemporary concrete forms), anachronistic materials (modern plastics, contemporary composites, synthetic fabrics, modern high-strength steel alloys), modern tool designs (battery-powered tools, electric tools before 1880s), LED lighting, plastic materials, contemporary color schemes (high-visibility orange/yellow), modern fasteners, automobiles (horse-drawn only until very late 1880s).

Cool muted color grading: Desaturate to 70% of full color, cool temperature (+200K blue shift toward gray-blue), reduced contrast 15%, gentle highlights rolloff, preserved shadow detail in fog. Primary color bias: Gray-blue (fog, river, steel), cool green-gray (oxidized copper, river algae), muted brick red (buildings, aged materials), charcoal and soot black (coal smoke, industrial grime), weathered brown (wood, leather, rust). Avoid: Warm yellows, saturated reds, vivid greens, pure blacks, bright whites. Film grain: 35mm equivalent, subtle structure, minimal chrominance noise, slightly increased grain in shadow areas matching wet plate photography aesthetic of 1870s.

Close-up of wet concrete being poured into caisson chamber, thick liquid filling void, aggregate stones tumbling, air bubbles escaping, surface slowly rising to seal chamber forever."
14,A-ROLL,Gothic Towers Rise - Brooklyn Tower,"Ultra-realistic cinematic documentary style. 4K resolution, professional color grading. Muted vintage color palette with soft desaturation, subtle film grain, realistic natural lighting. Historically accurate 1870s-1880s environment, Gilded Age vehicles, tools, and construction materials. Natural camera movement with professional cinematography: smooth dollies, crane shots, tracking movements, aerial perspectives. Realistic physics, authentic material behavior, grounded sense of massive scale and weight. Consistent period-appropriate color grading throughout all scenes.

Set in New York City, East River between Manhattan and Brooklyn, 1869-1883 Gilded Age era. Heavy industrial atmosphere with coal smoke, gas lighting becoming electric, steam-powered machinery, horse-drawn wagons and carriages. Workers wear: wool flat caps, striped cotton work shirts, canvas or leather trousers, heavy leather boots with nails, cotton suspenders, neckerchiefs, heavy wool coats in cold weather. Manual and early mechanical tool era: hand-forged hammers, chisels, steel cable tools, rope and wood pulley systems, steam-powered cranes, early pneumatic riveting hammers, compressed air caissons. No electric power tools, minimal safety equipment (leather gloves, cloth caps), wooden scaffolding with hemp rope, period-accurate Victorian-era materials only.

Urban coastal environment: East River tidal waters with strong currents, heavy fog banks rolling in from harbor, salt spray and maritime humidity, coal smoke from factories and steamships mixing with river mist, seagulls constant, ferry boat traffic, wooden docks and piers, brick warehouses and tenement buildings visible on both shores. Industrial New York sounds: steam whistles, horse hooves on cobblestones, ferry engines, dock work, church bells, train whistles in distance. Weather: fog common especially mornings, rain, snow in winter, occasional clear days revealing full span.

Absolute historical prohibition - exclude ALL anachronisms: Modern safety equipment (reflective vests, fall arrest systems, safety lanyards, modern hard hats with chin straps, safety glasses), digital devices, contemporary vehicles, current-era signage, modern construction techniques (current welding styles, contemporary concrete forms), anachronistic materials (modern plastics, contemporary composites, synthetic fabrics, modern high-strength steel alloys), modern tool designs (battery-powered tools, electric tools before 1880s), LED lighting, plastic materials, contemporary color schemes (high-visibility orange/yellow), modern fasteners, automobiles (horse-drawn only until very late 1880s).

Cool muted color grading: Desaturate to 70% of full color, cool temperature (+200K blue shift toward gray-blue), reduced contrast 15%, gentle highlights rolloff, preserved shadow detail in fog. Primary color bias: Gray-blue (fog, river, steel), cool green-gray (oxidized copper, river algae), muted brick red (buildings, aged materials), charcoal and soot black (coal smoke, industrial grime), weathered brown (wood, leather, rust). Avoid: Warm yellows, saturated reds, vivid greens, pure blacks, bright whites. Film grain: 35mm equivalent, subtle structure, minimal chrominance noise, slightly increased grain in shadow areas matching wet plate photography aesthetic of 1870s.

Cinematic low-angle shot of Brooklyn tower rising from sealed caisson foundation. Gothic Revival architecture emerging: pointed arches, limestone and granite blocks, Victorian ornamental details. Workers on wooden scaffolding laying stone courses. Steam-powered derricks lifting blocks. Tower now 60 feet high, beginning to dominate Brooklyn waterfront. Church-like aesthetic intentional: bridge as cathedral of commerce."
14,B-ROLL,Gothic Towers Rise - Stone Carving,"Ultra-realistic cinematic documentary style. 4K resolution, professional color grading. Muted vintage color palette with soft desaturation, subtle film grain, realistic natural lighting. Historically accurate 1870s-1880s environment, Gilded Age vehicles, tools, and construction materials. Natural camera movement with professional cinematography: smooth dollies, crane shots, tracking movements, aerial perspectives. Realistic physics, authentic material behavior, grounded sense of massive scale and weight. Consistent period-appropriate color grading throughout all scenes.

Set in New York City, East River between Manhattan and Brooklyn, 1869-1883 Gilded Age era. Heavy industrial atmosphere with coal smoke, gas lighting becoming electric, steam-powered machinery, horse-drawn wagons and carriages. Workers wear: wool flat caps, striped cotton work shirts, canvas or leather trousers, heavy leather boots with nails, cotton suspenders, neckerchiefs, heavy wool coats in cold weather. Manual and early mechanical tool era: hand-forged hammers, chisels, steel cable tools, rope and wood pulley systems, steam-powered cranes, early pneumatic riveting hammers, compressed air caissons. No electric power tools, minimal safety equipment (leather gloves, cloth caps), wooden scaffolding with hemp rope, period-accurate Victorian-era materials only.

Urban coastal environment: East River tidal waters with strong currents, heavy fog banks rolling in from harbor, salt spray and maritime humidity, coal smoke from factories and steamships mixing with river mist, seagulls constant, ferry boat traffic, wooden docks and piers, brick warehouses and tenement buildings visible on both shores. Industrial New York sounds: steam whistles, horse hooves on cobblestones, ferry engines, dock work, church bells, train whistles in distance. Weather: fog common especially mornings, rain, snow in winter, occasional clear days revealing full span.

Absolute historical prohibition - exclude ALL anachronisms: Modern safety equipment (reflective vests, fall arrest systems, safety lanyards, modern hard hats with chin straps, safety glasses), digital devices, contemporary vehicles, current-era signage, modern construction techniques (current welding styles, contemporary concrete forms), anachronistic materials (modern plastics, contemporary composites, synthetic fabrics, modern high-strength steel alloys), modern tool designs (battery-powered tools, electric tools before 1880s), LED lighting, plastic materials, contemporary color schemes (high-visibility orange/yellow), modern fasteners, automobiles (horse-drawn only until very late 1880s).

Cool muted color grading: Desaturate to 70% of full color, cool temperature (+200K blue shift toward gray-blue), reduced contrast 15%, gentle highlights rolloff, preserved shadow detail in fog. Primary color bias: Gray-blue (fog, river, steel), cool green-gray (oxidized copper, river algae), muted brick red (buildings, aged materials), charcoal and soot black (coal smoke, industrial grime), weathered brown (wood, leather, rust). Avoid: Warm yellows, saturated reds, vivid greens, pure blacks, bright whites. Film grain: 35mm equivalent, subtle structure, minimal chrominance noise, slightly increased grain in shadow areas matching wet plate photography aesthetic of 1870s.

Close-up of stonemason carving decorative detail into limestone block, chisel and mallet working, stone dust covering worker hands, Gothic arch pattern emerging from rough stone, Victorian craftsmanship."
15,A-ROLL,Tower Construction Progress - Both Towers,"Ultra-realistic cinematic documentary style. 4K resolution, professional color grading. Muted vintage color palette with soft desaturation, subtle film grain, realistic natural lighting. Historically accurate 1870s-1880s environment, Gilded Age vehicles, tools, and construction materials. Natural camera movement with professional cinematography: smooth dollies, crane shots, tracking movements, aerial perspectives. Realistic physics, authentic material behavior, grounded sense of massive scale and weight. Consistent period-appropriate color grading throughout all scenes.

Set in New York City, East River between Manhattan and Brooklyn, 1869-1883 Gilded Age era. Heavy industrial atmosphere with coal smoke, gas lighting becoming electric, steam-powered machinery, horse-drawn wagons and carriages. Workers wear: wool flat caps, striped cotton work shirts, canvas or leather trousers, heavy leather boots with nails, cotton suspenders, neckerchiefs, heavy wool coats in cold weather. Manual and early mechanical tool era: hand-forged hammers, chisels, steel cable tools, rope and wood pulley systems, steam-powered cranes, early pneumatic riveting hammers, compressed air caissons. No electric power tools, minimal safety equipment (leather gloves, cloth caps), wooden scaffolding with hemp rope, period-accurate Victorian-era materials only.

Urban coastal environment: East River tidal waters with strong currents, heavy fog banks rolling in from harbor, salt spray and maritime humidity, coal smoke from factories and steamships mixing with river mist, seagulls constant, ferry boat traffic, wooden docks and piers, brick warehouses and tenement buildings visible on both shores. Industrial New York sounds: steam whistles, horse hooves on cobblestones, ferry engines, dock work, church bells, train whistles in distance. Weather: fog common especially mornings, rain, snow in winter, occasional clear days revealing full span.

Absolute historical prohibition - exclude ALL anachronisms: Modern safety equipment (reflective vests, fall arrest systems, safety lanyards, modern hard hats with chin straps, safety glasses), digital devices, contemporary vehicles, current-era signage, modern construction techniques (current welding styles, contemporary concrete forms), anachronistic materials (modern plastics, contemporary composites, synthetic fabrics, modern high-strength steel alloys), modern tool designs (battery-powered tools, electric tools before 1880s), LED lighting, plastic materials, contemporary color schemes (high-visibility orange/yellow), modern fasteners, automobiles (horse-drawn only until very late 1880s).

Cool muted color grading: Desaturate to 70% of full color, cool temperature (+200K blue shift toward gray-blue), reduced contrast 15%, gentle highlights rolloff, preserved shadow detail in fog. Primary color bias: Gray-blue (fog, river, steel), cool green-gray (oxidized copper, river algae), muted brick red (buildings, aged materials), charcoal and soot black (coal smoke, industrial grime), weathered brown (wood, leather, rust). Avoid: Warm yellows, saturated reds, vivid greens, pure blacks, bright whites. Film grain: 35mm equivalent, subtle structure, minimal chrominance noise, slightly increased grain in shadow areas matching wet plate photography aesthetic of 1870s.

Wide establishing shot showing both towers rising simultaneously, Manhattan and Brooklyn, separated by 1,595 feet of empty air over river. Towers mirror each other, each now 150 feet high. Ferry boats passing between construction sites. Scale becoming apparent: these will be tallest structures in Western Hemisphere. Fog partially obscuring bases, tops emerging into sunlight."
15,B-ROLL,Tower Construction Progress - Mortar Application,"Ultra-realistic cinematic documentary style. 4K resolution, professional color grading. Muted vintage color palette with soft desaturation, subtle film grain, realistic natural lighting. Historically accurate 1870s-1880s environment, Gilded Age vehicles, tools, and construction materials. Natural camera movement with professional cinematography: smooth dollies, crane shots, tracking movements, aerial perspectives. Realistic physics, authentic material behavior, grounded sense of massive scale and weight. Consistent period-appropriate color grading throughout all scenes.

Set in New York City, East River between Manhattan and Brooklyn, 1869-1883 Gilded Age era. Heavy industrial atmosphere with coal smoke, gas lighting becoming electric, steam-powered machinery, horse-drawn wagons and carriages. Workers wear: wool flat caps, striped cotton work shirts, canvas or leather trousers, heavy leather boots with nails, cotton suspenders, neckerchiefs, heavy wool coats in cold weather. Manual and early mechanical tool era: hand-forged hammers, chisels, steel cable tools, rope and wood pulley systems, steam-powered cranes, early pneumatic riveting hammers, compressed air caissons. No electric power tools, minimal safety equipment (leather gloves, cloth caps), wooden scaffolding with hemp rope, period-accurate Victorian-era materials only.

Urban coastal environment: East River tidal waters with strong currents, heavy fog banks rolling in from harbor, salt spray and maritime humidity, coal smoke from factories and steamships mixing with river mist, seagulls constant, ferry boat traffic, wooden docks and piers, brick warehouses and tenement buildings visible on both shores. Industrial New York sounds: steam whistles, horse hooves on cobblestones, ferry engines, dock work, church bells, train whistles in distance. Weather: fog common especially mornings, rain, snow in winter, occasional clear days revealing full span.

Absolute historical prohibition - exclude ALL anachronisms: Modern safety equipment (reflective vests, fall arrest systems, safety lanyards, modern hard hats with chin straps, safety glasses), digital devices, contemporary vehicles, current-era signage, modern construction techniques (current welding styles, contemporary concrete forms), anachronistic materials (modern plastics, contemporary composites, synthetic fabrics, modern high-strength steel alloys), modern tool designs (battery-powered tools, electric tools before 1880s), LED lighting, plastic materials, contemporary color schemes (high-visibility orange/yellow), modern fasteners, automobiles (horse-drawn only until very late 1880s).

Cool muted color grading: Desaturate to 70% of full color, cool temperature (+200K blue shift toward gray-blue), reduced contrast 15%, gentle highlights rolloff, preserved shadow detail in fog. Primary color bias: Gray-blue (fog, river, steel), cool green-gray (oxidized copper, river algae), muted brick red (buildings, aged materials), charcoal and soot black (coal smoke, industrial grime), weathered brown (wood, leather, rust). Avoid: Warm yellows, saturated reds, vivid greens, pure blacks, bright whites. Film grain: 35mm equivalent, subtle structure, minimal chrominance noise, slightly increased grain in shadow areas matching wet plate photography aesthetic of 1870s.

Close-up of mason applying mortar to granite block joint, trowel spreading thick mortar, excess scraping away, perfect joint being created that will last centuries, Victorian construction quality."
16,A-ROLL,Towers Reach Full Height - 276 Feet,"Ultra-realistic cinematic documentary style. 4K resolution, professional color grading. Muted vintage color palette with soft desaturation, subtle film grain, realistic natural lighting. Historically accurate 1870s-1880s environment, Gilded Age vehicles, tools, and construction materials. Natural camera movement with professional cinematography: smooth dollies, crane shots, tracking movements, aerial perspectives. Realistic physics, authentic material behavior, grounded sense of massive scale and weight. Consistent period-appropriate color grading throughout all scenes.

Set in New York City, East River between Manhattan and Brooklyn, 1869-1883 Gilded Age era. Heavy industrial atmosphere with coal smoke, gas lighting becoming electric, steam-powered machinery, horse-drawn wagons and carriages. Workers wear: wool flat caps, striped cotton work shirts, canvas or leather trousers, heavy leather boots with nails, cotton suspenders, neckerchiefs, heavy wool coats in cold weather. Manual and early mechanical tool era: hand-forged hammers, chisels, steel cable tools, rope and wood pulley systems, steam-powered cranes, early pneumatic riveting hammers, compressed air caissons. No electric power tools, minimal safety equipment (leather gloves, cloth caps), wooden scaffolding with hemp rope, period-accurate Victorian-era materials only.

Urban coastal environment: East River tidal waters with strong currents, heavy fog banks rolling in from harbor, salt spray and maritime humidity, coal smoke from factories and steamships mixing with river mist, seagulls constant, ferry boat traffic, wooden docks and piers, brick warehouses and tenement buildings visible on both shores. Industrial New York sounds: steam whistles, horse hooves on cobblestones, ferry engines, dock work, church bells, train whistles in distance. Weather: fog common especially mornings, rain, snow in winter, occasional clear days revealing full span.

Absolute historical prohibition - exclude ALL anachronisms: Modern safety equipment (reflective vests, fall arrest systems, safety lanyards, modern hard hats with chin straps, safety glasses), digital devices, contemporary vehicles, current-era signage, modern construction techniques (current welding styles, contemporary concrete forms), anachronistic materials (modern plastics, contemporary composites, synthetic fabrics, modern high-strength steel alloys), modern tool designs (battery-powered tools, electric tools before 1880s), LED lighting, plastic materials, contemporary color schemes (high-visibility orange/yellow), modern fasteners, automobiles (horse-drawn only until very late 1880s).

Cool muted color grading: Desaturate to 70% of full color, cool temperature (+200K blue shift toward gray-blue), reduced contrast 15%, gentle highlights rolloff, preserved shadow detail in fog. Primary color bias: Gray-blue (fog, river, steel), cool green-gray (oxidized copper, river algae), muted brick red (buildings, aged materials), charcoal and soot black (coal smoke, industrial grime), weathered brown (wood, leather, rust). Avoid: Warm yellows, saturated reds, vivid greens, pure blacks, bright whites. Film grain: 35mm equivalent, subtle structure, minimal chrominance noise, slightly increased grain in shadow areas matching wet plate photography aesthetic of 1870s.

Dramatic aerial orbit around completed Brooklyn tower. Gothic limestone and granite structure rises 276 feet above high water. Twin arches create iconic silhouette. Workers visible as tiny figures at top installing final stonework. Tower dominates Brooklyn skyline, church spires now below it. Victorian achievement visible: tallest structure in America."
16,B-ROLL,Towers Reach Full Height - Final Stone,"Ultra-realistic cinematic documentary style. 4K resolution, professional color grading. Muted vintage color palette with soft desaturation, subtle film grain, realistic natural lighting. Historically accurate 1870s-1880s environment, Gilded Age vehicles, tools, and construction materials. Natural camera movement with professional cinematography: smooth dollies, crane shots, tracking movements, aerial perspectives. Realistic physics, authentic material behavior, grounded sense of massive scale and weight. Consistent period-appropriate color grading throughout all scenes.

Set in New York City, East River between Manhattan and Brooklyn, 1869-1883 Gilded Age era. Heavy industrial atmosphere with coal smoke, gas lighting becoming electric, steam-powered machinery, horse-drawn wagons and carriages. Workers wear: wool flat caps, striped cotton work shirts, canvas or leather trousers, heavy leather boots with nails, cotton suspenders, neckerchiefs, heavy wool coats in cold weather. Manual and early mechanical tool era: hand-forged hammers, chisels, steel cable tools, rope and wood pulley systems, steam-powered cranes, early pneumatic riveting hammers, compressed air caissons. No electric power tools, minimal safety equipment (leather gloves, cloth caps), wooden scaffolding with hemp rope, period-accurate Victorian-era materials only.

Urban coastal environment: East River tidal waters with strong currents, heavy fog banks rolling in from harbor, salt spray and maritime humidity, coal smoke from factories and steamships mixing with river mist, seagulls constant, ferry boat traffic, wooden docks and piers, brick warehouses and tenement buildings visible on both shores. Industrial New York sounds: steam whistles, horse hooves on cobblestones, ferry engines, dock work, church bells, train whistles in distance. Weather: fog common especially mornings, rain, snow in winter, occasional clear days revealing full span.

Absolute historical prohibition - exclude ALL anachronisms: Modern safety equipment (reflective vests, fall arrest systems, safety lanyards, modern hard hats with chin straps, safety glasses), digital devices, contemporary vehicles, current-era signage, modern construction techniques (current welding styles, contemporary concrete forms), anachronistic materials (modern plastics, contemporary composites, synthetic fabrics, modern high-strength steel alloys), modern tool designs (battery-powered tools, electric tools before 1880s), LED lighting, plastic materials, contemporary color schemes (high-visibility orange/yellow), modern fasteners, automobiles (horse-drawn only until very late 1880s).

Cool muted color grading: Desaturate to 70% of full color, cool temperature (+200K blue shift toward gray-blue), reduced contrast 15%, gentle highlights rolloff, preserved shadow detail in fog. Primary color bias: Gray-blue (fog, river, steel), cool green-gray (oxidized copper, river algae), muted brick red (buildings, aged materials), charcoal and soot black (coal smoke, industrial grime), weathered brown (wood, leather, rust). Avoid: Warm yellows, saturated reds, vivid greens, pure blacks, bright whites. Film grain: 35mm equivalent, subtle structure, minimal chrominance noise, slightly increased grain in shadow areas matching wet plate photography aesthetic of 1870s.

Close-up of final capstone being set on tower peak, workers positioning massive carved stone, settling into place, completion of masonry work, achievement after years of construction, morning sun striking fresh stone."
17,A-ROLL,Cable Anchorage Construction - Massive Anchor,"Ultra-realistic cinematic documentary style. 4K resolution, professional color grading. Muted vintage color palette with soft desaturation, subtle film grain, realistic natural lighting. Historically accurate 1870s-1880s environment, Gilded Age vehicles, tools, and construction materials. Natural camera movement with professional cinematography: smooth dollies, crane shots, tracking movements, aerial perspectives. Realistic physics, authentic material behavior, grounded sense of massive scale and weight. Consistent period-appropriate color grading throughout all scenes.

Set in New York City, East River between Manhattan and Brooklyn, 1869-1883 Gilded Age era. Heavy industrial atmosphere with coal smoke, gas lighting becoming electric, steam-powered machinery, horse-drawn wagons and carriages. Workers wear: wool flat caps, striped cotton work shirts, canvas or leather trousers, heavy leather boots with nails, cotton suspenders, neckerchiefs, heavy wool coats in cold weather. Manual and early mechanical tool era: hand-forged hammers, chisels, steel cable tools, rope and wood pulley systems, steam-powered cranes, early pneumatic riveting hammers, compressed air caissons. No electric power tools, minimal safety equipment (leather gloves, cloth caps), wooden scaffolding with hemp rope, period-accurate Victorian-era materials only.

Urban coastal environment: East River tidal waters with strong currents, heavy fog banks rolling in from harbor, salt spray and maritime humidity, coal smoke from factories and steamships mixing with river mist, seagulls constant, ferry boat traffic, wooden docks and piers, brick warehouses and tenement buildings visible on both shores. Industrial New York sounds: steam whistles, horse hooves on cobblestones, ferry engines, dock work, church bells, train whistles in distance. Weather: fog common especially mornings, rain, snow in winter, occasional clear days revealing full span.

Absolute historical prohibition - exclude ALL anachronisms: Modern safety equipment (reflective vests, fall arrest systems, safety lanyards, modern hard hats with chin straps, safety glasses), digital devices, contemporary vehicles, current-era signage, modern construction techniques (current welding styles, contemporary concrete forms), anachronistic materials (modern plastics, contemporary composites, synthetic fabrics, modern high-strength steel alloys), modern tool designs (battery-powered tools, electric tools before 1880s), LED lighting, plastic materials, contemporary color schemes (high-visibility orange/yellow), modern fasteners, automobiles (horse-drawn only until very late 1880s).

Cool muted color grading: Desaturate to 70% of full color, cool temperature (+200K blue shift toward gray-blue), reduced contrast 15%, gentle highlights rolloff, preserved shadow detail in fog. Primary color bias: Gray-blue (fog, river, steel), cool green-gray (oxidized copper, river algae), muted brick red (buildings, aged materials), charcoal and soot black (coal smoke, industrial grime), weathered brown (wood, leather, rust). Avoid: Warm yellows, saturated reds, vivid greens, pure blacks, bright whites. Film grain: 35mm equivalent, subtle structure, minimal chrominance noise, slightly increased grain in shadow areas matching wet plate photography aesthetic of 1870s.

Ground-level shot deep inside Brooklyn anchorage chamber. Enormous cast iron anchor plates being positioned, massive chain links (each link 12 feet long) extending into solid rock. Workers dwarfed by anchor chains. Gaslit interior, Victorian industrial scale. These anchors will hold suspension cables carrying bridge entire weight."
17,B-ROLL,Cable Anchorage Construction - Chain Link,"Ultra-realistic cinematic documentary style. 4K resolution, professional color grading. Muted vintage color palette with soft desaturation, subtle film grain, realistic natural lighting. Historically accurate 1870s-1880s environment, Gilded Age vehicles, tools, and construction materials. Natural camera movement with professional cinematography: smooth dollies, crane shots, tracking movements, aerial perspectives. Realistic physics, authentic material behavior, grounded sense of massive scale and weight. Consistent period-appropriate color grading throughout all scenes.

Set in New York City, East River between Manhattan and Brooklyn, 1869-1883 Gilded Age era. Heavy industrial atmosphere with coal smoke, gas lighting becoming electric, steam-powered machinery, horse-drawn wagons and carriages. Workers wear: wool flat caps, striped cotton work shirts, canvas or leather trousers, heavy leather boots with nails, cotton suspenders, neckerchiefs, heavy wool coats in cold weather. Manual and early mechanical tool era: hand-forged hammers, chisels, steel cable tools, rope and wood pulley systems, steam-powered cranes, early pneumatic riveting hammers, compressed air caissons. No electric power tools, minimal safety equipment (leather gloves, cloth caps), wooden scaffolding with hemp rope, period-accurate Victorian-era materials only.

Urban coastal environment: East River tidal waters with strong currents, heavy fog banks rolling in from harbor, salt spray and maritime humidity, coal smoke from factories and steamships mixing with river mist, seagulls constant, ferry boat traffic, wooden docks and piers, brick warehouses and tenement buildings visible on both shores. Industrial New York sounds: steam whistles, horse hooves on cobblestones, ferry engines, dock work, church bells, train whistles in distance. Weather: fog common especially mornings, rain, snow in winter, occasional clear days revealing full span.

Absolute historical prohibition - exclude ALL anachronisms: Modern safety equipment (reflective vests, fall arrest systems, safety lanyards, modern hard hats with chin straps, safety glasses), digital devices, contemporary vehicles, current-era signage, modern construction techniques (current welding styles, contemporary concrete forms), anachronistic materials (modern plastics, contemporary composites, synthetic fabrics, modern high-strength steel alloys), modern tool designs (battery-powered tools, electric tools before 1880s), LED lighting, plastic materials, contemporary color schemes (high-visibility orange/yellow), modern fasteners, automobiles (horse-drawn only until very late 1880s).

Cool muted color grading: Desaturate to 70% of full color, cool temperature (+200K blue shift toward gray-blue), reduced contrast 15%, gentle highlights rolloff, preserved shadow detail in fog. Primary color bias: Gray-blue (fog, river, steel), cool green-gray (oxidized copper, river algae), muted brick red (buildings, aged materials), charcoal and soot black (coal smoke, industrial grime), weathered brown (wood, leather, rust). Avoid: Warm yellows, saturated reds, vivid greens, pure blacks, bright whites. Film grain: 35mm equivalent, subtle structure, minimal chrominance noise, slightly increased grain in shadow areas matching wet plate photography aesthetic of 1870s.

Extreme close-up of single massive chain link, cast iron surface showing mold marks, link as thick as man torso, connection pin being hammered into place, scale of engineering visible in single component."
18,A-ROLL,First Wire Across - Historic Crossing,"Ultra-realistic cinematic documentary style. 4K resolution, professional color grading. Muted vintage color palette with soft desaturation, subtle film grain, realistic natural lighting. Historically accurate 1870s-1880s environment, Gilded Age vehicles, tools, and construction materials. Natural camera movement with professional cinematography: smooth dollies, crane shots, tracking movements, aerial perspectives. Realistic physics, authentic material behavior, grounded sense of massive scale and weight. Consistent period-appropriate color grading throughout all scenes.

Set in New York City, East River between Manhattan and Brooklyn, 1869-1883 Gilded Age era. Heavy industrial atmosphere with coal smoke, gas lighting becoming electric, steam-powered machinery, horse-drawn wagons and carriages. Workers wear: wool flat caps, striped cotton work shirts, canvas or leather trousers, heavy leather boots with nails, cotton suspenders, neckerchiefs, heavy wool coats in cold weather. Manual and early mechanical tool era: hand-forged hammers, chisels, steel cable tools, rope and wood pulley systems, steam-powered cranes, early pneumatic riveting hammers, compressed air caissons. No electric power tools, minimal safety equipment (leather gloves, cloth caps), wooden scaffolding with hemp rope, period-accurate Victorian-era materials only.

Urban coastal environment: East River tidal waters with strong currents, heavy fog banks rolling in from harbor, salt spray and maritime humidity, coal smoke from factories and steamships mixing with river mist, seagulls constant, ferry boat traffic, wooden docks and piers, brick warehouses and tenement buildings visible on both shores. Industrial New York sounds: steam whistles, horse hooves on cobblestones, ferry engines, dock work, church bells, train whistles in distance. Weather: fog common especially mornings, rain, snow in winter, occasional clear days revealing full span.

Absolute historical prohibition - exclude ALL anachronisms: Modern safety equipment (reflective vests, fall arrest systems, safety lanyards, modern hard hats with chin straps, safety glasses), digital devices, contemporary vehicles, current-era signage, modern construction techniques (current welding styles, contemporary concrete forms), anachronistic materials (modern plastics, contemporary composites, synthetic fabrics, modern high-strength steel alloys), modern tool designs (battery-powered tools, electric tools before 1880s), LED lighting, plastic materials, contemporary color schemes (high-visibility orange/yellow), modern fasteners, automobiles (horse-drawn only until very late 1880s).

Cool muted color grading: Desaturate to 70% of full color, cool temperature (+200K blue shift toward gray-blue), reduced contrast 15%, gentle highlights rolloff, preserved shadow detail in fog. Primary color bias: Gray-blue (fog, river, steel), cool green-gray (oxidized copper, river algae), muted brick red (buildings, aged materials), charcoal and soot black (coal smoke, industrial grime), weathered brown (wood, leather, rust). Avoid: Warm yellows, saturated reds, vivid greens, pure blacks, bright whites. Film grain: 35mm equivalent, subtle structure, minimal chrominance noise, slightly increased grain in shadow areas matching wet plate photography aesthetic of 1870s.

Cinematic wide shot capturing historic moment: first wire being pulled across East River between towers, 1876. Thin steel wire visible as dark line against foggy sky, suspended 135 feet above water. Workers on both towers coordinating. This single wire will guide all others. Ferry traffic stopped to watch. Victorian onlookers gathering on both shores."
18,B-ROLL,First Wire Across - Wire Detail,"Ultra-realistic cinematic documentary style. 4K resolution, professional color grading. Muted vintage color palette with soft desaturation, subtle film grain, realistic natural lighting. Historically accurate 1870s-1880s environment, Gilded Age vehicles, tools, and construction materials. Natural camera movement with professional cinematography: smooth dollies, crane shots, tracking movements, aerial perspectives. Realistic physics, authentic material behavior, grounded sense of massive scale and weight. Consistent period-appropriate color grading throughout all scenes.

Set in New York City, East River between Manhattan and Brooklyn, 1869-1883 Gilded Age era. Heavy industrial atmosphere with coal smoke, gas lighting becoming electric, steam-powered machinery, horse-drawn wagons and carriages. Workers wear: wool flat caps, striped cotton work shirts, canvas or leather trousers, heavy leather boots with nails, cotton suspenders, neckerchiefs, heavy wool coats in cold weather. Manual and early mechanical tool era: hand-forged hammers, chisels, steel cable tools, rope and wood pulley systems, steam-powered cranes, early pneumatic riveting hammers, compressed air caissons. No electric power tools, minimal safety equipment (leather gloves, cloth caps), wooden scaffolding with hemp rope, period-accurate Victorian-era materials only.

Urban coastal environment: East River tidal waters with strong currents, heavy fog banks rolling in from harbor, salt spray and maritime humidity, coal smoke from factories and steamships mixing with river mist, seagulls constant, ferry boat traffic, wooden docks and piers, brick warehouses and tenement buildings visible on both shores. Industrial New York sounds: steam whistles, horse hooves on cobblestones, ferry engines, dock work, church bells, train whistles in distance. Weather: fog common especially mornings, rain, snow in winter, occasional clear days revealing full span.

Absolute historical prohibition - exclude ALL anachronisms: Modern safety equipment (reflective vests, fall arrest systems, safety lanyards, modern hard hats with chin straps, safety glasses), digital devices, contemporary vehicles, current-era signage, modern construction techniques (current welding styles, contemporary concrete forms), anachronistic materials (modern plastics, contemporary composites, synthetic fabrics, modern high-strength steel alloys), modern tool designs (battery-powered tools, electric tools before 1880s), LED lighting, plastic materials, contemporary color schemes (high-visibility orange/yellow), modern fasteners, automobiles (horse-drawn only until very late 1880s).

Cool muted color grading: Desaturate to 70% of full color, cool temperature (+200K blue shift toward gray-blue), reduced contrast 15%, gentle highlights rolloff, preserved shadow detail in fog. Primary color bias: Gray-blue (fog, river, steel), cool green-gray (oxidized copper, river algae), muted brick red (buildings, aged materials), charcoal and soot black (coal smoke, industrial grime), weathered brown (wood, leather, rust). Avoid: Warm yellows, saturated reds, vivid greens, pure blacks, bright whites. Film grain: 35mm equivalent, subtle structure, minimal chrominance noise, slightly increased grain in shadow areas matching wet plate photography aesthetic of 1870s.

Close-up of first steel wire passing over tower saddle, wire vibrating slightly in wind, perfectly straight line disappearing into fog toward opposite tower, beginning of suspension system that will carry thousands of tons."
19,A-ROLL,Cable Spinning Begins - Traveling Wheels,"Ultra-realistic cinematic documentary style. 4K resolution, professional color grading. Muted vintage color palette with soft desaturation, subtle film grain, realistic natural lighting. Historically accurate 1870s-1880s environment, Gilded Age vehicles, tools, and construction materials. Natural camera movement with professional cinematography: smooth dollies, crane shots, tracking movements, aerial perspectives. Realistic physics, authentic material behavior, grounded sense of massive scale and weight. Consistent period-appropriate color grading throughout all scenes.

Set in New York City, East River between Manhattan and Brooklyn, 1869-1883 Gilded Age era. Heavy industrial atmosphere with coal smoke, gas lighting becoming electric, steam-powered machinery, horse-drawn wagons and carriages. Workers wear: wool flat caps, striped cotton work shirts, canvas or leather trousers, heavy leather boots with nails, cotton suspenders, neckerchiefs, heavy wool coats in cold weather. Manual and early mechanical tool era: hand-forged hammers, chisels, steel cable tools, rope and wood pulley systems, steam-powered cranes, early pneumatic riveting hammers, compressed air caissons. No electric power tools, minimal safety equipment (leather gloves, cloth caps), wooden scaffolding with hemp rope, period-accurate Victorian-era materials only.

Urban coastal environment: East River tidal waters with strong currents, heavy fog banks rolling in from harbor, salt spray and maritime humidity, coal smoke from factories and steamships mixing with river mist, seagulls constant, ferry boat traffic, wooden docks and piers, brick warehouses and tenement buildings visible on both shores. Industrial New York sounds: steam whistles, horse hooves on cobblestones, ferry engines, dock work, church bells, train whistles in distance. Weather: fog common especially mornings, rain, snow in winter, occasional clear days revealing full span.

Absolute historical prohibition - exclude ALL anachronisms: Modern safety equipment (reflective vests, fall arrest systems, safety lanyards, modern hard hats with chin straps, safety glasses), digital devices, contemporary vehicles, current-era signage, modern construction techniques (current welding styles, contemporary concrete forms), anachronistic materials (modern plastics, contemporary composites, synthetic fabrics, modern high-strength steel alloys), modern tool designs (battery-powered tools, electric tools before 1880s), LED lighting, plastic materials, contemporary color schemes (high-visibility orange/yellow), modern fasteners, automobiles (horse-drawn only until very late 1880s).

Cool muted color grading: Desaturate to 70% of full color, cool temperature (+200K blue shift toward gray-blue), reduced contrast 15%, gentle highlights rolloff, preserved shadow detail in fog. Primary color bias: Gray-blue (fog, river, steel), cool green-gray (oxidized copper, river algae), muted brick red (buildings, aged materials), charcoal and soot black (coal smoke, industrial grime), weathered brown (wood, leather, rust). Avoid: Warm yellows, saturated reds, vivid greens, pure blacks, bright whites. Film grain: 35mm equivalent, subtle structure, minimal chrominance noise, slightly increased grain in shadow areas matching wet plate photography aesthetic of 1870s.

Medium tracking shot of cable-spinning wheel mechanism beginning operation. Large grooved wheel (14 feet diameter) travels back and forth across wire, carrying two steel wires each trip. Workers guide wheel, mechanism moving smoothly on carrier wire. Innovation visible: continuous process that will lay 14,000 miles of wire. Hypnotic repetition beginning."
19,B-ROLL,Cable Spinning Begins - Wheel Mechanism,"Ultra-realistic cinematic documentary style. 4K resolution, professional color grading. Muted vintage color palette with soft desaturation, subtle film grain, realistic natural lighting. Historically accurate 1870s-1880s environment, Gilded Age vehicles, tools, and construction materials. Natural camera movement with professional cinematography: smooth dollies, crane shots, tracking movements, aerial perspectives. Realistic physics, authentic material behavior, grounded sense of massive scale and weight. Consistent period-appropriate color grading throughout all scenes.

Set in New York City, East River between Manhattan and Brooklyn, 1869-1883 Gilded Age era. Heavy industrial atmosphere with coal smoke, gas lighting becoming electric, steam-powered machinery, horse-drawn wagons and carriages. Workers wear: wool flat caps, striped cotton work shirts, canvas or leather trousers, heavy leather boots with nails, cotton suspenders, neckerchiefs, heavy wool coats in cold weather. Manual and early mechanical tool era: hand-forged hammers, chisels, steel cable tools, rope and wood pulley systems, steam-powered cranes, early pneumatic riveting hammers, compressed air caissons. No electric power tools, minimal safety equipment (leather gloves, cloth caps), wooden scaffolding with hemp rope, period-accurate Victorian-era materials only.

Urban coastal environment: East River tidal waters with strong currents, heavy fog banks rolling in from harbor, salt spray and maritime humidity, coal smoke from factories and steamships mixing with river mist, seagulls constant, ferry boat traffic, wooden docks and piers, brick warehouses and tenement buildings visible on both shores. Industrial New York sounds: steam whistles, horse hooves on cobblestones, ferry engines, dock work, church bells, train whistles in distance. Weather: fog common especially mornings, rain, snow in winter, occasional clear days revealing full span.

Absolute historical prohibition - exclude ALL anachronisms: Modern safety equipment (reflective vests, fall arrest systems, safety lanyards, modern hard hats with chin straps, safety glasses), digital devices, contemporary vehicles, current-era signage, modern construction techniques (current welding styles, contemporary concrete forms), anachronistic materials (modern plastics, contemporary composites, synthetic fabrics, modern high-strength steel alloys), modern tool designs (battery-powered tools, electric tools before 1880s), LED lighting, plastic materials, contemporary color schemes (high-visibility orange/yellow), modern fasteners, automobiles (horse-drawn only until very late 1880s).

Cool muted color grading: Desaturate to 70% of full color, cool temperature (+200K blue shift toward gray-blue), reduced contrast 15%, gentle highlights rolloff, preserved shadow detail in fog. Primary color bias: Gray-blue (fog, river, steel), cool green-gray (oxidized copper, river algae), muted brick red (buildings, aged materials), charcoal and soot black (coal smoke, industrial grime), weathered brown (wood, leather, rust). Avoid: Warm yellows, saturated reds, vivid greens, pure blacks, bright whites. Film grain: 35mm equivalent, subtle structure, minimal chrominance noise, slightly increased grain in shadow areas matching wet plate photography aesthetic of 1870s.

Extreme close-up of spinning wheel groove with wire passing through, wheel rotating smoothly, grease on bearings, Victorian mechanical precision, wire feeding steadily, beginning of months-long process."
20,A-ROLL,Cable Spinning Progress - Wire Accumulation,"Ultra-realistic cinematic documentary style. 4K resolution, professional color grading. Muted vintage color palette with soft desaturation, subtle film grain, realistic natural lighting. Historically accurate 1870s-1880s environment, Gilded Age vehicles, tools, and construction materials. Natural camera movement with professional cinematography: smooth dollies, crane shots, tracking movements, aerial perspectives. Realistic physics, authentic material behavior, grounded sense of massive scale and weight. Consistent period-appropriate color grading throughout all scenes.

Set in New York City, East River between Manhattan and Brooklyn, 1869-1883 Gilded Age era. Heavy industrial atmosphere with coal smoke, gas lighting becoming electric, steam-powered machinery, horse-drawn wagons and carriages. Workers wear: wool flat caps, striped cotton work shirts, canvas or leather trousers, heavy leather boots with nails, cotton suspenders, neckerchiefs, heavy wool coats in cold weather. Manual and early mechanical tool era: hand-forged hammers, chisels, steel cable tools, rope and wood pulley systems, steam-powered cranes, early pneumatic riveting hammers, compressed air caissons. No electric power tools, minimal safety equipment (leather gloves, cloth caps), wooden scaffolding with hemp rope, period-accurate Victorian-era materials only.

Urban coastal environment: East River tidal waters with strong currents, heavy fog banks rolling in from harbor, salt spray and maritime humidity, coal smoke from factories and steamships mixing with river mist, seagulls constant, ferry boat traffic, wooden docks and piers, brick warehouses and tenement buildings visible on both shores. Industrial New York sounds: steam whistles, horse hooves on cobblestones, ferry engines, dock work, church bells, train whistles in distance. Weather: fog common especially mornings, rain, snow in winter, occasional clear days revealing full span.

Absolute historical prohibition - exclude ALL anachronisms: Modern safety equipment (reflective vests, fall arrest systems, safety lanyards, modern hard hats with chin straps, safety glasses), digital devices, contemporary vehicles, current-era signage, modern construction techniques (current welding styles, contemporary concrete forms), anachronistic materials (modern plastics, contemporary composites, synthetic fabrics, modern high-strength steel alloys), modern tool designs (battery-powered tools, electric tools before 1880s), LED lighting, plastic materials, contemporary color schemes (high-visibility orange/yellow), modern fasteners, automobiles (horse-drawn only until very late 1880s).

Cool muted color grading: Desaturate to 70% of full color, cool temperature (+200K blue shift toward gray-blue), reduced contrast 15%, gentle highlights rolloff, preserved shadow detail in fog. Primary color bias: Gray-blue (fog, river, steel), cool green-gray (oxidized copper, river algae), muted brick red (buildings, aged materials), charcoal and soot black (coal smoke, industrial grime), weathered brown (wood, leather, rust). Avoid: Warm yellows, saturated reds, vivid greens, pure blacks, bright whites. Film grain: 35mm equivalent, subtle structure, minimal chrominance noise, slightly increased grain in shadow areas matching wet plate photography aesthetic of 1870s.

Cinematic time-lapse style shot showing cable growing from thin strand to thick bundle. Multiple shots compressed: wheel making thousands of trips, wires accumulating on saddles, workers coordinating on both towers. Seasons changing visible: summer heat, fall rain, winter snow, spring fog. Cable slowly thickening to 15.75 inches diameter. Victorian perseverance visible."
20,B-ROLL,Cable Spinning Progress - Wire Bundle Growing,"Ultra-realistic cinematic documentary style. 4K resolution, professional color grading. Muted vintage color palette with soft desaturation, subtle film grain, realistic natural lighting. Historically accurate 1870s-1880s environment, Gilded Age vehicles, tools, and construction materials. Natural camera movement with professional cinematography: smooth dollies, crane shots, tracking movements, aerial perspectives. Realistic physics, authentic material behavior, grounded sense of massive scale and weight. Consistent period-appropriate color grading throughout all scenes.

Set in New York City, East River between Manhattan and Brooklyn, 1869-1883 Gilded Age era. Heavy industrial atmosphere with coal smoke, gas lighting becoming electric, steam-powered machinery, horse-drawn wagons and carriages. Workers wear: wool flat caps, striped cotton work shirts, canvas or leather trousers, heavy leather boots with nails, cotton suspenders, neckerchiefs, heavy wool coats in cold weather. Manual and early mechanical tool era: hand-forged hammers, chisels, steel cable tools, rope and wood pulley systems, steam-powered cranes, early pneumatic riveting hammers, compressed air caissons. No electric power tools, minimal safety equipment (leather gloves, cloth caps), wooden scaffolding with hemp rope, period-accurate Victorian-era materials only.

Urban coastal environment: East River tidal waters with strong currents, heavy fog banks rolling in from harbor, salt spray and maritime humidity, coal smoke from factories and steamships mixing with river mist, seagulls constant, ferry boat traffic, wooden docks and piers, brick warehouses and tenement buildings visible on both shores. Industrial New York sounds: steam whistles, horse hooves on cobblestones, ferry engines, dock work, church bells, train whistles in distance. Weather: fog common especially mornings, rain, snow in winter, occasional clear days revealing full span.

Absolute historical prohibition - exclude ALL anachronisms: Modern safety equipment (reflective vests, fall arrest systems, safety lanyards, modern hard hats with chin straps, safety glasses), digital devices, contemporary vehicles, current-era signage, modern construction techniques (current welding styles, contemporary concrete forms), anachronistic materials (modern plastics, contemporary composites, synthetic fabrics, modern high-strength steel alloys), modern tool designs (battery-powered tools, electric tools before 1880s), LED lighting, plastic materials, contemporary color schemes (high-visibility orange/yellow), modern fasteners, automobiles (horse-drawn only until very late 1880s).

Cool muted color grading: Desaturate to 70% of full color, cool temperature (+200K blue shift toward gray-blue), reduced contrast 15%, gentle highlights rolloff, preserved shadow detail in fog. Primary color bias: Gray-blue (fog, river, steel), cool green-gray (oxidized copper, river algae), muted brick red (buildings, aged materials), charcoal and soot black (coal smoke, industrial grime), weathered brown (wood, leather, rust). Avoid: Warm yellows, saturated reds, vivid greens, pure blacks, bright whites. Film grain: 35mm equivalent, subtle structure, minimal chrominance noise, slightly increased grain in shadow areas matching wet plate photography aesthetic of 1870s.

Close-up of wire bundle at midpoint of spinning process, hundreds of individual wires visible, workers using special tools to align wires parallel, bundle halfway to full diameter, steel gleaming in filtered sunlight."
21,A-ROLL,Workers on Catwalks - High Above River,"Ultra-realistic cinematic documentary style. 4K resolution, professional color grading. Muted vintage color palette with soft desaturation, subtle film grain, realistic natural lighting. Historically accurate 1870s-1880s environment, Gilded Age vehicles, tools, and construction materials. Natural camera movement with professional cinematography: smooth dollies, crane shots, tracking movements, aerial perspectives. Realistic physics, authentic material behavior, grounded sense of massive scale and weight. Consistent period-appropriate color grading throughout all scenes.

Set in New York City, East River between Manhattan and Brooklyn, 1869-1883 Gilded Age era. Heavy industrial atmosphere with coal smoke, gas lighting becoming electric, steam-powered machinery, horse-drawn wagons and carriages. Workers wear: wool flat caps, striped cotton work shirts, canvas or leather trousers, heavy leather boots with nails, cotton suspenders, neckerchiefs, heavy wool coats in cold weather. Manual and early mechanical tool era: hand-forged hammers, chisels, steel cable tools, rope and wood pulley systems, steam-powered cranes, early pneumatic riveting hammers, compressed air caissons. No electric power tools, minimal safety equipment (leather gloves, cloth caps), wooden scaffolding with hemp rope, period-accurate Victorian-era materials only.

Urban coastal environment: East River tidal waters with strong currents, heavy fog banks rolling in from harbor, salt spray and maritime humidity, coal smoke from factories and steamships mixing with river mist, seagulls constant, ferry boat traffic, wooden docks and piers, brick warehouses and tenement buildings visible on both shores. Industrial New York sounds: steam whistles, horse hooves on cobblestones, ferry engines, dock work, church bells, train whistles in distance. Weather: fog common especially mornings, rain, snow in winter, occasional clear days revealing full span.

Absolute historical prohibition - exclude ALL anachronisms: Modern safety equipment (reflective vests, fall arrest systems, safety lanyards, modern hard hats with chin straps, safety glasses), digital devices, contemporary vehicles, current-era signage, modern construction techniques (current welding styles, contemporary concrete forms), anachronistic materials (modern plastics, contemporary composites, synthetic fabrics, modern high-strength steel alloys), modern tool designs (battery-powered tools, electric tools before 1880s), LED lighting, plastic materials, contemporary color schemes (high-visibility orange/yellow), modern fasteners, automobiles (horse-drawn only until very late 1880s).

Cool muted color grading: Desaturate to 70% of full color, cool temperature (+200K blue shift toward gray-blue), reduced contrast 15%, gentle highlights rolloff, preserved shadow detail in fog. Primary color bias: Gray-blue (fog, river, steel), cool green-gray (oxidized copper, river algae), muted brick red (buildings, aged materials), charcoal and soot black (coal smoke, industrial grime), weathered brown (wood, leather, rust). Avoid: Warm yellows, saturated reds, vivid greens, pure blacks, bright whites. Film grain: 35mm equivalent, subtle structure, minimal chrominance noise, slightly increased grain in shadow areas matching wet plate photography aesthetic of 1870s.

Dramatic high-angle shot of workers crossing temporary wooden catwalks strung between towers high above East River. Narrow planks, rope handrails only. Workers in wool caps carry tools, moving carefully in wind. Fog below obscures water, creating sense of infinite drop. Ferry boats tiny far below. Extreme danger emphasized: no safety equipment. Victorian-era risk tolerance."
21,B-ROLL,Workers on Catwalks - Hand on Rope Rail,"Ultra-realistic cinematic documentary style. 4K resolution, professional color grading. Muted vintage color palette with soft desaturation, subtle film grain, realistic natural lighting. Historically accurate 1870s-1880s environment, Gilded Age vehicles, tools, and construction materials. Natural camera movement with professional cinematography: smooth dollies, crane shots, tracking movements, aerial perspectives. Realistic physics, authentic material behavior, grounded sense of massive scale and weight. Consistent period-appropriate color grading throughout all scenes.

Set in New York City, East River between Manhattan and Brooklyn, 1869-1883 Gilded Age era. Heavy industrial atmosphere with coal smoke, gas lighting becoming electric, steam-powered machinery, horse-drawn wagons and carriages. Workers wear: wool flat caps, striped cotton work shirts, canvas or leather trousers, heavy leather boots with nails, cotton suspenders, neckerchiefs, heavy wool coats in cold weather. Manual and early mechanical tool era: hand-forged hammers, chisels, steel cable tools, rope and wood pulley systems, steam-powered cranes, early pneumatic riveting hammers, compressed air caissons. No electric power tools, minimal safety equipment (leather gloves, cloth caps), wooden scaffolding with hemp rope, period-accurate Victorian-era materials only.

Urban coastal environment: East River tidal waters with strong currents, heavy fog banks rolling in from harbor, salt spray and maritime humidity, coal smoke from factories and steamships mixing with river mist, seagulls constant, ferry boat traffic, wooden docks and piers, brick warehouses and tenement buildings visible on both shores. Industrial New York sounds: steam whistles, horse hooves on cobblestones, ferry engines, dock work, church bells, train whistles in distance. Weather: fog common especially mornings, rain, snow in winter, occasional clear days revealing full span.

Absolute historical prohibition - exclude ALL anachronisms: Modern safety equipment (reflective vests, fall arrest systems, safety lanyards, modern hard hats with chin straps, safety glasses), digital devices, contemporary vehicles, current-era signage, modern construction techniques (current welding styles, contemporary concrete forms), anachronistic materials (modern plastics, contemporary composites, synthetic fabrics, modern high-strength steel alloys), modern tool designs (battery-powered tools, electric tools before 1880s), LED lighting, plastic materials, contemporary color schemes (high-visibility orange/yellow), modern fasteners, automobiles (horse-drawn only until very late 1880s).

Cool muted color grading: Desaturate to 70% of full color, cool temperature (+200K blue shift toward gray-blue), reduced contrast 15%, gentle highlights rolloff, preserved shadow detail in fog. Primary color bias: Gray-blue (fog, river, steel), cool green-gray (oxidized copper, river algae), muted brick red (buildings, aged materials), charcoal and soot black (coal smoke, industrial grime), weathered brown (wood, leather, rust). Avoid: Warm yellows, saturated reds, vivid greens, pure blacks, bright whites. Film grain: 35mm equivalent, subtle structure, minimal chrominance noise, slightly increased grain in shadow areas matching wet plate photography aesthetic of 1870s.

Close-up of worker weathered hand gripping hemp rope handrail, knuckles white, rope fibers rough and tar-coated, wedding ring visible on finger, human detail against inhuman height, wind making rope vibrate."
22,A-ROLL,Cable Compacting - Massive Pressure,"Ultra-realistic cinematic documentary style. 4K resolution, professional color grading. Muted vintage color palette with soft desaturation, subtle film grain, realistic natural lighting. Historically accurate 1870s-1880s environment, Gilded Age vehicles, tools, and construction materials. Natural camera movement with professional cinematography: smooth dollies, crane shots, tracking movements, aerial perspectives. Realistic physics, authentic material behavior, grounded sense of massive scale and weight. Consistent period-appropriate color grading throughout all scenes.

Set in New York City, East River between Manhattan and Brooklyn, 1869-1883 Gilded Age era. Heavy industrial atmosphere with coal smoke, gas lighting becoming electric, steam-powered machinery, horse-drawn wagons and carriages. Workers wear: wool flat caps, striped cotton work shirts, canvas or leather trousers, heavy leather boots with nails, cotton suspenders, neckerchiefs, heavy wool coats in cold weather. Manual and early mechanical tool era: hand-forged hammers, chisels, steel cable tools, rope and wood pulley systems, steam-powered cranes, early pneumatic riveting hammers, compressed air caissons. No electric power tools, minimal safety equipment (leather gloves, cloth caps), wooden scaffolding with hemp rope, period-accurate Victorian-era materials only.

Urban coastal environment: East River tidal waters with strong currents, heavy fog banks rolling in from harbor, salt spray and maritime humidity, coal smoke from factories and steamships mixing with river mist, seagulls constant, ferry boat traffic, wooden docks and piers, brick warehouses and tenement buildings visible on both shores. Industrial New York sounds: steam whistles, horse hooves on cobblestones, ferry engines, dock work, church bells, train whistles in distance. Weather: fog common especially mornings, rain, snow in winter, occasional clear days revealing full span.

Absolute historical prohibition - exclude ALL anachronisms: Modern safety equipment (reflective vests, fall arrest systems, safety lanyards, modern hard hats with chin straps, safety glasses), digital devices, contemporary vehicles, current-era signage, modern construction techniques (current welding styles, contemporary concrete forms), anachronistic materials (modern plastics, contemporary composites, synthetic fabrics, modern high-strength steel alloys), modern tool designs (battery-powered tools, electric tools before 1880s), LED lighting, plastic materials, contemporary color schemes (high-visibility orange/yellow), modern fasteners, automobiles (horse-drawn only until very late 1880s).

Cool muted color grading: Desaturate to 70% of full color, cool temperature (+200K blue shift toward gray-blue), reduced contrast 15%, gentle highlights rolloff, preserved shadow detail in fog. Primary color bias: Gray-blue (fog, river, steel), cool green-gray (oxidized copper, river algae), muted brick red (buildings, aged materials), charcoal and soot black (coal smoke, industrial grime), weathered brown (wood, leather, rust). Avoid: Warm yellows, saturated reds, vivid greens, pure blacks, bright whites. Film grain: 35mm equivalent, subtle structure, minimal chrominance noise, slightly increased grain in shadow areas matching wet plate photography aesthetic of 1870s.

Wide shot showing hydraulic compacting machine squeezing wire bundle into tight circular cable. Enormous pressure applied, wires forced together, oil and wire fragments squeezing out. Workers operating steam-powered hydraulic pump. Cable diameter reducing from loose bundle to tight 15.75-inch circle. Engineering precision visible: wires must be perfectly compressed."
22,B-ROLL,Cable Compacting - Wire Compression,"Ultra-realistic cinematic documentary style. 4K resolution, professional color grading. Muted vintage color palette with soft desaturation, subtle film grain, realistic natural lighting. Historically accurate 1870s-1880s environment, Gilded Age vehicles, tools, and construction materials. Natural camera movement with professional cinematography: smooth dollies, crane shots, tracking movements, aerial perspectives. Realistic physics, authentic material behavior, grounded sense of massive scale and weight. Consistent period-appropriate color grading throughout all scenes.

Set in New York City, East River between Manhattan and Brooklyn, 1869-1883 Gilded Age era. Heavy industrial atmosphere with coal smoke, gas lighting becoming electric, steam-powered machinery, horse-drawn wagons and carriages. Workers wear: wool flat caps, striped cotton work shirts, canvas or leather trousers, heavy leather boots with nails, cotton suspenders, neckerchiefs, heavy wool coats in cold weather. Manual and early mechanical tool era: hand-forged hammers, chisels, steel cable tools, rope and wood pulley systems, steam-powered cranes, early pneumatic riveting hammers, compressed air caissons. No electric power tools, minimal safety equipment (leather gloves, cloth caps), wooden scaffolding with hemp rope, period-accurate Victorian-era materials only.

Urban coastal environment: East River tidal waters with strong currents, heavy fog banks rolling in from harbor, salt spray and maritime humidity, coal smoke from factories and steamships mixing with river mist, seagulls constant, ferry boat traffic, wooden docks and piers, brick warehouses and tenement buildings visible on both shores. Industrial New York sounds: steam whistles, horse hooves on cobblestones, ferry engines, dock work, church bells, train whistles in distance. Weather: fog common especially mornings, rain, snow in winter, occasional clear days revealing full span.

Absolute historical prohibition - exclude ALL anachronisms: Modern safety equipment (reflective vests, fall arrest systems, safety lanyards, modern hard hats with chin straps, safety glasses), digital devices, contemporary vehicles, current-era signage, modern construction techniques (current welding styles, contemporary concrete forms), anachronistic materials (modern plastics, contemporary composites, synthetic fabrics, modern high-strength steel alloys), modern tool designs (battery-powered tools, electric tools before 1880s), LED lighting, plastic materials, contemporary color schemes (high-visibility orange/yellow), modern fasteners, automobiles (horse-drawn only until very late 1880s).

Cool muted color grading: Desaturate to 70% of full color, cool temperature (+200K blue shift toward gray-blue), reduced contrast 15%, gentle highlights rolloff, preserved shadow detail in fog. Primary color bias: Gray-blue (fog, river, steel), cool green-gray (oxidized copper, river algae), muted brick red (buildings, aged materials), charcoal and soot black (coal smoke, industrial grime), weathered brown (wood, leather, rust). Avoid: Warm yellows, saturated reds, vivid greens, pure blacks, bright whites. Film grain: 35mm equivalent, subtle structure, minimal chrominance noise, slightly increased grain in shadow areas matching wet plate photography aesthetic of 1870s.

Extreme close-up of wire strands being compressed together, individual wires visible deforming slightly under pressure, excess oil being squeezed out, metal-on-metal contact being achieved, Victorian engineering detail."
23,A-ROLL,Cable Wrapping - Wire Binding,"Ultra-realistic cinematic documentary style. 4K resolution, professional color grading. Muted vintage color palette with soft desaturation, subtle film grain, realistic natural lighting. Historically accurate 1870s-1880s environment, Gilded Age vehicles, tools, and construction materials. Natural camera movement with professional cinematography: smooth dollies, crane shots, tracking movements, aerial perspectives. Realistic physics, authentic material behavior, grounded sense of massive scale and weight. Consistent period-appropriate color grading throughout all scenes.

Set in New York City, East River between Manhattan and Brooklyn, 1869-1883 Gilded Age era. Heavy industrial atmosphere with coal smoke, gas lighting becoming electric, steam-powered machinery, horse-drawn wagons and carriages. Workers wear: wool flat caps, striped cotton work shirts, canvas or leather trousers, heavy leather boots with nails, cotton suspenders, neckerchiefs, heavy wool coats in cold weather. Manual and early mechanical tool era: hand-forged hammers, chisels, steel cable tools, rope and wood pulley systems, steam-powered cranes, early pneumatic riveting hammers, compressed air caissons. No electric power tools, minimal safety equipment (leather gloves, cloth caps), wooden scaffolding with hemp rope, period-accurate Victorian-era materials only.

Urban coastal environment: East River tidal waters with strong currents, heavy fog banks rolling in from harbor, salt spray and maritime humidity, coal smoke from factories and steamships mixing with river mist, seagulls constant, ferry boat traffic, wooden docks and piers, brick warehouses and tenement buildings visible on both shores. Industrial New York sounds: steam whistles, horse hooves on cobblestones, ferry engines, dock work, church bells, train whistles in distance. Weather: fog common especially mornings, rain, snow in winter, occasional clear days revealing full span.

Absolute historical prohibition - exclude ALL anachronisms: Modern safety equipment (reflective vests, fall arrest systems, safety lanyards, modern hard hats with chin straps, safety glasses), digital devices, contemporary vehicles, current-era signage, modern construction techniques (current welding styles, contemporary concrete forms), anachronistic materials (modern plastics, contemporary composites, synthetic fabrics, modern high-strength steel alloys), modern tool designs (battery-powered tools, electric tools before 1880s), LED lighting, plastic materials, contemporary color schemes (high-visibility orange/yellow), modern fasteners, automobiles (horse-drawn only until very late 1880s).

Cool muted color grading: Desaturate to 70% of full color, cool temperature (+200K blue shift toward gray-blue), reduced contrast 15%, gentle highlights rolloff, preserved shadow detail in fog. Primary color bias: Gray-blue (fog, river, steel), cool green-gray (oxidized copper, river algae), muted brick red (buildings, aged materials), charcoal and soot black (coal smoke, industrial grime), weathered brown (wood, leather, rust). Avoid: Warm yellows, saturated reds, vivid greens, pure blacks, bright whites. Film grain: 35mm equivalent, subtle structure, minimal chrominance noise, slightly increased grain in shadow areas matching wet plate photography aesthetic of 1870s.

Medium tracking shot following workers wrapping completed cable with soft wire binding. Men move along cable length on bosun chairs, wrapping wire in tight spiral pattern. Protection against weather and corrosion. Skilled craftsmanship visible: perfect spiral, consistent tension. Cable now smooth cylinder, individual wires sealed inside wrapping."
23,B-ROLL,Cable Wrapping - Spiral Pattern,"Ultra-realistic cinematic documentary style. 4K resolution, professional color grading. Muted vintage color palette with soft desaturation, subtle film grain, realistic natural lighting. Historically accurate 1870s-1880s environment, Gilded Age vehicles, tools, and construction materials. Natural camera movement with professional cinematography: smooth dollies, crane shots, tracking movements, aerial perspectives. Realistic physics, authentic material behavior, grounded sense of massive scale and weight. Consistent period-appropriate color grading throughout all scenes.

Set in New York City, East River between Manhattan and Brooklyn, 1869-1883 Gilded Age era. Heavy industrial atmosphere with coal smoke, gas lighting becoming electric, steam-powered machinery, horse-drawn wagons and carriages. Workers wear: wool flat caps, striped cotton work shirts, canvas or leather trousers, heavy leather boots with nails, cotton suspenders, neckerchiefs, heavy wool coats in cold weather. Manual and early mechanical tool era: hand-forged hammers, chisels, steel cable tools, rope and wood pulley systems, steam-powered cranes, early pneumatic riveting hammers, compressed air caissons. No electric power tools, minimal safety equipment (leather gloves, cloth caps), wooden scaffolding with hemp rope, period-accurate Victorian-era materials only.

Urban coastal environment: East River tidal waters with strong currents, heavy fog banks rolling in from harbor, salt spray and maritime humidity, coal smoke from factories and steamships mixing with river mist, seagulls constant, ferry boat traffic, wooden docks and piers, brick warehouses and tenement buildings visible on both shores. Industrial New York sounds: steam whistles, horse hooves on cobblestones, ferry engines, dock work, church bells, train whistles in distance. Weather: fog common especially mornings, rain, snow in winter, occasional clear days revealing full span.

Absolute historical prohibition - exclude ALL anachronisms: Modern safety equipment (reflective vests, fall arrest systems, safety lanyards, modern hard hats with chin straps, safety glasses), digital devices, contemporary vehicles, current-era signage, modern construction techniques (current welding styles, contemporary concrete forms), anachronistic materials (modern plastics, contemporary composites, synthetic fabrics, modern high-strength steel alloys), modern tool designs (battery-powered tools, electric tools before 1880s), LED lighting, plastic materials, contemporary color schemes (high-visibility orange/yellow), modern fasteners, automobiles (horse-drawn only until very late 1880s).

Cool muted color grading: Desaturate to 70% of full color, cool temperature (+200K blue shift toward gray-blue), reduced contrast 15%, gentle highlights rolloff, preserved shadow detail in fog. Primary color bias: Gray-blue (fog, river, steel), cool green-gray (oxidized copper, river algae), muted brick red (buildings, aged materials), charcoal and soot black (coal smoke, industrial grime), weathered brown (wood, leather, rust). Avoid: Warm yellows, saturated reds, vivid greens, pure blacks, bright whites. Film grain: 35mm equivalent, subtle structure, minimal chrominance noise, slightly increased grain in shadow areas matching wet plate photography aesthetic of 1870s.

Close-up of wrapping wire creating perfect diagonal spiral pattern on cable surface, worker hands maintaining tension, wire feeding from spool, Victorian attention to detail in protective wrapping."
24,A-ROLL,Four Main Cables Complete - Suspension System,"Ultra-realistic cinematic documentary style. 4K resolution, professional color grading. Muted vintage color palette with soft desaturation, subtle film grain, realistic natural lighting. Historically accurate 1870s-1880s environment, Gilded Age vehicles, tools, and construction materials. Natural camera movement with professional cinematography: smooth dollies, crane shots, tracking movements, aerial perspectives. Realistic physics, authentic material behavior, grounded sense of massive scale and weight. Consistent period-appropriate color grading throughout all scenes.

Set in New York City, East River between Manhattan and Brooklyn, 1869-1883 Gilded Age era. Heavy industrial atmosphere with coal smoke, gas lighting becoming electric, steam-powered machinery, horse-drawn wagons and carriages. Workers wear: wool flat caps, striped cotton work shirts, canvas or leather trousers, heavy leather boots with nails, cotton suspenders, neckerchiefs, heavy wool coats in cold weather. Manual and early mechanical tool era: hand-forged hammers, chisels, steel cable tools, rope and wood pulley systems, steam-powered cranes, early pneumatic riveting hammers, compressed air caissons. No electric power tools, minimal safety equipment (leather gloves, cloth caps), wooden scaffolding with hemp rope, period-accurate Victorian-era materials only.

Urban coastal environment: East River tidal waters with strong currents, heavy fog banks rolling in from harbor, salt spray and maritime humidity, coal smoke from factories and steamships mixing with river mist, seagulls constant, ferry boat traffic, wooden docks and piers, brick warehouses and tenement buildings visible on both shores. Industrial New York sounds: steam whistles, horse hooves on cobblestones, ferry engines, dock work, church bells, train whistles in distance. Weather: fog common especially mornings, rain, snow in winter, occasional clear days revealing full span.

Absolute historical prohibition - exclude ALL anachronisms: Modern safety equipment (reflective vests, fall arrest systems, safety lanyards, modern hard hats with chin straps, safety glasses), digital devices, contemporary vehicles, current-era signage, modern construction techniques (current welding styles, contemporary concrete forms), anachronistic materials (modern plastics, contemporary composites, synthetic fabrics, modern high-strength steel alloys), modern tool designs (battery-powered tools, electric tools before 1880s), LED lighting, plastic materials, contemporary color schemes (high-visibility orange/yellow), modern fasteners, automobiles (horse-drawn only until very late 1880s).

Cool muted color grading: Desaturate to 70% of full color, cool temperature (+200K blue shift toward gray-blue), reduced contrast 15%, gentle highlights rolloff, preserved shadow detail in fog. Primary color bias: Gray-blue (fog, river, steel), cool green-gray (oxidized copper, river algae), muted brick red (buildings, aged materials), charcoal and soot black (coal smoke, industrial grime), weathered brown (wood, leather, rust). Avoid: Warm yellows, saturated reds, vivid greens, pure blacks, bright whites. Film grain: 35mm equivalent, subtle structure, minimal chrominance noise, slightly increased grain in shadow areas matching wet plate photography aesthetic of 1870s.

Cinematic aerial shot revealing all four main cables in place: two on each side of roadway. Cables sweep in perfect catenary curves from anchorage to towers to opposite anchorage. Massive scale visible: each cable 15.75 inches diameter, contains 5,434 parallel wires. Gothic towers support cables at midpoint. Fog obscures base, cables emerge like steel rainbows."
24,B-ROLL,Four Main Cables Complete - Cable Saddle,"Ultra-realistic cinematic documentary style. 4K resolution, professional color grading. Muted vintage color palette with soft desaturation, subtle film grain, realistic natural lighting. Historically accurate 1870s-1880s environment, Gilded Age vehicles, tools, and construction materials. Natural camera movement with professional cinematography: smooth dollies, crane shots, tracking movements, aerial perspectives. Realistic physics, authentic material behavior, grounded sense of massive scale and weight. Consistent period-appropriate color grading throughout all scenes.

Set in New York City, East River between Manhattan and Brooklyn, 1869-1883 Gilded Age era. Heavy industrial atmosphere with coal smoke, gas lighting becoming electric, steam-powered machinery, horse-drawn wagons and carriages. Workers wear: wool flat caps, striped cotton work shirts, canvas or leather trousers, heavy leather boots with nails, cotton suspenders, neckerchiefs, heavy wool coats in cold weather. Manual and early mechanical tool era: hand-forged hammers, chisels, steel cable tools, rope and wood pulley systems, steam-powered cranes, early pneumatic riveting hammers, compressed air caissons. No electric power tools, minimal safety equipment (leather gloves, cloth caps), wooden scaffolding with hemp rope, period-accurate Victorian-era materials only.

Urban coastal environment: East River tidal waters with strong currents, heavy fog banks rolling in from harbor, salt spray and maritime humidity, coal smoke from factories and steamships mixing with river mist, seagulls constant, ferry boat traffic, wooden docks and piers, brick warehouses and tenement buildings visible on both shores. Industrial New York sounds: steam whistles, horse hooves on cobblestones, ferry engines, dock work, church bells, train whistles in distance. Weather: fog common especially mornings, rain, snow in winter, occasional clear days revealing full span.

Absolute historical prohibition - exclude ALL anachronisms: Modern safety equipment (reflective vests, fall arrest systems, safety lanyards, modern hard hats with chin straps, safety glasses), digital devices, contemporary vehicles, current-era signage, modern construction techniques (current welding styles, contemporary concrete forms), anachronistic materials (modern plastics, contemporary composites, synthetic fabrics, modern high-strength steel alloys), modern tool designs (battery-powered tools, electric tools before 1880s), LED lighting, plastic materials, contemporary color schemes (high-visibility orange/yellow), modern fasteners, automobiles (horse-drawn only until very late 1880s).

Cool muted color grading: Desaturate to 70% of full color, cool temperature (+200K blue shift toward gray-blue), reduced contrast 15%, gentle highlights rolloff, preserved shadow detail in fog. Primary color bias: Gray-blue (fog, river, steel), cool green-gray (oxidized copper, river algae), muted brick red (buildings, aged materials), charcoal and soot black (coal smoke, industrial grime), weathered brown (wood, leather, rust). Avoid: Warm yellows, saturated reds, vivid greens, pure blacks, bright whites. Film grain: 35mm equivalent, subtle structure, minimal chrominance noise, slightly increased grain in shadow areas matching wet plate photography aesthetic of 1870s.

Close-up of cable resting in cast iron saddle atop tower, saddle curved groove holding cable, load being transferred to tower, Victorian cast iron quality visible in smooth curves and precise fit."
25,A-ROLL,Suspender Cables Installed - Vertical Hangers,"Ultra-realistic cinematic documentary style. 4K resolution, professional color grading. Muted vintage color palette with soft desaturation, subtle film grain, realistic natural lighting. Historically accurate 1870s-1880s environment, Gilded Age vehicles, tools, and construction materials. Natural camera movement with professional cinematography: smooth dollies, crane shots, tracking movements, aerial perspectives. Realistic physics, authentic material behavior, grounded sense of massive scale and weight. Consistent period-appropriate color grading throughout all scenes.

Set in New York City, East River between Manhattan and Brooklyn, 1869-1883 Gilded Age era. Heavy industrial atmosphere with coal smoke, gas lighting becoming electric, steam-powered machinery, horse-drawn wagons and carriages. Workers wear: wool flat caps, striped cotton work shirts, canvas or leather trousers, heavy leather boots with nails, cotton suspenders, neckerchiefs, heavy wool coats in cold weather. Manual and early mechanical tool era: hand-forged hammers, chisels, steel cable tools, rope and wood pulley systems, steam-powered cranes, early pneumatic riveting hammers, compressed air caissons. No electric power tools, minimal safety equipment (leather gloves, cloth caps), wooden scaffolding with hemp rope, period-accurate Victorian-era materials only.

Urban coastal environment: East River tidal waters with strong currents, heavy fog banks rolling in from harbor, salt spray and maritime humidity, coal smoke from factories and steamships mixing with river mist, seagulls constant, ferry boat traffic, wooden docks and piers, brick warehouses and tenement buildings visible on both shores. Industrial New York sounds: steam whistles, horse hooves on cobblestones, ferry engines, dock work, church bells, train whistles in distance. Weather: fog common especially mornings, rain, snow in winter, occasional clear days revealing full span.

Absolute historical prohibition - exclude ALL anachronisms: Modern safety equipment (reflective vests, fall arrest systems, safety lanyards, modern hard hats with chin straps, safety glasses), digital devices, contemporary vehicles, current-era signage, modern construction techniques (current welding styles, contemporary concrete forms), anachronistic materials (modern plastics, contemporary composites, synthetic fabrics, modern high-strength steel alloys), modern tool designs (battery-powered tools, electric tools before 1880s), LED lighting, plastic materials, contemporary color schemes (high-visibility orange/yellow), modern fasteners, automobiles (horse-drawn only until very late 1880s).

Cool muted color grading: Desaturate to 70% of full color, cool temperature (+200K blue shift toward gray-blue), reduced contrast 15%, gentle highlights rolloff, preserved shadow detail in fog. Primary color bias: Gray-blue (fog, river, steel), cool green-gray (oxidized copper, river algae), muted brick red (buildings, aged materials), charcoal and soot black (coal smoke, industrial grime), weathered brown (wood, leather, rust). Avoid: Warm yellows, saturated reds, vivid greens, pure blacks, bright whites. Film grain: 35mm equivalent, subtle structure, minimal chrominance noise, slightly increased grain in shadow areas matching wet plate photography aesthetic of 1870s.

Wide shot showing vertical suspender cables being attached from main cables down to roadway level. Workers on platforms attach cables at precise spacing. Steel cables hang like harp strings. These will support roadway weight. Rhythm visible: cable every 8 feet, mathematical precision across entire span. Gothic towers frame work."
25,B-ROLL,Suspender Cables Installed - Cable Clamp,"Ultra-realistic cinematic documentary style. 4K resolution, professional color grading. Muted vintage color palette with soft desaturation, subtle film grain, realistic natural lighting. Historically accurate 1870s-1880s environment, Gilded Age vehicles, tools, and construction materials. Natural camera movement with professional cinematography: smooth dollies, crane shots, tracking movements, aerial perspectives. Realistic physics, authentic material behavior, grounded sense of massive scale and weight. Consistent period-appropriate color grading throughout all scenes.

Set in New York City, East River between Manhattan and Brooklyn, 1869-1883 Gilded Age era. Heavy industrial atmosphere with coal smoke, gas lighting becoming electric, steam-powered machinery, horse-drawn wagons and carriages. Workers wear: wool flat caps, striped cotton work shirts, canvas or leather trousers, heavy leather boots with nails, cotton suspenders, neckerchiefs, heavy wool coats in cold weather. Manual and early mechanical tool era: hand-forged hammers, chisels, steel cable tools, rope and wood pulley systems, steam-powered cranes, early pneumatic riveting hammers, compressed air caissons. No electric power tools, minimal safety equipment (leather gloves, cloth caps), wooden scaffolding with hemp rope, period-accurate Victorian-era materials only.

Urban coastal environment: East River tidal waters with strong currents, heavy fog banks rolling in from harbor, salt spray and maritime humidity, coal smoke from factories and steamships mixing with river mist, seagulls constant, ferry boat traffic, wooden docks and piers, brick warehouses and tenement buildings visible on both shores. Industrial New York sounds: steam whistles, horse hooves on cobblestones, ferry engines, dock work, church bells, train whistles in distance. Weather: fog common especially mornings, rain, snow in winter, occasional clear days revealing full span.

Absolute historical prohibition - exclude ALL anachronisms: Modern safety equipment (reflective vests, fall arrest systems, safety lanyards, modern hard hats with chin straps, safety glasses), digital devices, contemporary vehicles, current-era signage, modern construction techniques (current welding styles, contemporary concrete forms), anachronistic materials (modern plastics, contemporary composites, synthetic fabrics, modern high-strength steel alloys), modern tool designs (battery-powered tools, electric tools before 1880s), LED lighting, plastic materials, contemporary color schemes (high-visibility orange/yellow), modern fasteners, automobiles (horse-drawn only until very late 1880s).

Cool muted color grading: Desaturate to 70% of full color, cool temperature (+200K blue shift toward gray-blue), reduced contrast 15%, gentle highlights rolloff, preserved shadow detail in fog. Primary color bias: Gray-blue (fog, river, steel), cool green-gray (oxidized copper, river algae), muted brick red (buildings, aged materials), charcoal and soot black (coal smoke, industrial grime), weathered brown (wood, leather, rust). Avoid: Warm yellows, saturated reds, vivid greens, pure blacks, bright whites. Film grain: 35mm equivalent, subtle structure, minimal chrominance noise, slightly increased grain in shadow areas matching wet plate photography aesthetic of 1870s.

Extreme close-up of cast iron cable clamp attaching suspender cable to main cable, bolts being tightened, Victorian thread pattern visible, clamp designed to grip without damaging cable wrapping."
26,A-ROLL,Roadway Framework Begins - Steel Trusses,"Ultra-realistic cinematic documentary style. 4K resolution, professional color grading. Muted vintage color palette with soft desaturation, subtle film grain, realistic natural lighting. Historically accurate 1870s-1880s environment, Gilded Age vehicles, tools, and construction materials. Natural camera movement with professional cinematography: smooth dollies, crane shots, tracking movements, aerial perspectives. Realistic physics, authentic material behavior, grounded sense of massive scale and weight. Consistent period-appropriate color grading throughout all scenes.

Set in New York City, East River between Manhattan and Brooklyn, 1869-1883 Gilded Age era. Heavy industrial atmosphere with coal smoke, gas lighting becoming electric, steam-powered machinery, horse-drawn wagons and carriages. Workers wear: wool flat caps, striped cotton work shirts, canvas or leather trousers, heavy leather boots with nails, cotton suspenders, neckerchiefs, heavy wool coats in cold weather. Manual and early mechanical tool era: hand-forged hammers, chisels, steel cable tools, rope and wood pulley systems, steam-powered cranes, early pneumatic riveting hammers, compressed air caissons. No electric power tools, minimal safety equipment (leather gloves, cloth caps), wooden scaffolding with hemp rope, period-accurate Victorian-era materials only.

Urban coastal environment: East River tidal waters with strong currents, heavy fog banks rolling in from harbor, salt spray and maritime humidity, coal smoke from factories and steamships mixing with river mist, seagulls constant, ferry boat traffic, wooden docks and piers, brick warehouses and tenement buildings visible on both shores. Industrial New York sounds: steam whistles, horse hooves on cobblestones, ferry engines, dock work, church bells, train whistles in distance. Weather: fog common especially mornings, rain, snow in winter, occasional clear days revealing full span.

Absolute historical prohibition - exclude ALL anachronisms: Modern safety equipment (reflective vests, fall arrest systems, safety lanyards, modern hard hats with chin straps, safety glasses), digital devices, contemporary vehicles, current-era signage, modern construction techniques (current welding styles, contemporary concrete forms), anachronistic materials (modern plastics, contemporary composites, synthetic fabrics, modern high-strength steel alloys), modern tool designs (battery-powered tools, electric tools before 1880s), LED lighting, plastic materials, contemporary color schemes (high-visibility orange/yellow), modern fasteners, automobiles (horse-drawn only until very late 1880s).

Cool muted color grading: Desaturate to 70% of full color, cool temperature (+200K blue shift toward gray-blue), reduced contrast 15%, gentle highlights rolloff, preserved shadow detail in fog. Primary color bias: Gray-blue (fog, river, steel), cool green-gray (oxidized copper, river algae), muted brick red (buildings, aged materials), charcoal and soot black (coal smoke, industrial grime), weathered brown (wood, leather, rust). Avoid: Warm yellows, saturated reds, vivid greens, pure blacks, bright whites. Film grain: 35mm equivalent, subtle structure, minimal chrominance noise, slightly increased grain in shadow areas matching wet plate photography aesthetic of 1870s.

Medium crane shot showing first steel truss sections for roadway being lifted into position, suspended from cables. Workers guide trusses, connecting framework piece by piece. Roadway slowly spanning river, built outward from both towers simultaneously. Victorian steel fabrication: riveted connections, built to last. Industrial construction advancing over water."
26,B-ROLL,Roadway Framework Begins - Rivet Heating,"Ultra-realistic cinematic documentary style. 4K resolution, professional color grading. Muted vintage color palette with soft desaturation, subtle film grain, realistic natural lighting. Historically accurate 1870s-1880s environment, Gilded Age vehicles, tools, and construction materials. Natural camera movement with professional cinematography: smooth dollies, crane shots, tracking movements, aerial perspectives. Realistic physics, authentic material behavior, grounded sense of massive scale and weight. Consistent period-appropriate color grading throughout all scenes.

Set in New York City, East River between Manhattan and Brooklyn, 1869-1883 Gilded Age era. Heavy industrial atmosphere with coal smoke, gas lighting becoming electric, steam-powered machinery, horse-drawn wagons and carriages. Workers wear: wool flat caps, striped cotton work shirts, canvas or leather trousers, heavy leather boots with nails, cotton suspenders, neckerchiefs, heavy wool coats in cold weather. Manual and early mechanical tool era: hand-forged hammers, chisels, steel cable tools, rope and wood pulley systems, steam-powered cranes, early pneumatic riveting hammers, compressed air caissons. No electric power tools, minimal safety equipment (leather gloves, cloth caps), wooden scaffolding with hemp rope, period-accurate Victorian-era materials only.

Urban coastal environment: East River tidal waters with strong currents, heavy fog banks rolling in from harbor, salt spray and maritime humidity, coal smoke from factories and steamships mixing with river mist, seagulls constant, ferry boat traffic, wooden docks and piers, brick warehouses and tenement buildings visible on both shores. Industrial New York sounds: steam whistles, horse hooves on cobblestones, ferry engines, dock work, church bells, train whistles in distance. Weather: fog common especially mornings, rain, snow in winter, occasional clear days revealing full span.

Absolute historical prohibition - exclude ALL anachronisms: Modern safety equipment (reflective vests, fall arrest systems, safety lanyards, modern hard hats with chin straps, safety glasses), digital devices, contemporary vehicles, current-era signage, modern construction techniques (current welding styles, contemporary concrete forms), anachronistic materials (modern plastics, contemporary composites, synthetic fabrics, modern high-strength steel alloys), modern tool designs (battery-powered tools, electric tools before 1880s), LED lighting, plastic materials, contemporary color schemes (high-visibility orange/yellow), modern fasteners, automobiles (horse-drawn only until very late 1880s).

Cool muted color grading: Desaturate to 70% of full color, cool temperature (+200K blue shift toward gray-blue), reduced contrast 15%, gentle highlights rolloff, preserved shadow detail in fog. Primary color bias: Gray-blue (fog, river, steel), cool green-gray (oxidized copper, river algae), muted brick red (buildings, aged materials), charcoal and soot black (coal smoke, industrial grime), weathered brown (wood, leather, rust). Avoid: Warm yellows, saturated reds, vivid greens, pure blacks, bright whites. Film grain: 35mm equivalent, subtle structure, minimal chrominance noise, slightly increased grain in shadow areas matching wet plate photography aesthetic of 1870s.

Close-up of rivets being heated red-hot in portable forge on roadway framework, worker using tongs to pull glowing rivet, tosser preparing to throw to catcher across gap, Victorian riveting process."
27,A-ROLL,Riveting Crews - Hot Rivet Assembly,"Ultra-realistic cinematic documentary style. 4K resolution, professional color grading. Muted vintage color palette with soft desaturation, subtle film grain, realistic natural lighting. Historically accurate 1870s-1880s environment, Gilded Age vehicles, tools, and construction materials. Natural camera movement with professional cinematography: smooth dollies, crane shots, tracking movements, aerial perspectives. Realistic physics, authentic material behavior, grounded sense of massive scale and weight. Consistent period-appropriate color grading throughout all scenes.

Set in New York City, East River between Manhattan and Brooklyn, 1869-1883 Gilded Age era. Heavy industrial atmosphere with coal smoke, gas lighting becoming electric, steam-powered machinery, horse-drawn wagons and carriages. Workers wear: wool flat caps, striped cotton work shirts, canvas or leather trousers, heavy leather boots with nails, cotton suspenders, neckerchiefs, heavy wool coats in cold weather. Manual and early mechanical tool era: hand-forged hammers, chisels, steel cable tools, rope and wood pulley systems, steam-powered cranes, early pneumatic riveting hammers, compressed air caissons. No electric power tools, minimal safety equipment (leather gloves, cloth caps), wooden scaffolding with hemp rope, period-accurate Victorian-era materials only.

Urban coastal environment: East River tidal waters with strong currents, heavy fog banks rolling in from harbor, salt spray and maritime humidity, coal smoke from factories and steamships mixing with river mist, seagulls constant, ferry boat traffic, wooden docks and piers, brick warehouses and tenement buildings visible on both shores. Industrial New York sounds: steam whistles, horse hooves on cobblestones, ferry engines, dock work, church bells, train whistles in distance. Weather: fog common especially mornings, rain, snow in winter, occasional clear days revealing full span.

Absolute historical prohibition - exclude ALL anachronisms: Modern safety equipment (reflective vests, fall arrest systems, safety lanyards, modern hard hats with chin straps, safety glasses), digital devices, contemporary vehicles, current-era signage, modern construction techniques (current welding styles, contemporary concrete forms), anachronistic materials (modern plastics, contemporary composites, synthetic fabrics, modern high-strength steel alloys), modern tool designs (battery-powered tools, electric tools before 1880s), LED lighting, plastic materials, contemporary color schemes (high-visibility orange/yellow), modern fasteners, automobiles (horse-drawn only until very late 1880s).

Cool muted color grading: Desaturate to 70% of full color, cool temperature (+200K blue shift toward gray-blue), reduced contrast 15%, gentle highlights rolloff, preserved shadow detail in fog. Primary color bias: Gray-blue (fog, river, steel), cool green-gray (oxidized copper, river algae), muted brick red (buildings, aged materials), charcoal and soot black (coal smoke, industrial grime), weathered brown (wood, leather, rust). Avoid: Warm yellows, saturated reds, vivid greens, pure blacks, bright whites. Film grain: 35mm equivalent, subtle structure, minimal chrominance noise, slightly increased grain in shadow areas matching wet plate photography aesthetic of 1870s.

Dramatic medium shot of riveting crew working on steel truss connection. Heater pulls glowing rivet from forge, tosser catches it in metal can, passes to holder who positions in hole, backer holds backing bar, driver hammers rivet with pneumatic hammer. Sparks flying, rhythm of industrial process, dangerous dance perfected through repetition. Steam power visible."
27,B-ROLL,Riveting Crews - Rivet Installation,"Ultra-realistic cinematic documentary style. 4K resolution, professional color grading. Muted vintage color palette with soft desaturation, subtle film grain, realistic natural lighting. Historically accurate 1870s-1880s environment, Gilded Age vehicles, tools, and construction materials. Natural camera movement with professional cinematography: smooth dollies, crane shots, tracking movements, aerial perspectives. Realistic physics, authentic material behavior, grounded sense of massive scale and weight. Consistent period-appropriate color grading throughout all scenes.

Set in New York City, East River between Manhattan and Brooklyn, 1869-1883 Gilded Age era. Heavy industrial atmosphere with coal smoke, gas lighting becoming electric, steam-powered machinery, horse-drawn wagons and carriages. Workers wear: wool flat caps, striped cotton work shirts, canvas or leather trousers, heavy leather boots with nails, cotton suspenders, neckerchiefs, heavy wool coats in cold weather. Manual and early mechanical tool era: hand-forged hammers, chisels, steel cable tools, rope and wood pulley systems, steam-powered cranes, early pneumatic riveting hammers, compressed air caissons. No electric power tools, minimal safety equipment (leather gloves, cloth caps), wooden scaffolding with hemp rope, period-accurate Victorian-era materials only.

Urban coastal environment: East River tidal waters with strong currents, heavy fog banks rolling in from harbor, salt spray and maritime humidity, coal smoke from factories and steamships mixing with river mist, seagulls constant, ferry boat traffic, wooden docks and piers, brick warehouses and tenement buildings visible on both shores. Industrial New York sounds: steam whistles, horse hooves on cobblestones, ferry engines, dock work, church bells, train whistles in distance. Weather: fog common especially mornings, rain, snow in winter, occasional clear days revealing full span.

Absolute historical prohibition - exclude ALL anachronisms: Modern safety equipment (reflective vests, fall arrest systems, safety lanyards, modern hard hats with chin straps, safety glasses), digital devices, contemporary vehicles, current-era signage, modern construction techniques (current welding styles, contemporary concrete forms), anachronistic materials (modern plastics, contemporary composites, synthetic fabrics, modern high-strength steel alloys), modern tool designs (battery-powered tools, electric tools before 1880s), LED lighting, plastic materials, contemporary color schemes (high-visibility orange/yellow), modern fasteners, automobiles (horse-drawn only until very late 1880s).

Cool muted color grading: Desaturate to 70% of full color, cool temperature (+200K blue shift toward gray-blue), reduced contrast 15%, gentle highlights rolloff, preserved shadow detail in fog. Primary color bias: Gray-blue (fog, river, steel), cool green-gray (oxidized copper, river algae), muted brick red (buildings, aged materials), charcoal and soot black (coal smoke, industrial grime), weathered brown (wood, leather, rust). Avoid: Warm yellows, saturated reds, vivid greens, pure blacks, bright whites. Film grain: 35mm equivalent, subtle structure, minimal chrominance noise, slightly increased grain in shadow areas matching wet plate photography aesthetic of 1870s.

Extreme close-up of pneumatic rivet gun compressing hot rivet into connection, rivet mushrooming under pressure, metal glowing orange to red to dark, cooling and solidifying, permanent connection being forged."
28,A-ROLL,Roadway Progresses - Spanning Midpoint,"Ultra-realistic cinematic documentary style. 4K resolution, professional color grading. Muted vintage color palette with soft desaturation, subtle film grain, realistic natural lighting. Historically accurate 1870s-1880s environment, Gilded Age vehicles, tools, and construction materials. Natural camera movement with professional cinematography: smooth dollies, crane shots, tracking movements, aerial perspectives. Realistic physics, authentic material behavior, grounded sense of massive scale and weight. Consistent period-appropriate color grading throughout all scenes.

Set in New York City, East River between Manhattan and Brooklyn, 1869-1883 Gilded Age era. Heavy industrial atmosphere with coal smoke, gas lighting becoming electric, steam-powered machinery, horse-drawn wagons and carriages. Workers wear: wool flat caps, striped cotton work shirts, canvas or leather trousers, heavy leather boots with nails, cotton suspenders, neckerchiefs, heavy wool coats in cold weather. Manual and early mechanical tool era: hand-forged hammers, chisels, steel cable tools, rope and wood pulley systems, steam-powered cranes, early pneumatic riveting hammers, compressed air caissons. No electric power tools, minimal safety equipment (leather gloves, cloth caps), wooden scaffolding with hemp rope, period-accurate Victorian-era materials only.

Urban coastal environment: East River tidal waters with strong currents, heavy fog banks rolling in from harbor, salt spray and maritime humidity, coal smoke from factories and steamships mixing with river mist, seagulls constant, ferry boat traffic, wooden docks and piers, brick warehouses and tenement buildings visible on both shores. Industrial New York sounds: steam whistles, horse hooves on cobblestones, ferry engines, dock work, church bells, train whistles in distance. Weather: fog common especially mornings, rain, snow in winter, occasional clear days revealing full span.

Absolute historical prohibition - exclude ALL anachronisms: Modern safety equipment (reflective vests, fall arrest systems, safety lanyards, modern hard hats with chin straps, safety glasses), digital devices, contemporary vehicles, current-era signage, modern construction techniques (current welding styles, contemporary concrete forms), anachronistic materials (modern plastics, contemporary composites, synthetic fabrics, modern high-strength steel alloys), modern tool designs (battery-powered tools, electric tools before 1880s), LED lighting, plastic materials, contemporary color schemes (high-visibility orange/yellow), modern fasteners, automobiles (horse-drawn only until very late 1880s).

Cool muted color grading: Desaturate to 70% of full color, cool temperature (+200K blue shift toward gray-blue), reduced contrast 15%, gentle highlights rolloff, preserved shadow detail in fog. Primary color bias: Gray-blue (fog, river, steel), cool green-gray (oxidized copper, river algae), muted brick red (buildings, aged materials), charcoal and soot black (coal smoke, industrial grime), weathered brown (wood, leather, rust). Avoid: Warm yellows, saturated reds, vivid greens, pure blacks, bright whites. Film grain: 35mm equivalent, subtle structure, minimal chrominance noise, slightly increased grain in shadow areas matching wet plate photography aesthetic of 1870s.

Cinematic wide shot showing roadway framework reaching midpoint of span from both directions. Two construction fronts approaching each other over center of river. Workers visible on both advancing sections. Gap closing. Historic moment approaching: roadway will meet in middle. Ferry traffic passing beneath incomplete span. Victorian engineering triumph visible."
28,B-ROLL,Roadway Progresses - Gap Narrowing,"Ultra-realistic cinematic documentary style. 4K resolution, professional color grading. Muted vintage color palette with soft desaturation, subtle film grain, realistic natural lighting. Historically accurate 1870s-1880s environment, Gilded Age vehicles, tools, and construction materials. Natural camera movement with professional cinematography: smooth dollies, crane shots, tracking movements, aerial perspectives. Realistic physics, authentic material behavior, grounded sense of massive scale and weight. Consistent period-appropriate color grading throughout all scenes.

Set in New York City, East River between Manhattan and Brooklyn, 1869-1883 Gilded Age era. Heavy industrial atmosphere with coal smoke, gas lighting becoming electric, steam-powered machinery, horse-drawn wagons and carriages. Workers wear: wool flat caps, striped cotton work shirts, canvas or leather trousers, heavy leather boots with nails, cotton suspenders, neckerchiefs, heavy wool coats in cold weather. Manual and early mechanical tool era: hand-forged hammers, chisels, steel cable tools, rope and wood pulley systems, steam-powered cranes, early pneumatic riveting hammers, compressed air caissons. No electric power tools, minimal safety equipment (leather gloves, cloth caps), wooden scaffolding with hemp rope, period-accurate Victorian-era materials only.

Urban coastal environment: East River tidal waters with strong currents, heavy fog banks rolling in from harbor, salt spray and maritime humidity, coal smoke from factories and steamships mixing with river mist, seagulls constant, ferry boat traffic, wooden docks and piers, brick warehouses and tenement buildings visible on both shores. Industrial New York sounds: steam whistles, horse hooves on cobblestones, ferry engines, dock work, church bells, train whistles in distance. Weather: fog common especially mornings, rain, snow in winter, occasional clear days revealing full span.

Absolute historical prohibition - exclude ALL anachronisms: Modern safety equipment (reflective vests, fall arrest systems, safety lanyards, modern hard hats with chin straps, safety glasses), digital devices, contemporary vehicles, current-era signage, modern construction techniques (current welding styles, contemporary concrete forms), anachronistic materials (modern plastics, contemporary composites, synthetic fabrics, modern high-strength steel alloys), modern tool designs (battery-powered tools, electric tools before 1880s), LED lighting, plastic materials, contemporary color schemes (high-visibility orange/yellow), modern fasteners, automobiles (horse-drawn only until very late 1880s).

Cool muted color grading: Desaturate to 70% of full color, cool temperature (+200K blue shift toward gray-blue), reduced contrast 15%, gentle highlights rolloff, preserved shadow detail in fog. Primary color bias: Gray-blue (fog, river, steel), cool green-gray (oxidized copper, river algae), muted brick red (buildings, aged materials), charcoal and soot black (coal smoke, industrial grime), weathered brown (wood, leather, rust). Avoid: Warm yellows, saturated reds, vivid greens, pure blacks, bright whites. Film grain: 35mm equivalent, subtle structure, minimal chrominance noise, slightly increased grain in shadow areas matching wet plate photography aesthetic of 1870s.

Close-up from roadway looking across narrowing gap to opposite construction front, workers visible on far side, gap now only 50 feet, river far below visible through framework, connection imminent."
29,A-ROLL,Roadway Meets in Center - Historic Connection,"Ultra-realistic cinematic documentary style. 4K resolution, professional color grading. Muted vintage color palette with soft desaturation, subtle film grain, realistic natural lighting. Historically accurate 1870s-1880s environment, Gilded Age vehicles, tools, and construction materials. Natural camera movement with professional cinematography: smooth dollies, crane shots, tracking movements, aerial perspectives. Realistic physics, authentic material behavior, grounded sense of massive scale and weight. Consistent period-appropriate color grading throughout all scenes.

Set in New York City, East River between Manhattan and Brooklyn, 1869-1883 Gilded Age era. Heavy industrial atmosphere with coal smoke, gas lighting becoming electric, steam-powered machinery, horse-drawn wagons and carriages. Workers wear: wool flat caps, striped cotton work shirts, canvas or leather trousers, heavy leather boots with nails, cotton suspenders, neckerchiefs, heavy wool coats in cold weather. Manual and early mechanical tool era: hand-forged hammers, chisels, steel cable tools, rope and wood pulley systems, steam-powered cranes, early pneumatic riveting hammers, compressed air caissons. No electric power tools, minimal safety equipment (leather gloves, cloth caps), wooden scaffolding with hemp rope, period-accurate Victorian-era materials only.

Urban coastal environment: East River tidal waters with strong currents, heavy fog banks rolling in from harbor, salt spray and maritime humidity, coal smoke from factories and steamships mixing with river mist, seagulls constant, ferry boat traffic, wooden docks and piers, brick warehouses and tenement buildings visible on both shores. Industrial New York sounds: steam whistles, horse hooves on cobblestones, ferry engines, dock work, church bells, train whistles in distance. Weather: fog common especially mornings, rain, snow in winter, occasional clear days revealing full span.

Absolute historical prohibition - exclude ALL anachronisms: Modern safety equipment (reflective vests, fall arrest systems, safety lanyards, modern hard hats with chin straps, safety glasses), digital devices, contemporary vehicles, current-era signage, modern construction techniques (current welding styles, contemporary concrete forms), anachronistic materials (modern plastics, contemporary composites, synthetic fabrics, modern high-strength steel alloys), modern tool designs (battery-powered tools, electric tools before 1880s), LED lighting, plastic materials, contemporary color schemes (high-visibility orange/yellow), modern fasteners, automobiles (horse-drawn only until very late 1880s).

Cool muted color grading: Desaturate to 70% of full color, cool temperature (+200K blue shift toward gray-blue), reduced contrast 15%, gentle highlights rolloff, preserved shadow detail in fog. Primary color bias: Gray-blue (fog, river, steel), cool green-gray (oxidized copper, river algae), muted brick red (buildings, aged materials), charcoal and soot black (coal smoke, industrial grime), weathered brown (wood, leather, rust). Avoid: Warm yellows, saturated reds, vivid greens, pure blacks, bright whites. Film grain: 35mm equivalent, subtle structure, minimal chrominance noise, slightly increased grain in shadow areas matching wet plate photography aesthetic of 1870s.

Dramatic medium shot capturing moment when roadway sections from Brooklyn and Manhattan meet at center span. Workers from both sides shake hands, celebrating. Final truss section being positioned to connect. Perfect alignment after years of calculation. Cheering visible but muted by respect for achievement. Bridge is now continuous from shore to shore."
29,B-ROLL,Roadway Meets in Center - Final Bolt,"Ultra-realistic cinematic documentary style. 4K resolution, professional color grading. Muted vintage color palette with soft desaturation, subtle film grain, realistic natural lighting. Historically accurate 1870s-1880s environment, Gilded Age vehicles, tools, and construction materials. Natural camera movement with professional cinematography: smooth dollies, crane shots, tracking movements, aerial perspectives. Realistic physics, authentic material behavior, grounded sense of massive scale and weight. Consistent period-appropriate color grading throughout all scenes.

Set in New York City, East River between Manhattan and Brooklyn, 1869-1883 Gilded Age era. Heavy industrial atmosphere with coal smoke, gas lighting becoming electric, steam-powered machinery, horse-drawn wagons and carriages. Workers wear: wool flat caps, striped cotton work shirts, canvas or leather trousers, heavy leather boots with nails, cotton suspenders, neckerchiefs, heavy wool coats in cold weather. Manual and early mechanical tool era: hand-forged hammers, chisels, steel cable tools, rope and wood pulley systems, steam-powered cranes, early pneumatic riveting hammers, compressed air caissons. No electric power tools, minimal safety equipment (leather gloves, cloth caps), wooden scaffolding with hemp rope, period-accurate Victorian-era materials only.

Urban coastal environment: East River tidal waters with strong currents, heavy fog banks rolling in from harbor, salt spray and maritime humidity, coal smoke from factories and steamships mixing with river mist, seagulls constant, ferry boat traffic, wooden docks and piers, brick warehouses and tenement buildings visible on both shores. Industrial New York sounds: steam whistles, horse hooves on cobblestones, ferry engines, dock work, church bells, train whistles in distance. Weather: fog common especially mornings, rain, snow in winter, occasional clear days revealing full span.

Absolute historical prohibition - exclude ALL anachronisms: Modern safety equipment (reflective vests, fall arrest systems, safety lanyards, modern hard hats with chin straps, safety glasses), digital devices, contemporary vehicles, current-era signage, modern construction techniques (current welding styles, contemporary concrete forms), anachronistic materials (modern plastics, contemporary composites, synthetic fabrics, modern high-strength steel alloys), modern tool designs (battery-powered tools, electric tools before 1880s), LED lighting, plastic materials, contemporary color schemes (high-visibility orange/yellow), modern fasteners, automobiles (horse-drawn only until very late 1880s).

Cool muted color grading: Desaturate to 70% of full color, cool temperature (+200K blue shift toward gray-blue), reduced contrast 15%, gentle highlights rolloff, preserved shadow detail in fog. Primary color bias: Gray-blue (fog, river, steel), cool green-gray (oxidized copper, river algae), muted brick red (buildings, aged materials), charcoal and soot black (coal smoke, industrial grime), weathered brown (wood, leather, rust). Avoid: Warm yellows, saturated reds, vivid greens, pure blacks, bright whites. Film grain: 35mm equivalent, subtle structure, minimal chrominance noise, slightly increased grain in shadow areas matching wet plate photography aesthetic of 1870s.

Extreme close-up of final bolt being inserted through connection plate at center span, bolt sliding home through perfectly aligned holes, washer and nut being threaded, completion of structural connection, Victorian precision vindicated."
30,A-ROLL,Deck Installation - Wood Planking,"Ultra-realistic cinematic documentary style. 4K resolution, professional color grading. Muted vintage color palette with soft desaturation, subtle film grain, realistic natural lighting. Historically accurate 1870s-1880s environment, Gilded Age vehicles, tools, and construction materials. Natural camera movement with professional cinematography: smooth dollies, crane shots, tracking movements, aerial perspectives. Realistic physics, authentic material behavior, grounded sense of massive scale and weight. Consistent period-appropriate color grading throughout all scenes.

Set in New York City, East River between Manhattan and Brooklyn, 1869-1883 Gilded Age era. Heavy industrial atmosphere with coal smoke, gas lighting becoming electric, steam-powered machinery, horse-drawn wagons and carriages. Workers wear: wool flat caps, striped cotton work shirts, canvas or leather trousers, heavy leather boots with nails, cotton suspenders, neckerchiefs, heavy wool coats in cold weather. Manual and early mechanical tool era: hand-forged hammers, chisels, steel cable tools, rope and wood pulley systems, steam-powered cranes, early pneumatic riveting hammers, compressed air caissons. No electric power tools, minimal safety equipment (leather gloves, cloth caps), wooden scaffolding with hemp rope, period-accurate Victorian-era materials only.

Urban coastal environment: East River tidal waters with strong currents, heavy fog banks rolling in from harbor, salt spray and maritime humidity, coal smoke from factories and steamships mixing with river mist, seagulls constant, ferry boat traffic, wooden docks and piers, brick warehouses and tenement buildings visible on both shores. Industrial New York sounds: steam whistles, horse hooves on cobblestones, ferry engines, dock work, church bells, train whistles in distance. Weather: fog common especially mornings, rain, snow in winter, occasional clear days revealing full span.

Absolute historical prohibition - exclude ALL anachronisms: Modern safety equipment (reflective vests, fall arrest systems, safety lanyards, modern hard hats with chin straps, safety glasses), digital devices, contemporary vehicles, current-era signage, modern construction techniques (current welding styles, contemporary concrete forms), anachronistic materials (modern plastics, contemporary composites, synthetic fabrics, modern high-strength steel alloys), modern tool designs (battery-powered tools, electric tools before 1880s), LED lighting, plastic materials, contemporary color schemes (high-visibility orange/yellow), modern fasteners, automobiles (horse-drawn only until very late 1880s).

Cool muted color grading: Desaturate to 70% of full color, cool temperature (+200K blue shift toward gray-blue), reduced contrast 15%, gentle highlights rolloff, preserved shadow detail in fog. Primary color bias: Gray-blue (fog, river, steel), cool green-gray (oxidized copper, river algae), muted brick red (buildings, aged materials), charcoal and soot black (coal smoke, industrial grime), weathered brown (wood, leather, rust). Avoid: Warm yellows, saturated reds, vivid greens, pure blacks, bright whites. Film grain: 35mm equivalent, subtle structure, minimal chrominance noise, slightly increased grain in shadow areas matching wet plate photography aesthetic of 1870s.

Wide overhead shot of workers laying wooden deck planking across steel roadway framework. Systematic progress: planks laid, secured, creating continuous surface. Horse-drawn wagons delivering lumber. Wood against steel, traditional materials on innovative structure. Roadway surface taking shape, becoming traversable."
30,B-ROLL,Deck Installation - Plank Nailing,"Ultra-realistic cinematic documentary style. 4K resolution, professional color grading. Muted vintage color palette with soft desaturation, subtle film grain, realistic natural lighting. Historically accurate 1870s-1880s environment, Gilded Age vehicles, tools, and construction materials. Natural camera movement with professional cinematography: smooth dollies, crane shots, tracking movements, aerial perspectives. Realistic physics, authentic material behavior, grounded sense of massive scale and weight. Consistent period-appropriate color grading throughout all scenes.

Set in New York City, East River between Manhattan and Brooklyn, 1869-1883 Gilded Age era. Heavy industrial atmosphere with coal smoke, gas lighting becoming electric, steam-powered machinery, horse-drawn wagons and carriages. Workers wear: wool flat caps, striped cotton work shirts, canvas or leather trousers, heavy leather boots with nails, cotton suspenders, neckerchiefs, heavy wool coats in cold weather. Manual and early mechanical tool era: hand-forged hammers, chisels, steel cable tools, rope and wood pulley systems, steam-powered cranes, early pneumatic riveting hammers, compressed air caissons. No electric power tools, minimal safety equipment (leather gloves, cloth caps), wooden scaffolding with hemp rope, period-accurate Victorian-era materials only.

Urban coastal environment: East River tidal waters with strong currents, heavy fog banks rolling in from harbor, salt spray and maritime humidity, coal smoke from factories and steamships mixing with river mist, seagulls constant, ferry boat traffic, wooden docks and piers, brick warehouses and tenement buildings visible on both shores. Industrial New York sounds: steam whistles, horse hooves on cobblestones, ferry engines, dock work, church bells, train whistles in distance. Weather: fog common especially mornings, rain, snow in winter, occasional clear days revealing full span.

Absolute historical prohibition - exclude ALL anachronisms: Modern safety equipment (reflective vests, fall arrest systems, safety lanyards, modern hard hats with chin straps, safety glasses), digital devices, contemporary vehicles, current-era signage, modern construction techniques (current welding styles, contemporary concrete forms), anachronistic materials (modern plastics, contemporary composites, synthetic fabrics, modern high-strength steel alloys), modern tool designs (battery-powered tools, electric tools before 1880s), LED lighting, plastic materials, contemporary color schemes (high-visibility orange/yellow), modern fasteners, automobiles (horse-drawn only until very late 1880s).

Cool muted color grading: Desaturate to 70% of full color, cool temperature (+200K blue shift toward gray-blue), reduced contrast 15%, gentle highlights rolloff, preserved shadow detail in fog. Primary color bias: Gray-blue (fog, river, steel), cool green-gray (oxidized copper, river algae), muted brick red (buildings, aged materials), charcoal and soot black (coal smoke, industrial grime), weathered brown (wood, leather, rust). Avoid: Warm yellows, saturated reds, vivid greens, pure blacks, bright whites. Film grain: 35mm equivalent, subtle structure, minimal chrominance noise, slightly increased grain in shadow areas matching wet plate photography aesthetic of 1870s.

Close-up of worker hammering nail through deck plank into steel supporting beam, nail bending slightly hitting steel, second blow driving it home, wood grain visible, creating surface that will carry millions of crossings."
31,A-ROLL,Promenade Construction - Elevated Walkway,"Ultra-realistic cinematic documentary style. 4K resolution, professional color grading. Muted vintage color palette with soft desaturation, subtle film grain, realistic natural lighting. Historically accurate 1870s-1880s environment, Gilded Age vehicles, tools, and construction materials. Natural camera movement with professional cinematography: smooth dollies, crane shots, tracking movements, aerial perspectives. Realistic physics, authentic material behavior, grounded sense of massive scale and weight. Consistent period-appropriate color grading throughout all scenes.

Set in New York City, East River between Manhattan and Brooklyn, 1869-1883 Gilded Age era. Heavy industrial atmosphere with coal smoke, gas lighting becoming electric, steam-powered machinery, horse-drawn wagons and carriages. Workers wear: wool flat caps, striped cotton work shirts, canvas or leather trousers, heavy leather boots with nails, cotton suspenders, neckerchiefs, heavy wool coats in cold weather. Manual and early mechanical tool era: hand-forged hammers, chisels, steel cable tools, rope and wood pulley systems, steam-powered cranes, early pneumatic riveting hammers, compressed air caissons. No electric power tools, minimal safety equipment (leather gloves, cloth caps), wooden scaffolding with hemp rope, period-accurate Victorian-era materials only.

Urban coastal environment: East River tidal waters with strong currents, heavy fog banks rolling in from harbor, salt spray and maritime humidity, coal smoke from factories and steamships mixing with river mist, seagulls constant, ferry boat traffic, wooden docks and piers, brick warehouses and tenement buildings visible on both shores. Industrial New York sounds: steam whistles, horse hooves on cobblestones, ferry engines, dock work, church bells, train whistles in distance. Weather: fog common especially mornings, rain, snow in winter, occasional clear days revealing full span.

Absolute historical prohibition - exclude ALL anachronisms: Modern safety equipment (reflective vests, fall arrest systems, safety lanyards, modern hard hats with chin straps, safety glasses), digital devices, contemporary vehicles, current-era signage, modern construction techniques (current welding styles, contemporary concrete forms), anachronistic materials (modern plastics, contemporary composites, synthetic fabrics, modern high-strength steel alloys), modern tool designs (battery-powered tools, electric tools before 1880s), LED lighting, plastic materials, contemporary color schemes (high-visibility orange/yellow), modern fasteners, automobiles (horse-drawn only until very late 1880s).

Cool muted color grading: Desaturate to 70% of full color, cool temperature (+200K blue shift toward gray-blue), reduced contrast 15%, gentle highlights rolloff, preserved shadow detail in fog. Primary color bias: Gray-blue (fog, river, steel), cool green-gray (oxidized copper, river algae), muted brick red (buildings, aged materials), charcoal and soot black (coal smoke, industrial grime), weathered brown (wood, leather, rust). Avoid: Warm yellows, saturated reds, vivid greens, pure blacks, bright whites. Film grain: 35mm equivalent, subtle structure, minimal chrominance noise, slightly increased grain in shadow areas matching wet plate photography aesthetic of 1870s.

Medium tracking shot along elevated wooden promenade being constructed above roadway. Unique feature: pedestrian walkway elevated 18 feet above vehicle traffic. Gothic arches framing walkway. Workers installing railings and benches. Victorian civic pride visible: bridge designed for leisure walking, not just transport. People-centered design revolutionary for era."
31,B-ROLL,Promenade Construction - Railing Detail,"Ultra-realistic cinematic documentary style. 4K resolution, professional color grading. Muted vintage color palette with soft desaturation, subtle film grain, realistic natural lighting. Historically accurate 1870s-1880s environment, Gilded Age vehicles, tools, and construction materials. Natural camera movement with professional cinematography: smooth dollies, crane shots, tracking movements, aerial perspectives. Realistic physics, authentic material behavior, grounded sense of massive scale and weight. Consistent period-appropriate color grading throughout all scenes.

Set in New York City, East River between Manhattan and Brooklyn, 1869-1883 Gilded Age era. Heavy industrial atmosphere with coal smoke, gas lighting becoming electric, steam-powered machinery, horse-drawn wagons and carriages. Workers wear: wool flat caps, striped cotton work shirts, canvas or leather trousers, heavy leather boots with nails, cotton suspenders, neckerchiefs, heavy wool coats in cold weather. Manual and early mechanical tool era: hand-forged hammers, chisels, steel cable tools, rope and wood pulley systems, steam-powered cranes, early pneumatic riveting hammers, compressed air caissons. No electric power tools, minimal safety equipment (leather gloves, cloth caps), wooden scaffolding with hemp rope, period-accurate Victorian-era materials only.

Urban coastal environment: East River tidal waters with strong currents, heavy fog banks rolling in from harbor, salt spray and maritime humidity, coal smoke from factories and steamships mixing with river mist, seagulls constant, ferry boat traffic, wooden docks and piers, brick warehouses and tenement buildings visible on both shores. Industrial New York sounds: steam whistles, horse hooves on cobblestones, ferry engines, dock work, church bells, train whistles in distance. Weather: fog common especially mornings, rain, snow in winter, occasional clear days revealing full span.

Absolute historical prohibition - exclude ALL anachronisms: Modern safety equipment (reflective vests, fall arrest systems, safety lanyards, modern hard hats with chin straps, safety glasses), digital devices, contemporary vehicles, current-era signage, modern construction techniques (current welding styles, contemporary concrete forms), anachronistic materials (modern plastics, contemporary composites, synthetic fabrics, modern high-strength steel alloys), modern tool designs (battery-powered tools, electric tools before 1880s), LED lighting, plastic materials, contemporary color schemes (high-visibility orange/yellow), modern fasteners, automobiles (horse-drawn only until very late 1880s).

Cool muted color grading: Desaturate to 70% of full color, cool temperature (+200K blue shift toward gray-blue), reduced contrast 15%, gentle highlights rolloff, preserved shadow detail in fog. Primary color bias: Gray-blue (fog, river, steel), cool green-gray (oxidized copper, river algae), muted brick red (buildings, aged materials), charcoal and soot black (coal smoke, industrial grime), weathered brown (wood, leather, rust). Avoid: Warm yellows, saturated reds, vivid greens, pure blacks, bright whites. Film grain: 35mm equivalent, subtle structure, minimal chrominance noise, slightly increased grain in shadow areas matching wet plate photography aesthetic of 1870s.

Close-up of ornamental cast iron railing being installed on promenade, Victorian decorative metalwork, scrollwork pattern, railing painted dark green, bench being positioned, attention to aesthetic detail despite industrial scale."
32,A-ROLL,Cable Stays Installed - Diagonal Supports,"Ultra-realistic cinematic documentary style. 4K resolution, professional color grading. Muted vintage color palette with soft desaturation, subtle film grain, realistic natural lighting. Historically accurate 1870s-1880s environment, Gilded Age vehicles, tools, and construction materials. Natural camera movement with professional cinematography: smooth dollies, crane shots, tracking movements, aerial perspectives. Realistic physics, authentic material behavior, grounded sense of massive scale and weight. Consistent period-appropriate color grading throughout all scenes.

Set in New York City, East River between Manhattan and Brooklyn, 1869-1883 Gilded Age era. Heavy industrial atmosphere with coal smoke, gas lighting becoming electric, steam-powered machinery, horse-drawn wagons and carriages. Workers wear: wool flat caps, striped cotton work shirts, canvas or leather trousers, heavy leather boots with nails, cotton suspenders, neckerchiefs, heavy wool coats in cold weather. Manual and early mechanical tool era: hand-forged hammers, chisels, steel cable tools, rope and wood pulley systems, steam-powered cranes, early pneumatic riveting hammers, compressed air caissons. No electric power tools, minimal safety equipment (leather gloves, cloth caps), wooden scaffolding with hemp rope, period-accurate Victorian-era materials only.

Urban coastal environment: East River tidal waters with strong currents, heavy fog banks rolling in from harbor, salt spray and maritime humidity, coal smoke from factories and steamships mixing with river mist, seagulls constant, ferry boat traffic, wooden docks and piers, brick warehouses and tenement buildings visible on both shores. Industrial New York sounds: steam whistles, horse hooves on cobblestones, ferry engines, dock work, church bells, train whistles in distance. Weather: fog common especially mornings, rain, snow in winter, occasional clear days revealing full span.

Absolute historical prohibition - exclude ALL anachronisms: Modern safety equipment (reflective vests, fall arrest systems, safety lanyards, modern hard hats with chin straps, safety glasses), digital devices, contemporary vehicles, current-era signage, modern construction techniques (current welding styles, contemporary concrete forms), anachronistic materials (modern plastics, contemporary composites, synthetic fabrics, modern high-strength steel alloys), modern tool designs (battery-powered tools, electric tools before 1880s), LED lighting, plastic materials, contemporary color schemes (high-visibility orange/yellow), modern fasteners, automobiles (horse-drawn only until very late 1880s).

Cool muted color grading: Desaturate to 70% of full color, cool temperature (+200K blue shift toward gray-blue), reduced contrast 15%, gentle highlights rolloff, preserved shadow detail in fog. Primary color bias: Gray-blue (fog, river, steel), cool green-gray (oxidized copper, river algae), muted brick red (buildings, aged materials), charcoal and soot black (coal smoke, industrial grime), weathered brown (wood, leather, rust). Avoid: Warm yellows, saturated reds, vivid greens, pure blacks, bright whites. Film grain: 35mm equivalent, subtle structure, minimal chrominance noise, slightly increased grain in shadow areas matching wet plate photography aesthetic of 1870s.

Cinematic wide shot showing diagonal cable stays being attached from towers to roadway. Steel cables fan outward from Gothic arches, creating web pattern. Additional support system beyond main suspension cables. Innovation visible: hybrid cable-stayed and suspension design. Geometric beauty emerging: towers, cables, and stays create cathedral-like architecture."
32,B-ROLL,Cable Stays Installed - Cable Attachment,"Ultra-realistic cinematic documentary style. 4K resolution, professional color grading. Muted vintage color palette with soft desaturation, subtle film grain, realistic natural lighting. Historically accurate 1870s-1880s environment, Gilded Age vehicles, tools, and construction materials. Natural camera movement with professional cinematography: smooth dollies, crane shots, tracking movements, aerial perspectives. Realistic physics, authentic material behavior, grounded sense of massive scale and weight. Consistent period-appropriate color grading throughout all scenes.

Set in New York City, East River between Manhattan and Brooklyn, 1869-1883 Gilded Age era. Heavy industrial atmosphere with coal smoke, gas lighting becoming electric, steam-powered machinery, horse-drawn wagons and carriages. Workers wear: wool flat caps, striped cotton work shirts, canvas or leather trousers, heavy leather boots with nails, cotton suspenders, neckerchiefs, heavy wool coats in cold weather. Manual and early mechanical tool era: hand-forged hammers, chisels, steel cable tools, rope and wood pulley systems, steam-powered cranes, early pneumatic riveting hammers, compressed air caissons. No electric power tools, minimal safety equipment (leather gloves, cloth caps), wooden scaffolding with hemp rope, period-accurate Victorian-era materials only.

Urban coastal environment: East River tidal waters with strong currents, heavy fog banks rolling in from harbor, salt spray and maritime humidity, coal smoke from factories and steamships mixing with river mist, seagulls constant, ferry boat traffic, wooden docks and piers, brick warehouses and tenement buildings visible on both shores. Industrial New York sounds: steam whistles, horse hooves on cobblestones, ferry engines, dock work, church bells, train whistles in distance. Weather: fog common especially mornings, rain, snow in winter, occasional clear days revealing full span.

Absolute historical prohibition - exclude ALL anachronisms: Modern safety equipment (reflective vests, fall arrest systems, safety lanyards, modern hard hats with chin straps, safety glasses), digital devices, contemporary vehicles, current-era signage, modern construction techniques (current welding styles, contemporary concrete forms), anachronistic materials (modern plastics, contemporary composites, synthetic fabrics, modern high-strength steel alloys), modern tool designs (battery-powered tools, electric tools before 1880s), LED lighting, plastic materials, contemporary color schemes (high-visibility orange/yellow), modern fasteners, automobiles (horse-drawn only until very late 1880s).

Cool muted color grading: Desaturate to 70% of full color, cool temperature (+200K blue shift toward gray-blue), reduced contrast 15%, gentle highlights rolloff, preserved shadow detail in fog. Primary color bias: Gray-blue (fog, river, steel), cool green-gray (oxidized copper, river algae), muted brick red (buildings, aged materials), charcoal and soot black (coal smoke, industrial grime), weathered brown (wood, leather, rust). Avoid: Warm yellows, saturated reds, vivid greens, pure blacks, bright whites. Film grain: 35mm equivalent, subtle structure, minimal chrominance noise, slightly increased grain in shadow areas matching wet plate photography aesthetic of 1870s.

Extreme close-up of diagonal stay cable anchor point on tower, massive cast iron fitting, cable secured with forged eye and pin connection, Victorian heavy ironwork, designed to last centuries."
33,A-ROLL,Final Inspections - Washington Roebling,"Ultra-realistic cinematic documentary style. 4K resolution, professional color grading. Muted vintage color palette with soft desaturation, subtle film grain, realistic natural lighting. Historically accurate 1870s-1880s environment, Gilded Age vehicles, tools, and construction materials. Natural camera movement with professional cinematography: smooth dollies, crane shots, tracking movements, aerial perspectives. Realistic physics, authentic material behavior, grounded sense of massive scale and weight. Consistent period-appropriate color grading throughout all scenes.

Set in New York City, East River between Manhattan and Brooklyn, 1869-1883 Gilded Age era. Heavy industrial atmosphere with coal smoke, gas lighting becoming electric, steam-powered machinery, horse-drawn wagons and carriages. Workers wear: wool flat caps, striped cotton work shirts, canvas or leather trousers, heavy leather boots with nails, cotton suspenders, neckerchiefs, heavy wool coats in cold weather. Manual and early mechanical tool era: hand-forged hammers, chisels, steel cable tools, rope and wood pulley systems, steam-powered cranes, early pneumatic riveting hammers, compressed air caissons. No electric power tools, minimal safety equipment (leather gloves, cloth caps), wooden scaffolding with hemp rope, period-accurate Victorian-era materials only.

Urban coastal environment: East River tidal waters with strong currents, heavy fog banks rolling in from harbor, salt spray and maritime humidity, coal smoke from factories and steamships mixing with river mist, seagulls constant, ferry boat traffic, wooden docks and piers, brick warehouses and tenement buildings visible on both shores. Industrial New York sounds: steam whistles, horse hooves on cobblestones, ferry engines, dock work, church bells, train whistles in distance. Weather: fog common especially mornings, rain, snow in winter, occasional clear days revealing full span.

Absolute historical prohibition - exclude ALL anachronisms: Modern safety equipment (reflective vests, fall arrest systems, safety lanyards, modern hard hats with chin straps, safety glasses), digital devices, contemporary vehicles, current-era signage, modern construction techniques (current welding styles, contemporary concrete forms), anachronistic materials (modern plastics, contemporary composites, synthetic fabrics, modern high-strength steel alloys), modern tool designs (battery-powered tools, electric tools before 1880s), LED lighting, plastic materials, contemporary color schemes (high-visibility orange/yellow), modern fasteners, automobiles (horse-drawn only until very late 1880s).

Cool muted color grading: Desaturate to 70% of full color, cool temperature (+200K blue shift toward gray-blue), reduced contrast 15%, gentle highlights rolloff, preserved shadow detail in fog. Primary color bias: Gray-blue (fog, river, steel), cool green-gray (oxidized copper, river algae), muted brick red (buildings, aged materials), charcoal and soot black (coal smoke, industrial grime), weathered brown (wood, leather, rust). Avoid: Warm yellows, saturated reds, vivid greens, pure blacks, bright whites. Film grain: 35mm equivalent, subtle structure, minimal chrominance noise, slightly increased grain in shadow areas matching wet plate photography aesthetic of 1870s.

Interior shot showing Washington Roebling (visible from behind, bedridden from caisson disease) watching bridge construction through telescope from apartment window in Brooklyn Heights. His wife Emily carries messages to construction site. Tragic irony: chief engineer too ill from caisson work to walk his creation, yet directing completion through telescope. Victorian determination despite physical devastation."
33,B-ROLL,Final Inspections - Telescope View,"Ultra-realistic cinematic documentary style. 4K resolution, professional color grading. Muted vintage color palette with soft desaturation, subtle film grain, realistic natural lighting. Historically accurate 1870s-1880s environment, Gilded Age vehicles, tools, and construction materials. Natural camera movement with professional cinematography: smooth dollies, crane shots, tracking movements, aerial perspectives. Realistic physics, authentic material behavior, grounded sense of massive scale and weight. Consistent period-appropriate color grading throughout all scenes.

Set in New York City, East River between Manhattan and Brooklyn, 1869-1883 Gilded Age era. Heavy industrial atmosphere with coal smoke, gas lighting becoming electric, steam-powered machinery, horse-drawn wagons and carriages. Workers wear: wool flat caps, striped cotton work shirts, canvas or leather trousers, heavy leather boots with nails, cotton suspenders, neckerchiefs, heavy wool coats in cold weather. Manual and early mechanical tool era: hand-forged hammers, chisels, steel cable tools, rope and wood pulley systems, steam-powered cranes, early pneumatic riveting hammers, compressed air caissons. No electric power tools, minimal safety equipment (leather gloves, cloth caps), wooden scaffolding with hemp rope, period-accurate Victorian-era materials only.

Urban coastal environment: East River tidal waters with strong currents, heavy fog banks rolling in from harbor, salt spray and maritime humidity, coal smoke from factories and steamships mixing with river mist, seagulls constant, ferry boat traffic, wooden docks and piers, brick warehouses and tenement buildings visible on both shores. Industrial New York sounds: steam whistles, horse hooves on cobblestones, ferry engines, dock work, church bells, train whistles in distance. Weather: fog common especially mornings, rain, snow in winter, occasional clear days revealing full span.

Absolute historical prohibition - exclude ALL anachronisms: Modern safety equipment (reflective vests, fall arrest systems, safety lanyards, modern hard hats with chin straps, safety glasses), digital devices, contemporary vehicles, current-era signage, modern construction techniques (current welding styles, contemporary concrete forms), anachronistic materials (modern plastics, contemporary composites, synthetic fabrics, modern high-strength steel alloys), modern tool designs (battery-powered tools, electric tools before 1880s), LED lighting, plastic materials, contemporary color schemes (high-visibility orange/yellow), modern fasteners, automobiles (horse-drawn only until very late 1880s).

Cool muted color grading: Desaturate to 70% of full color, cool temperature (+200K blue shift toward gray-blue), reduced contrast 15%, gentle highlights rolloff, preserved shadow detail in fog. Primary color bias: Gray-blue (fog, river, steel), cool green-gray (oxidized copper, river algae), muted brick red (buildings, aged materials), charcoal and soot black (coal smoke, industrial grime), weathered brown (wood, leather, rust). Avoid: Warm yellows, saturated reds, vivid greens, pure blacks, bright whites. Film grain: 35mm equivalent, subtle structure, minimal chrominance noise, slightly increased grain in shadow areas matching wet plate photography aesthetic of 1870s.

Close-up through telescope lens showing bridge towers and cables, shaky image from Roebling trembling hands (caisson disease effects), focusing mechanism being adjusted, bridge captured in circular view, engineering triumph observed from sickbed."
34,A-ROLL,Painting Begins - Protective Coating,"Ultra-realistic cinematic documentary style. 4K resolution, professional color grading. Muted vintage color palette with soft desaturation, subtle film grain, realistic natural lighting. Historically accurate 1870s-1880s environment, Gilded Age vehicles, tools, and construction materials. Natural camera movement with professional cinematography: smooth dollies, crane shots, tracking movements, aerial perspectives. Realistic physics, authentic material behavior, grounded sense of massive scale and weight. Consistent period-appropriate color grading throughout all scenes.

Set in New York City, East River between Manhattan and Brooklyn, 1869-1883 Gilded Age era. Heavy industrial atmosphere with coal smoke, gas lighting becoming electric, steam-powered machinery, horse-drawn wagons and carriages. Workers wear: wool flat caps, striped cotton work shirts, canvas or leather trousers, heavy leather boots with nails, cotton suspenders, neckerchiefs, heavy wool coats in cold weather. Manual and early mechanical tool era: hand-forged hammers, chisels, steel cable tools, rope and wood pulley systems, steam-powered cranes, early pneumatic riveting hammers, compressed air caissons. No electric power tools, minimal safety equipment (leather gloves, cloth caps), wooden scaffolding with hemp rope, period-accurate Victorian-era materials only.

Urban coastal environment: East River tidal waters with strong currents, heavy fog banks rolling in from harbor, salt spray and maritime humidity, coal smoke from factories and steamships mixing with river mist, seagulls constant, ferry boat traffic, wooden docks and piers, brick warehouses and tenement buildings visible on both shores. Industrial New York sounds: steam whistles, horse hooves on cobblestones, ferry engines, dock work, church bells, train whistles in distance. Weather: fog common especially mornings, rain, snow in winter, occasional clear days revealing full span.

Absolute historical prohibition - exclude ALL anachronisms: Modern safety equipment (reflective vests, fall arrest systems, safety lanyards, modern hard hats with chin straps, safety glasses), digital devices, contemporary vehicles, current-era signage, modern construction techniques (current welding styles, contemporary concrete forms), anachronistic materials (modern plastics, contemporary composites, synthetic fabrics, modern high-strength steel alloys), modern tool designs (battery-powered tools, electric tools before 1880s), LED lighting, plastic materials, contemporary color schemes (high-visibility orange/yellow), modern fasteners, automobiles (horse-drawn only until very late 1880s).

Cool muted color grading: Desaturate to 70% of full color, cool temperature (+200K blue shift toward gray-blue), reduced contrast 15%, gentle highlights rolloff, preserved shadow detail in fog. Primary color bias: Gray-blue (fog, river, steel), cool green-gray (oxidized copper, river algae), muted brick red (buildings, aged materials), charcoal and soot black (coal smoke, industrial grime), weathered brown (wood, leather, rust). Avoid: Warm yellows, saturated reds, vivid greens, pure blacks, bright whites. Film grain: 35mm equivalent, subtle structure, minimal chrominance noise, slightly increased grain in shadow areas matching wet plate photography aesthetic of 1870s.

Wide shot of painters suspended on bosun chairs applying paint to steel framework. Systematic coverage of all steel surfaces. Color: iron oxide red-brown (not yet iconic tan color). Protection against salt air corrosion. Workers moving methodically across span, thousands of square feet to cover. Maintenance beginning before completion."
34,B-ROLL,Painting Begins - Brush Application,"Ultra-realistic cinematic documentary style. 4K resolution, professional color grading. Muted vintage color palette with soft desaturation, subtle film grain, realistic natural lighting. Historically accurate 1870s-1880s environment, Gilded Age vehicles, tools, and construction materials. Natural camera movement with professional cinematography: smooth dollies, crane shots, tracking movements, aerial perspectives. Realistic physics, authentic material behavior, grounded sense of massive scale and weight. Consistent period-appropriate color grading throughout all scenes.

Set in New York City, East River between Manhattan and Brooklyn, 1869-1883 Gilded Age era. Heavy industrial atmosphere with coal smoke, gas lighting becoming electric, steam-powered machinery, horse-drawn wagons and carriages. Workers wear: wool flat caps, striped cotton work shirts, canvas or leather trousers, heavy leather boots with nails, cotton suspenders, neckerchiefs, heavy wool coats in cold weather. Manual and early mechanical tool era: hand-forged hammers, chisels, steel cable tools, rope and wood pulley systems, steam-powered cranes, early pneumatic riveting hammers, compressed air caissons. No electric power tools, minimal safety equipment (leather gloves, cloth caps), wooden scaffolding with hemp rope, period-accurate Victorian-era materials only.

Urban coastal environment: East River tidal waters with strong currents, heavy fog banks rolling in from harbor, salt spray and maritime humidity, coal smoke from factories and steamships mixing with river mist, seagulls constant, ferry boat traffic, wooden docks and piers, brick warehouses and tenement buildings visible on both shores. Industrial New York sounds: steam whistles, horse hooves on cobblestones, ferry engines, dock work, church bells, train whistles in distance. Weather: fog common especially mornings, rain, snow in winter, occasional clear days revealing full span.

Absolute historical prohibition - exclude ALL anachronisms: Modern safety equipment (reflective vests, fall arrest systems, safety lanyards, modern hard hats with chin straps, safety glasses), digital devices, contemporary vehicles, current-era signage, modern construction techniques (current welding styles, contemporary concrete forms), anachronistic materials (modern plastics, contemporary composites, synthetic fabrics, modern high-strength steel alloys), modern tool designs (battery-powered tools, electric tools before 1880s), LED lighting, plastic materials, contemporary color schemes (high-visibility orange/yellow), modern fasteners, automobiles (horse-drawn only until very late 1880s).

Cool muted color grading: Desaturate to 70% of full color, cool temperature (+200K blue shift toward gray-blue), reduced contrast 15%, gentle highlights rolloff, preserved shadow detail in fog. Primary color bias: Gray-blue (fog, river, steel), cool green-gray (oxidized copper, river algae), muted brick red (buildings, aged materials), charcoal and soot black (coal smoke, industrial grime), weathered brown (wood, leather, rust). Avoid: Warm yellows, saturated reds, vivid greens, pure blacks, bright whites. Film grain: 35mm equivalent, subtle structure, minimal chrominance noise, slightly increased grain in shadow areas matching wet plate photography aesthetic of 1870s.

Close-up of painter brush applying thick paint to steel beam, paint viscous and heavy with lead, brush strokes visible, covering bare steel with protective layer, painter hands paint-stained, Victorian industrial materials."
35,A-ROLL,Approach Ramps Complete - Brooklyn Access,"Ultra-realistic cinematic documentary style. 4K resolution, professional color grading. Muted vintage color palette with soft desaturation, subtle film grain, realistic natural lighting. Historically accurate 1870s-1880s environment, Gilded Age vehicles, tools, and construction materials. Natural camera movement with professional cinematography: smooth dollies, crane shots, tracking movements, aerial perspectives. Realistic physics, authentic material behavior, grounded sense of massive scale and weight. Consistent period-appropriate color grading throughout all scenes.

Set in New York City, East River between Manhattan and Brooklyn, 1869-1883 Gilded Age era. Heavy industrial atmosphere with coal smoke, gas lighting becoming electric, steam-powered machinery, horse-drawn wagons and carriages. Workers wear: wool flat caps, striped cotton work shirts, canvas or leather trousers, heavy leather boots with nails, cotton suspenders, neckerchiefs, heavy wool coats in cold weather. Manual and early mechanical tool era: hand-forged hammers, chisels, steel cable tools, rope and wood pulley systems, steam-powered cranes, early pneumatic riveting hammers, compressed air caissons. No electric power tools, minimal safety equipment (leather gloves, cloth caps), wooden scaffolding with hemp rope, period-accurate Victorian-era materials only.

Urban coastal environment: East River tidal waters with strong currents, heavy fog banks rolling in from harbor, salt spray and maritime humidity, coal smoke from factories and steamships mixing with river mist, seagulls constant, ferry boat traffic, wooden docks and piers, brick warehouses and tenement buildings visible on both shores. Industrial New York sounds: steam whistles, horse hooves on cobblestones, ferry engines, dock work, church bells, train whistles in distance. Weather: fog common especially mornings, rain, snow in winter, occasional clear days revealing full span.

Absolute historical prohibition - exclude ALL anachronisms: Modern safety equipment (reflective vests, fall arrest systems, safety lanyards, modern hard hats with chin straps, safety glasses), digital devices, contemporary vehicles, current-era signage, modern construction techniques (current welding styles, contemporary concrete forms), anachronistic materials (modern plastics, contemporary composites, synthetic fabrics, modern high-strength steel alloys), modern tool designs (battery-powered tools, electric tools before 1880s), LED lighting, plastic materials, contemporary color schemes (high-visibility orange/yellow), modern fasteners, automobiles (horse-drawn only until very late 1880s).

Cool muted color grading: Desaturate to 70% of full color, cool temperature (+200K blue shift toward gray-blue), reduced contrast 15%, gentle highlights rolloff, preserved shadow detail in fog. Primary color bias: Gray-blue (fog, river, steel), cool green-gray (oxidized copper, river algae), muted brick red (buildings, aged materials), charcoal and soot black (coal smoke, industrial grime), weathered brown (wood, leather, rust). Avoid: Warm yellows, saturated reds, vivid greens, pure blacks, bright whites. Film grain: 35mm equivalent, subtle structure, minimal chrominance noise, slightly increased grain in shadow areas matching wet plate photography aesthetic of 1870s.

Medium shot of massive stone approach ramp completed on Brooklyn side. Arched granite structure rising from street level to bridge elevation. Carriages ascending ramp, horses pulling wagons up incline. Victorian architecture: ramp as elegant as bridge itself. Access infrastructure completing connection to city streets."
35,B-ROLL,Approach Ramps Complete - Cobblestone Detail,"Ultra-realistic cinematic documentary style. 4K resolution, professional color grading. Muted vintage color palette with soft desaturation, subtle film grain, realistic natural lighting. Historically accurate 1870s-1880s environment, Gilded Age vehicles, tools, and construction materials. Natural camera movement with professional cinematography: smooth dollies, crane shots, tracking movements, aerial perspectives. Realistic physics, authentic material behavior, grounded sense of massive scale and weight. Consistent period-appropriate color grading throughout all scenes.

Set in New York City, East River between Manhattan and Brooklyn, 1869-1883 Gilded Age era. Heavy industrial atmosphere with coal smoke, gas lighting becoming electric, steam-powered machinery, horse-drawn wagons and carriages. Workers wear: wool flat caps, striped cotton work shirts, canvas or leather trousers, heavy leather boots with nails, cotton suspenders, neckerchiefs, heavy wool coats in cold weather. Manual and early mechanical tool era: hand-forged hammers, chisels, steel cable tools, rope and wood pulley systems, steam-powered cranes, early pneumatic riveting hammers, compressed air caissons. No electric power tools, minimal safety equipment (leather gloves, cloth caps), wooden scaffolding with hemp rope, period-accurate Victorian-era materials only.

Urban coastal environment: East River tidal waters with strong currents, heavy fog banks rolling in from harbor, salt spray and maritime humidity, coal smoke from factories and steamships mixing with river mist, seagulls constant, ferry boat traffic, wooden docks and piers, brick warehouses and tenement buildings visible on both shores. Industrial New York sounds: steam whistles, horse hooves on cobblestones, ferry engines, dock work, church bells, train whistles in distance. Weather: fog common especially mornings, rain, snow in winter, occasional clear days revealing full span.

Absolute historical prohibition - exclude ALL anachronisms: Modern safety equipment (reflective vests, fall arrest systems, safety lanyards, modern hard hats with chin straps, safety glasses), digital devices, contemporary vehicles, current-era signage, modern construction techniques (current welding styles, contemporary concrete forms), anachronistic materials (modern plastics, contemporary composites, synthetic fabrics, modern high-strength steel alloys), modern tool designs (battery-powered tools, electric tools before 1880s), LED lighting, plastic materials, contemporary color schemes (high-visibility orange/yellow), modern fasteners, automobiles (horse-drawn only until very late 1880s).

Cool muted color grading: Desaturate to 70% of full color, cool temperature (+200K blue shift toward gray-blue), reduced contrast 15%, gentle highlights rolloff, preserved shadow detail in fog. Primary color bias: Gray-blue (fog, river, steel), cool green-gray (oxidized copper, river algae), muted brick red (buildings, aged materials), charcoal and soot black (coal smoke, industrial grime), weathered brown (wood, leather, rust). Avoid: Warm yellows, saturated reds, vivid greens, pure blacks, bright whites. Film grain: 35mm equivalent, subtle structure, minimal chrominance noise, slightly increased grain in shadow areas matching wet plate photography aesthetic of 1870s.

Close-up of granite cobblestones on approach ramp, Belgian block pavers, iron wagon wheel rolling over stones, sparks from horseshoe strike, surface designed for iron wheels and horse traffic, Victorian paving quality."
36,A-ROLL,Lighting Installation - Gas Lamps,"Ultra-realistic cinematic documentary style. 4K resolution, professional color grading. Muted vintage color palette with soft desaturation, subtle film grain, realistic natural lighting. Historically accurate 1870s-1880s environment, Gilded Age vehicles, tools, and construction materials. Natural camera movement with professional cinematography: smooth dollies, crane shots, tracking movements, aerial perspectives. Realistic physics, authentic material behavior, grounded sense of massive scale and weight. Consistent period-appropriate color grading throughout all scenes.

Set in New York City, East River between Manhattan and Brooklyn, 1869-1883 Gilded Age era. Heavy industrial atmosphere with coal smoke, gas lighting becoming electric, steam-powered machinery, horse-drawn wagons and carriages. Workers wear: wool flat caps, striped cotton work shirts, canvas or leather trousers, heavy leather boots with nails, cotton suspenders, neckerchiefs, heavy wool coats in cold weather. Manual and early mechanical tool era: hand-forged hammers, chisels, steel cable tools, rope and wood pulley systems, steam-powered cranes, early pneumatic riveting hammers, compressed air caissons. No electric power tools, minimal safety equipment (leather gloves, cloth caps), wooden scaffolding with hemp rope, period-accurate Victorian-era materials only.

Urban coastal environment: East River tidal waters with strong currents, heavy fog banks rolling in from harbor, salt spray and maritime humidity, coal smoke from factories and steamships mixing with river mist, seagulls constant, ferry boat traffic, wooden docks and piers, brick warehouses and tenement buildings visible on both shores. Industrial New York sounds: steam whistles, horse hooves on cobblestones, ferry engines, dock work, church bells, train whistles in distance. Weather: fog common especially mornings, rain, snow in winter, occasional clear days revealing full span.

Absolute historical prohibition - exclude ALL anachronisms: Modern safety equipment (reflective vests, fall arrest systems, safety lanyards, modern hard hats with chin straps, safety glasses), digital devices, contemporary vehicles, current-era signage, modern construction techniques (current welding styles, contemporary concrete forms), anachronistic materials (modern plastics, contemporary composites, synthetic fabrics, modern high-strength steel alloys), modern tool designs (battery-powered tools, electric tools before 1880s), LED lighting, plastic materials, contemporary color schemes (high-visibility orange/yellow), modern fasteners, automobiles (horse-drawn only until very late 1880s).

Cool muted color grading: Desaturate to 70% of full color, cool temperature (+200K blue shift toward gray-blue), reduced contrast 15%, gentle highlights rolloff, preserved shadow detail in fog. Primary color bias: Gray-blue (fog, river, steel), cool green-gray (oxidized copper, river algae), muted brick red (buildings, aged materials), charcoal and soot black (coal smoke, industrial grime), weathered brown (wood, leather, rust). Avoid: Warm yellows, saturated reds, vivid greens, pure blacks, bright whites. Film grain: 35mm equivalent, subtle structure, minimal chrominance noise, slightly increased grain in shadow areas matching wet plate photography aesthetic of 1870s.

Tracking shot along promenade showing gas lamp posts being installed every 50 feet. Ornamental cast iron posts, glass globes, gas piping connection. First electric arc lights also being installed at towers (cutting edge technology). Bridge will be illuminated, allowing night use. Victorian technological transition: gas and early electric together."
36,B-ROLL,Lighting Installation - Lamp Glass,"Ultra-realistic cinematic documentary style. 4K resolution, professional color grading. Muted vintage color palette with soft desaturation, subtle film grain, realistic natural lighting. Historically accurate 1870s-1880s environment, Gilded Age vehicles, tools, and construction materials. Natural camera movement with professional cinematography: smooth dollies, crane shots, tracking movements, aerial perspectives. Realistic physics, authentic material behavior, grounded sense of massive scale and weight. Consistent period-appropriate color grading throughout all scenes.

Set in New York City, East River between Manhattan and Brooklyn, 1869-1883 Gilded Age era. Heavy industrial atmosphere with coal smoke, gas lighting becoming electric, steam-powered machinery, horse-drawn wagons and carriages. Workers wear: wool flat caps, striped cotton work shirts, canvas or leather trousers, heavy leather boots with nails, cotton suspenders, neckerchiefs, heavy wool coats in cold weather. Manual and early mechanical tool era: hand-forged hammers, chisels, steel cable tools, rope and wood pulley systems, steam-powered cranes, early pneumatic riveting hammers, compressed air caissons. No electric power tools, minimal safety equipment (leather gloves, cloth caps), wooden scaffolding with hemp rope, period-accurate Victorian-era materials only.

Urban coastal environment: East River tidal waters with strong currents, heavy fog banks rolling in from harbor, salt spray and maritime humidity, coal smoke from factories and steamships mixing with river mist, seagulls constant, ferry boat traffic, wooden docks and piers, brick warehouses and tenement buildings visible on both shores. Industrial New York sounds: steam whistles, horse hooves on cobblestones, ferry engines, dock work, church bells, train whistles in distance. Weather: fog common especially mornings, rain, snow in winter, occasional clear days revealing full span.

Absolute historical prohibition - exclude ALL anachronisms: Modern safety equipment (reflective vests, fall arrest systems, safety lanyards, modern hard hats with chin straps, safety glasses), digital devices, contemporary vehicles, current-era signage, modern construction techniques (current welding styles, contemporary concrete forms), anachronistic materials (modern plastics, contemporary composites, synthetic fabrics, modern high-strength steel alloys), modern tool designs (battery-powered tools, electric tools before 1880s), LED lighting, plastic materials, contemporary color schemes (high-visibility orange/yellow), modern fasteners, automobiles (horse-drawn only until very late 1880s).

Cool muted color grading: Desaturate to 70% of full color, cool temperature (+200K blue shift toward gray-blue), reduced contrast 15%, gentle highlights rolloff, preserved shadow detail in fog. Primary color bias: Gray-blue (fog, river, steel), cool green-gray (oxidized copper, river algae), muted brick red (buildings, aged materials), charcoal and soot black (coal smoke, industrial grime), weathered brown (wood, leather, rust). Avoid: Warm yellows, saturated reds, vivid greens, pure blacks, bright whites. Film grain: 35mm equivalent, subtle structure, minimal chrominance noise, slightly increased grain in shadow areas matching wet plate photography aesthetic of 1870s.

Close-up of etched glass lamp globe being installed on cast iron post, globe pattern catching light, Victorian decorative glasswork, gas valve being connected inside post, modernity meeting craftsmanship."
37,A-ROLL,Opening Day Preparations - Decoration,"Ultra-realistic cinematic documentary style. 4K resolution, professional color grading. Muted vintage color palette with soft desaturation, subtle film grain, realistic natural lighting. Historically accurate 1870s-1880s environment, Gilded Age vehicles, tools, and construction materials. Natural camera movement with professional cinematography: smooth dollies, crane shots, tracking movements, aerial perspectives. Realistic physics, authentic material behavior, grounded sense of massive scale and weight. Consistent period-appropriate color grading throughout all scenes.

Set in New York City, East River between Manhattan and Brooklyn, 1869-1883 Gilded Age era. Heavy industrial atmosphere with coal smoke, gas lighting becoming electric, steam-powered machinery, horse-drawn wagons and carriages. Workers wear: wool flat caps, striped cotton work shirts, canvas or leather trousers, heavy leather boots with nails, cotton suspenders, neckerchiefs, heavy wool coats in cold weather. Manual and early mechanical tool era: hand-forged hammers, chisels, steel cable tools, rope and wood pulley systems, steam-powered cranes, early pneumatic riveting hammers, compressed air caissons. No electric power tools, minimal safety equipment (leather gloves, cloth caps), wooden scaffolding with hemp rope, period-accurate Victorian-era materials only.

Urban coastal environment: East River tidal waters with strong currents, heavy fog banks rolling in from harbor, salt spray and maritime humidity, coal smoke from factories and steamships mixing with river mist, seagulls constant, ferry boat traffic, wooden docks and piers, brick warehouses and tenement buildings visible on both shores. Industrial New York sounds: steam whistles, horse hooves on cobblestones, ferry engines, dock work, church bells, train whistles in distance. Weather: fog common especially mornings, rain, snow in winter, occasional clear days revealing full span.

Absolute historical prohibition - exclude ALL anachronisms: Modern safety equipment (reflective vests, fall arrest systems, safety lanyards, modern hard hats with chin straps, safety glasses), digital devices, contemporary vehicles, current-era signage, modern construction techniques (current welding styles, contemporary concrete forms), anachronistic materials (modern plastics, contemporary composites, synthetic fabrics, modern high-strength steel alloys), modern tool designs (battery-powered tools, electric tools before 1880s), LED lighting, plastic materials, contemporary color schemes (high-visibility orange/yellow), modern fasteners, automobiles (horse-drawn only until very late 1880s).

Cool muted color grading: Desaturate to 70% of full color, cool temperature (+200K blue shift toward gray-blue), reduced contrast 15%, gentle highlights rolloff, preserved shadow detail in fog. Primary color bias: Gray-blue (fog, river, steel), cool green-gray (oxidized copper, river algae), muted brick red (buildings, aged materials), charcoal and soot black (coal smoke, industrial grime), weathered brown (wood, leather, rust). Avoid: Warm yellows, saturated reds, vivid greens, pure blacks, bright whites. Film grain: 35mm equivalent, subtle structure, minimal chrominance noise, slightly increased grain in shadow areas matching wet plate photography aesthetic of 1870s.

Wide shot of bridge being decorated for opening ceremony. American flags, bunting, banners hanging from cables. Workers cleaning roadway, final touches. Crowds already gathering on both shores. May 24, 1883 - fourteen years after construction began. Victorian celebration: bridge as symbol of American industrial might and progress. Gothic towers dressed in patriotic colors."
37,B-ROLL,Opening Day Preparations - Flag Detail,"Ultra-realistic cinematic documentary style. 4K resolution, professional color grading. Muted vintage color palette with soft desaturation, subtle film grain, realistic natural lighting. Historically accurate 1870s-1880s environment, Gilded Age vehicles, tools, and construction materials. Natural camera movement with professional cinematography: smooth dollies, crane shots, tracking movements, aerial perspectives. Realistic physics, authentic material behavior, grounded sense of massive scale and weight. Consistent period-appropriate color grading throughout all scenes.

Set in New York City, East River between Manhattan and Brooklyn, 1869-1883 Gilded Age era. Heavy industrial atmosphere with coal smoke, gas lighting becoming electric, steam-powered machinery, horse-drawn wagons and carriages. Workers wear: wool flat caps, striped cotton work shirts, canvas or leather trousers, heavy leather boots with nails, cotton suspenders, neckerchiefs, heavy wool coats in cold weather. Manual and early mechanical tool era: hand-forged hammers, chisels, steel cable tools, rope and wood pulley systems, steam-powered cranes, early pneumatic riveting hammers, compressed air caissons. No electric power tools, minimal safety equipment (leather gloves, cloth caps), wooden scaffolding with hemp rope, period-accurate Victorian-era materials only.

Urban coastal environment: East River tidal waters with strong currents, heavy fog banks rolling in from harbor, salt spray and maritime humidity, coal smoke from factories and steamships mixing with river mist, seagulls constant, ferry boat traffic, wooden docks and piers, brick warehouses and tenement buildings visible on both shores. Industrial New York sounds: steam whistles, horse hooves on cobblestones, ferry engines, dock work, church bells, train whistles in distance. Weather: fog common especially mornings, rain, snow in winter, occasional clear days revealing full span.

Absolute historical prohibition - exclude ALL anachronisms: Modern safety equipment (reflective vests, fall arrest systems, safety lanyards, modern hard hats with chin straps, safety glasses), digital devices, contemporary vehicles, current-era signage, modern construction techniques (current welding styles, contemporary concrete forms), anachronistic materials (modern plastics, contemporary composites, synthetic fabrics, modern high-strength steel alloys), modern tool designs (battery-powered tools, electric tools before 1880s), LED lighting, plastic materials, contemporary color schemes (high-visibility orange/yellow), modern fasteners, automobiles (horse-drawn only until very late 1880s).

Cool muted color grading: Desaturate to 70% of full color, cool temperature (+200K blue shift toward gray-blue), reduced contrast 15%, gentle highlights rolloff, preserved shadow detail in fog. Primary color bias: Gray-blue (fog, river, steel), cool green-gray (oxidized copper, river algae), muted brick red (buildings, aged materials), charcoal and soot black (coal smoke, industrial grime), weathered brown (wood, leather, rust). Avoid: Warm yellows, saturated reds, vivid greens, pure blacks, bright whites. Film grain: 35mm equivalent, subtle structure, minimal chrominance noise, slightly increased grain in shadow areas matching wet plate photography aesthetic of 1870s.

Close-up of American flag being unfurled and secured to cable, fabric snapping in East River wind, stars and stripes bright against Gothic stonework, Victorian patriotic display, celebrating engineering achievement."
38,A-ROLL,Opening Day - President Arthur,"Ultra-realistic cinematic documentary style. 4K resolution, professional color grading. Muted vintage color palette with soft desaturation, subtle film grain, realistic natural lighting. Historically accurate 1870s-1880s environment, Gilded Age vehicles, tools, and construction materials. Natural camera movement with professional cinematography: smooth dollies, crane shots, tracking movements, aerial perspectives. Realistic physics, authentic material behavior, grounded sense of massive scale and weight. Consistent period-appropriate color grading throughout all scenes.

Set in New York City, East River between Manhattan and Brooklyn, 1869-1883 Gilded Age era. Heavy industrial atmosphere with coal smoke, gas lighting becoming electric, steam-powered machinery, horse-drawn wagons and carriages. Workers wear: wool flat caps, striped cotton work shirts, canvas or leather trousers, heavy leather boots with nails, cotton suspenders, neckerchiefs, heavy wool coats in cold weather. Manual and early mechanical tool era: hand-forged hammers, chisels, steel cable tools, rope and wood pulley systems, steam-powered cranes, early pneumatic riveting hammers, compressed air caissons. No electric power tools, minimal safety equipment (leather gloves, cloth caps), wooden scaffolding with hemp rope, period-accurate Victorian-era materials only.

Urban coastal environment: East River tidal waters with strong currents, heavy fog banks rolling in from harbor, salt spray and maritime humidity, coal smoke from factories and steamships mixing with river mist, seagulls constant, ferry boat traffic, wooden docks and piers, brick warehouses and tenement buildings visible on both shores. Industrial New York sounds: steam whistles, horse hooves on cobblestones, ferry engines, dock work, church bells, train whistles in distance. Weather: fog common especially mornings, rain, snow in winter, occasional clear days revealing full span.

Absolute historical prohibition - exclude ALL anachronisms: Modern safety equipment (reflective vests, fall arrest systems, safety lanyards, modern hard hats with chin straps, safety glasses), digital devices, contemporary vehicles, current-era signage, modern construction techniques (current welding styles, contemporary concrete forms), anachronistic materials (modern plastics, contemporary composites, synthetic fabrics, modern high-strength steel alloys), modern tool designs (battery-powered tools, electric tools before 1880s), LED lighting, plastic materials, contemporary color schemes (high-visibility orange/yellow), modern fasteners, automobiles (horse-drawn only until very late 1880s).

Cool muted color grading: Desaturate to 70% of full color, cool temperature (+200K blue shift toward gray-blue), reduced contrast 15%, gentle highlights rolloff, preserved shadow detail in fog. Primary color bias: Gray-blue (fog, river, steel), cool green-gray (oxidized copper, river algae), muted brick red (buildings, aged materials), charcoal and soot black (coal smoke, industrial grime), weathered brown (wood, leather, rust). Avoid: Warm yellows, saturated reds, vivid greens, pure blacks, bright whites. Film grain: 35mm equivalent, subtle structure, minimal chrominance noise, slightly increased grain in shadow areas matching wet plate photography aesthetic of 1870s.

Medium shot on bridge promenade showing President Chester Arthur and dignitaries walking across in opening ceremony. Crowds line railings, Victorian dress everywhere: top hats, long coats, bustles, parasols. Emily Warren Roebling (Washington wife, honorary first to cross) leading procession. Historic crossing: bridge now connecting two great cities. Church bells ringing from both shores."
38,B-ROLL,Opening Day - Commemorative Ribbon,"Ultra-realistic cinematic documentary style. 4K resolution, professional color grading. Muted vintage color palette with soft desaturation, subtle film grain, realistic natural lighting. Historically accurate 1870s-1880s environment, Gilded Age vehicles, tools, and construction materials. Natural camera movement with professional cinematography: smooth dollies, crane shots, tracking movements, aerial perspectives. Realistic physics, authentic material behavior, grounded sense of massive scale and weight. Consistent period-appropriate color grading throughout all scenes.

Set in New York City, East River between Manhattan and Brooklyn, 1869-1883 Gilded Age era. Heavy industrial atmosphere with coal smoke, gas lighting becoming electric, steam-powered machinery, horse-drawn wagons and carriages. Workers wear: wool flat caps, striped cotton work shirts, canvas or leather trousers, heavy leather boots with nails, cotton suspenders, neckerchiefs, heavy wool coats in cold weather. Manual and early mechanical tool era: hand-forged hammers, chisels, steel cable tools, rope and wood pulley systems, steam-powered cranes, early pneumatic riveting hammers, compressed air caissons. No electric power tools, minimal safety equipment (leather gloves, cloth caps), wooden scaffolding with hemp rope, period-accurate Victorian-era materials only.

Urban coastal environment: East River tidal waters with strong currents, heavy fog banks rolling in from harbor, salt spray and maritime humidity, coal smoke from factories and steamships mixing with river mist, seagulls constant, ferry boat traffic, wooden docks and piers, brick warehouses and tenement buildings visible on both shores. Industrial New York sounds: steam whistles, horse hooves on cobblestones, ferry engines, dock work, church bells, train whistles in distance. Weather: fog common especially mornings, rain, snow in winter, occasional clear days revealing full span.

Absolute historical prohibition - exclude ALL anachronisms: Modern safety equipment (reflective vests, fall arrest systems, safety lanyards, modern hard hats with chin straps, safety glasses), digital devices, contemporary vehicles, current-era signage, modern construction techniques (current welding styles, contemporary concrete forms), anachronistic materials (modern plastics, contemporary composites, synthetic fabrics, modern high-strength steel alloys), modern tool designs (battery-powered tools, electric tools before 1880s), LED lighting, plastic materials, contemporary color schemes (high-visibility orange/yellow), modern fasteners, automobiles (horse-drawn only until very late 1880s).

Cool muted color grading: Desaturate to 70% of full color, cool temperature (+200K blue shift toward gray-blue), reduced contrast 15%, gentle highlights rolloff, preserved shadow detail in fog. Primary color bias: Gray-blue (fog, river, steel), cool green-gray (oxidized copper, river algae), muted brick red (buildings, aged materials), charcoal and soot black (coal smoke, industrial grime), weathered brown (wood, leather, rust). Avoid: Warm yellows, saturated reds, vivid greens, pure blacks, bright whites. Film grain: 35mm equivalent, subtle structure, minimal chrominance noise, slightly increased grain in shadow areas matching wet plate photography aesthetic of 1870s.

Close-up of ceremonial ribbon being cut, silk fabric in presidential blue, ornamental scissors, ribbon falling to wooden deck, official opening moment, Victorian ceremony captured in detail."
39,A-ROLL,First Public Crossing - Massive Crowds,"Ultra-realistic cinematic documentary style. 4K resolution, professional color grading. Muted vintage color palette with soft desaturation, subtle film grain, realistic natural lighting. Historically accurate 1870s-1880s environment, Gilded Age vehicles, tools, and construction materials. Natural camera movement with professional cinematography: smooth dollies, crane shots, tracking movements, aerial perspectives. Realistic physics, authentic material behavior, grounded sense of massive scale and weight. Consistent period-appropriate color grading throughout all scenes.

Set in New York City, East River between Manhattan and Brooklyn, 1869-1883 Gilded Age era. Heavy industrial atmosphere with coal smoke, gas lighting becoming electric, steam-powered machinery, horse-drawn wagons and carriages. Workers wear: wool flat caps, striped cotton work shirts, canvas or leather trousers, heavy leather boots with nails, cotton suspenders, neckerchiefs, heavy wool coats in cold weather. Manual and early mechanical tool era: hand-forged hammers, chisels, steel cable tools, rope and wood pulley systems, steam-powered cranes, early pneumatic riveting hammers, compressed air caissons. No electric power tools, minimal safety equipment (leather gloves, cloth caps), wooden scaffolding with hemp rope, period-accurate Victorian-era materials only.

Urban coastal environment: East River tidal waters with strong currents, heavy fog banks rolling in from harbor, salt spray and maritime humidity, coal smoke from factories and steamships mixing with river mist, seagulls constant, ferry boat traffic, wooden docks and piers, brick warehouses and tenement buildings visible on both shores. Industrial New York sounds: steam whistles, horse hooves on cobblestones, ferry engines, dock work, church bells, train whistles in distance. Weather: fog common especially mornings, rain, snow in winter, occasional clear days revealing full span.

Absolute historical prohibition - exclude ALL anachronisms: Modern safety equipment (reflective vests, fall arrest systems, safety lanyards, modern hard hats with chin straps, safety glasses), digital devices, contemporary vehicles, current-era signage, modern construction techniques (current welding styles, contemporary concrete forms), anachronistic materials (modern plastics, contemporary composites, synthetic fabrics, modern high-strength steel alloys), modern tool designs (battery-powered tools, electric tools before 1880s), LED lighting, plastic materials, contemporary color schemes (high-visibility orange/yellow), modern fasteners, automobiles (horse-drawn only until very late 1880s).

Cool muted color grading: Desaturate to 70% of full color, cool temperature (+200K blue shift toward gray-blue), reduced contrast 15%, gentle highlights rolloff, preserved shadow detail in fog. Primary color bias: Gray-blue (fog, river, steel), cool green-gray (oxidized copper, river algae), muted brick red (buildings, aged materials), charcoal and soot black (coal smoke, industrial grime), weathered brown (wood, leather, rust). Avoid: Warm yellows, saturated reds, vivid greens, pure blacks, bright whites. Film grain: 35mm equivalent, subtle structure, minimal chrominance noise, slightly increased grain in shadow areas matching wet plate photography aesthetic of 1870s.

Dramatic wide shot of thousands of people walking across bridge on first public day. Promenade packed, roadway crowded with carriages and pedestrians. All of New York celebrating. View from tower showing human river flowing across span. Victorian urban America celebrating greatest engineering achievement of age. Fog clearing, both cities visible, connection complete."
39,B-ROLL,First Public Crossing - Walking Feet,"Ultra-realistic cinematic documentary style. 4K resolution, professional color grading. Muted vintage color palette with soft desaturation, subtle film grain, realistic natural lighting. Historically accurate 1870s-1880s environment, Gilded Age vehicles, tools, and construction materials. Natural camera movement with professional cinematography: smooth dollies, crane shots, tracking movements, aerial perspectives. Realistic physics, authentic material behavior, grounded sense of massive scale and weight. Consistent period-appropriate color grading throughout all scenes.

Set in New York City, East River between Manhattan and Brooklyn, 1869-1883 Gilded Age era. Heavy industrial atmosphere with coal smoke, gas lighting becoming electric, steam-powered machinery, horse-drawn wagons and carriages. Workers wear: wool flat caps, striped cotton work shirts, canvas or leather trousers, heavy leather boots with nails, cotton suspenders, neckerchiefs, heavy wool coats in cold weather. Manual and early mechanical tool era: hand-forged hammers, chisels, steel cable tools, rope and wood pulley systems, steam-powered cranes, early pneumatic riveting hammers, compressed air caissons. No electric power tools, minimal safety equipment (leather gloves, cloth caps), wooden scaffolding with hemp rope, period-accurate Victorian-era materials only.

Urban coastal environment: East River tidal waters with strong currents, heavy fog banks rolling in from harbor, salt spray and maritime humidity, coal smoke from factories and steamships mixing with river mist, seagulls constant, ferry boat traffic, wooden docks and piers, brick warehouses and tenement buildings visible on both shores. Industrial New York sounds: steam whistles, horse hooves on cobblestones, ferry engines, dock work, church bells, train whistles in distance. Weather: fog common especially mornings, rain, snow in winter, occasional clear days revealing full span.

Absolute historical prohibition - exclude ALL anachronisms: Modern safety equipment (reflective vests, fall arrest systems, safety lanyards, modern hard hats with chin straps, safety glasses), digital devices, contemporary vehicles, current-era signage, modern construction techniques (current welding styles, contemporary concrete forms), anachronistic materials (modern plastics, contemporary composites, synthetic fabrics, modern high-strength steel alloys), modern tool designs (battery-powered tools, electric tools before 1880s), LED lighting, plastic materials, contemporary color schemes (high-visibility orange/yellow), modern fasteners, automobiles (horse-drawn only until very late 1880s).

Cool muted color grading: Desaturate to 70% of full color, cool temperature (+200K blue shift toward gray-blue), reduced contrast 15%, gentle highlights rolloff, preserved shadow detail in fog. Primary color bias: Gray-blue (fog, river, steel), cool green-gray (oxidized copper, river algae), muted brick red (buildings, aged materials), charcoal and soot black (coal smoke, industrial grime), weathered brown (wood, leather, rust). Avoid: Warm yellows, saturated reds, vivid greens, pure blacks, bright whites. Film grain: 35mm equivalent, subtle structure, minimal chrominance noise, slightly increased grain in shadow areas matching wet plate photography aesthetic of 1870s.

Close-up of Victorian boots and shoes walking across wooden promenade deck, variety of footwear showing class diversity, boots on wood creating rhythm, historic first steps, thousands following, democracy of public infrastructure."
40,A-ROLL,Final Hero Shot - Completed Bridge,"Ultra-realistic cinematic documentary style. 4K resolution, professional color grading. Muted vintage color palette with soft desaturation, subtle film grain, realistic natural lighting. Historically accurate 1870s-1880s environment, Gilded Age vehicles, tools, and construction materials. Natural camera movement with professional cinematography: smooth dollies, crane shots, tracking movements, aerial perspectives. Realistic physics, authentic material behavior, grounded sense of massive scale and weight. Consistent period-appropriate color grading throughout all scenes.

Set in New York City, East River between Manhattan and Brooklyn, 1869-1883 Gilded Age era. Heavy industrial atmosphere with coal smoke, gas lighting becoming electric, steam-powered machinery, horse-drawn wagons and carriages. Workers wear: wool flat caps, striped cotton work shirts, canvas or leather trousers, heavy leather boots with nails, cotton suspenders, neckerchiefs, heavy wool coats in cold weather. Manual and early mechanical tool era: hand-forged hammers, chisels, steel cable tools, rope and wood pulley systems, steam-powered cranes, early pneumatic riveting hammers, compressed air caissons. No electric power tools, minimal safety equipment (leather gloves, cloth caps), wooden scaffolding with hemp rope, period-accurate Victorian-era materials only.

Urban coastal environment: East River tidal waters with strong currents, heavy fog banks rolling in from harbor, salt spray and maritime humidity, coal smoke from factories and steamships mixing with river mist, seagulls constant, ferry boat traffic, wooden docks and piers, brick warehouses and tenement buildings visible on both shores. Industrial New York sounds: steam whistles, horse hooves on cobblestones, ferry engines, dock work, church bells, train whistles in distance. Weather: fog common especially mornings, rain, snow in winter, occasional clear days revealing full span.

Absolute historical prohibition - exclude ALL anachronisms: Modern safety equipment (reflective vests, fall arrest systems, safety lanyards, modern hard hats with chin straps, safety glasses), digital devices, contemporary vehicles, current-era signage, modern construction techniques (current welding styles, contemporary concrete forms), anachronistic materials (modern plastics, contemporary composites, synthetic fabrics, modern high-strength steel alloys), modern tool designs (battery-powered tools, electric tools before 1880s), LED lighting, plastic materials, contemporary color schemes (high-visibility orange/yellow), modern fasteners, automobiles (horse-drawn only until very late 1880s).

Cool muted color grading: Desaturate to 70% of full color, cool temperature (+200K blue shift toward gray-blue), reduced contrast 15%, gentle highlights rolloff, preserved shadow detail in fog. Primary color bias: Gray-blue (fog, river, steel), cool green-gray (oxidized copper, river algae), muted brick red (buildings, aged materials), charcoal and soot black (coal smoke, industrial grime), weathered brown (wood, leather, rust). Avoid: Warm yellows, saturated reds, vivid greens, pure blacks, bright whites. Film grain: 35mm equivalent, subtle structure, minimal chrominance noise, slightly increased grain in shadow areas matching wet plate photography aesthetic of 1870s.

Cinematic majestic aerial orbit around completed Brooklyn Bridge at dawn. Camera starts at Brooklyn shore, rises to reveal Gothic tower, continues orbit showing all four main cables sweeping across East River in perfect curves, Manhattan tower appearing, continues around showing promenade with early morning walkers, descends showing roadway with horse-drawn traffic beginning, final orbit showing full span connecting Brooklyn to Manhattan. Light: golden hour with fog below, tops of towers catching first sun. Seagulls circling. Ferry boats passing beneath, now supplementing rather than replacing bridge. East River flowing as it always has, now spanned by stone, steel, and wire. Victorian achievement complete: longest suspension bridge in world, architectural masterpiece, engineering triumph that will define city skyline for generations. Final frame: bridge centered, both cities on either side, connection achieved."
40,B-ROLL,Final Hero Shot - Morning Light on Stone,"Ultra-realistic cinematic documentary style. 4K resolution, professional color grading. Muted vintage color palette with soft desaturation, subtle film grain, realistic natural lighting. Historically accurate 1870s-1880s environment, Gilded Age vehicles, tools, and construction materials. Natural camera movement with professional cinematography: smooth dollies, crane shots, tracking movements, aerial perspectives. Realistic physics, authentic material behavior, grounded sense of massive scale and weight. Consistent period-appropriate color grading throughout all scenes.

Set in New York City, East River between Manhattan and Brooklyn, 1869-1883 Gilded Age era. Heavy industrial atmosphere with coal smoke, gas lighting becoming electric, steam-powered machinery, horse-drawn wagons and carriages. Workers wear: wool flat caps, striped cotton work shirts, canvas or leather trousers, heavy leather boots with nails, cotton suspenders, neckerchiefs, heavy wool coats in cold weather. Manual and early mechanical tool era: hand-forged hammers, chisels, steel cable tools, rope and wood pulley systems, steam-powered cranes, early pneumatic riveting hammers, compressed air caissons. No electric power tools, minimal safety equipment (leather gloves, cloth caps), wooden scaffolding with hemp rope, period-accurate Victorian-era materials only.

Urban coastal environment: East River tidal waters with strong currents, heavy fog banks rolling in from harbor, salt spray and maritime humidity, coal smoke from factories and steamships mixing with river mist, seagulls constant, ferry boat traffic, wooden docks and piers, brick warehouses and tenement buildings visible on both shores. Industrial New York sounds: steam whistles, horse hooves on cobblestones, ferry engines, dock work, church bells, train whistles in distance. Weather: fog common especially mornings, rain, snow in winter, occasional clear days revealing full span.

Absolute historical prohibition - exclude ALL anachronisms: Modern safety equipment (reflective vests, fall arrest systems, safety lanyards, modern hard hats with chin straps, safety glasses), digital devices, contemporary vehicles, current-era signage, modern construction techniques (current welding styles, contemporary concrete forms), anachronistic materials (modern plastics, contemporary composites, synthetic fabrics, modern high-strength steel alloys), modern tool designs (battery-powered tools, electric tools before 1880s), LED lighting, plastic materials, contemporary color schemes (high-visibility orange/yellow), modern fasteners, automobiles (horse-drawn only until very late 1880s).

Cool muted color grading: Desaturate to 70% of full color, cool temperature (+200K blue shift toward gray-blue), reduced contrast 15%, gentle highlights rolloff, preserved shadow detail in fog. Primary color bias: Gray-blue (fog, river, steel), cool green-gray (oxidized copper, river algae), muted brick red (buildings, aged materials), charcoal and soot black (coal smoke, industrial grime), weathered brown (wood, leather, rust). Avoid: Warm yellows, saturated reds, vivid greens, pure blacks, bright whites. Film grain: 35mm equivalent, subtle structure, minimal chrominance noise, slightly increased grain in shadow areas matching wet plate photography aesthetic of 1870s.

Close-up of morning sunlight hitting Gothic tower limestone, warm light illuminating carved details, stone texture showing fourteen years of weathering beginning, seagull landing on tower peak, bridge now part of city permanent fabric, Victorian permanence achieved."
