Scene,Shot_Type,Shot_Title,Full_Prompt (Copy & Paste Ready)
1,A-ROLL,Black Canyon Before Construction - Wide,"Ultra-realistic cinematic documentary style. 4K resolution, professional color grading. Muted vintage color palette with soft desaturation, subtle film grain, realistic natural lighting. Historically accurate 1930s environment, Depression-era vehicles, tools, and construction materials. Natural camera movement with professional cinematography: smooth dollies, crane shots, tracking movements, aerial perspectives. Realistic physics, authentic material behavior, grounded sense of massive scale and weight. Consistent period-appropriate color grading throughout all scenes.

Set in Black Canyon, Nevada-Arizona border, 1931-1936 Depression era. Clear desert atmosphere with extreme heat and intense sunlight, early diesel equipment, classic 1930s truck-era vehicles. Workers wear: cloth caps or fedoras, rolled sleeve cotton shirts (often sweat-stained), canvas trousers, leather suspenders, heavy leather boots, bandanas for dust, minimal safety equipment (leather gloves, occasional cloth caps). Advanced tool era for 1930s: pneumatic drills, steam shovels, diesel-powered trucks, cable systems, drilling equipment, concrete mixing equipment, basic electric lighting systems. No modern plastics, no contemporary safety equipment, no current construction techniques, no synthetic materials.

Desert arid environment: extreme solar exposure creating harsh shadows and bright highlights, heat shimmer distortion visible at midday, occasional dust devils swirling across canyon, minimal cloud cover with intense blue sky, clear starlit nights, extreme temperature swings (120°F+ days, cool nights), dust particles suspended in air catching light, strong winds through canyon creating dust clouds, minimal desert vegetation, bleached earth tones (deep orange-red canyon rock, rust-colored canyon walls, tan dirt, pale yellows). Colorado River roaring through canyon bottom. Equipment visibly heating in direct sun, metal surfaces too hot to touch, workers seeking shade during peak heat.

Absolute historical prohibition - exclude ALL anachronisms: Modern safety equipment (reflective vests, fall arrest systems, safety lanyards, modern hard hats with chin straps, safety glasses), digital devices, contemporary vehicles, current-era signage, modern construction techniques (current welding styles, contemporary concrete forms), anachronistic materials (modern plastics, contemporary composites, synthetic fabrics), modern tool designs (battery-powered tools, contemporary power tools), LED lighting, plastic materials (containers, sheeting, barriers), contemporary color schemes (high-visibility orange/yellow), modern fasteners (contemporary bolts, current zip ties), current generation equipment (modern diesel designs, contemporary hydraulics).

Warm muted color grading: Desaturate to 65% of full color, strong warm temperature (+350K amber shift), reduced contrast 20% with soft highlights creating heat glow, deep shadows with preserved detail. Primary color bias: Deep orange-red (canyon rock faces), rust and ochre (desert soil and dust), dusty yellow (intense sunlight), faded denim blue (workers' clothing and river), weathered brown (wood scaffolding and leather). Avoid: Cool blues except in sky and water, vivid greens, pure whites, deep blacks. Film grain: 35mm equivalent with visible structure, slight sepia undertone matching Depression-era Kodachrome.

Cinematic aerial wide shot descending into Black Canyon at dawn, 1931. Colorado River rushes violently through narrow gorge between sheer orange-red rock walls rising 800 feet. Camera slow drift toward waterline as harsh desert light breaks over eastern rim, illuminating stratified rock layers. Heat shimmer already visible rising from canyon floor."
1,B-ROLL,Black Canyon Before Construction - Rock Detail,"Ultra-realistic cinematic documentary style. 4K resolution, professional color grading. Muted vintage color palette with soft desaturation, subtle film grain, realistic natural lighting. Historically accurate 1930s environment, Depression-era vehicles, tools, and construction materials. Natural camera movement with professional cinematography: smooth dollies, crane shots, tracking movements, aerial perspectives. Realistic physics, authentic material behavior, grounded sense of massive scale and weight. Consistent period-appropriate color grading throughout all scenes.

Set in Black Canyon, Nevada-Arizona border, 1931-1936 Depression era. Clear desert atmosphere with extreme heat and intense sunlight, early diesel equipment, classic 1930s truck-era vehicles. Workers wear: cloth caps or fedoras, rolled sleeve cotton shirts (often sweat-stained), canvas trousers, leather suspenders, heavy leather boots, bandanas for dust, minimal safety equipment (leather gloves, occasional cloth caps). Advanced tool era for 1930s: pneumatic drills, steam shovels, diesel-powered trucks, cable systems, drilling equipment, concrete mixing equipment, basic electric lighting systems. No modern plastics, no contemporary safety equipment, no current construction techniques, no synthetic materials.

Desert arid environment: extreme solar exposure creating harsh shadows and bright highlights, heat shimmer distortion visible at midday, occasional dust devils swirling across canyon, minimal cloud cover with intense blue sky, clear starlit nights, extreme temperature swings (120°F+ days, cool nights), dust particles suspended in air catching light, strong winds through canyon creating dust clouds, minimal desert vegetation, bleached earth tones (deep orange-red canyon rock, rust-colored canyon walls, tan dirt, pale yellows). Colorado River roaring through canyon bottom. Equipment visibly heating in direct sun, metal surfaces too hot to touch, workers seeking shade during peak heat.

Absolute historical prohibition - exclude ALL anachronisms: Modern safety equipment (reflective vests, fall arrest systems, safety lanyards, modern hard hats with chin straps, safety glasses), digital devices, contemporary vehicles, current-era signage, modern construction techniques (current welding styles, contemporary concrete forms), anachronistic materials (modern plastics, contemporary composites, synthetic fabrics), modern tool designs (battery-powered tools, contemporary power tools), LED lighting, plastic materials (containers, sheeting, barriers), contemporary color schemes (high-visibility orange/yellow), modern fasteners (contemporary bolts, current zip ties), current generation equipment (modern diesel designs, contemporary hydraulics).

Warm muted color grading: Desaturate to 65% of full color, strong warm temperature (+350K amber shift), reduced contrast 20% with soft highlights creating heat glow, deep shadows with preserved detail. Primary color bias: Deep orange-red (canyon rock faces), rust and ochre (desert soil and dust), dusty yellow (intense sunlight), faded denim blue (workers' clothing and river), weathered brown (wood scaffolding and leather). Avoid: Cool blues except in sky and water, vivid greens, pure whites, deep blacks. Film grain: 35mm equivalent with visible structure, slight sepia undertone matching Depression-era Kodachrome.

Close-up of sun-bleached canyon rock texture, deep vertical crack running through orange-red layered stone, morning light creating sharp shadow line in crevice, dust particles drifting."
2,A-ROLL,Surveying the Site - Engineers,"Ultra-realistic cinematic documentary style. 4K resolution, professional color grading. Muted vintage color palette with soft desaturation, subtle film grain, realistic natural lighting. Historically accurate 1930s environment, Depression-era vehicles, tools, and construction materials. Natural camera movement with professional cinematography: smooth dollies, crane shots, tracking movements, aerial perspectives. Realistic physics, authentic material behavior, grounded sense of massive scale and weight. Consistent period-appropriate color grading throughout all scenes.

Set in Black Canyon, Nevada-Arizona border, 1931-1936 Depression era. Clear desert atmosphere with extreme heat and intense sunlight, early diesel equipment, classic 1930s truck-era vehicles. Workers wear: cloth caps or fedoras, rolled sleeve cotton shirts (often sweat-stained), canvas trousers, leather suspenders, heavy leather boots, bandanas for dust, minimal safety equipment (leather gloves, occasional cloth caps). Advanced tool era for 1930s: pneumatic drills, steam shovels, diesel-powered trucks, cable systems, drilling equipment, concrete mixing equipment, basic electric lighting systems. No modern plastics, no contemporary safety equipment, no current construction techniques, no synthetic materials.

Desert arid environment: extreme solar exposure creating harsh shadows and bright highlights, heat shimmer distortion visible at midday, occasional dust devils swirling across canyon, minimal cloud cover with intense blue sky, clear starlit nights, extreme temperature swings (120°F+ days, cool nights), dust particles suspended in air catching light, strong winds through canyon creating dust clouds, minimal desert vegetation, bleached earth tones (deep orange-red canyon rock, rust-colored canyon walls, tan dirt, pale yellows). Colorado River roaring through canyon bottom. Equipment visibly heating in direct sun, metal surfaces too hot to touch, workers seeking shade during peak heat.

Absolute historical prohibition - exclude ALL anachronisms: Modern safety equipment (reflective vests, fall arrest systems, safety lanyards, modern hard hats with chin straps, safety glasses), digital devices, contemporary vehicles, current-era signage, modern construction techniques (current welding styles, contemporary concrete forms), anachronistic materials (modern plastics, contemporary composites, synthetic fabrics), modern tool designs (battery-powered tools, contemporary power tools), LED lighting, plastic materials (containers, sheeting, barriers), contemporary color schemes (high-visibility orange/yellow), modern fasteners (contemporary bolts, current zip ties), current generation equipment (modern diesel designs, contemporary hydraulics).

Warm muted color grading: Desaturate to 65% of full color, strong warm temperature (+350K amber shift), reduced contrast 20% with soft highlights creating heat glow, deep shadows with preserved detail. Primary color bias: Deep orange-red (canyon rock faces), rust and ochre (desert soil and dust), dusty yellow (intense sunlight), faded denim blue (workers' clothing and river), weathered brown (wood scaffolding and leather). Avoid: Cool blues except in sky and water, vivid greens, pure whites, deep blacks. Film grain: 35mm equivalent with visible structure, slight sepia undertone matching Depression-era Kodachrome.

Ground-level tracking shot of engineers with theodolite and measuring equipment on canyon rim, studying gorge below. Workers in cloth caps and suspenders examine blueprints held down against desert wind. Dust swirls around boots, intense morning sun creating harsh shadows."
2,B-ROLL,Surveying the Site - Instrument Detail,"Ultra-realistic cinematic documentary style. 4K resolution, professional color grading. Muted vintage color palette with soft desaturation, subtle film grain, realistic natural lighting. Historically accurate 1930s environment, Depression-era vehicles, tools, and construction materials. Natural camera movement with professional cinematography: smooth dollies, crane shots, tracking movements, aerial perspectives. Realistic physics, authentic material behavior, grounded sense of massive scale and weight. Consistent period-appropriate color grading throughout all scenes.

Set in Black Canyon, Nevada-Arizona border, 1931-1936 Depression era. Clear desert atmosphere with extreme heat and intense sunlight, early diesel equipment, classic 1930s truck-era vehicles. Workers wear: cloth caps or fedoras, rolled sleeve cotton shirts (often sweat-stained), canvas trousers, leather suspenders, heavy leather boots, bandanas for dust, minimal safety equipment (leather gloves, occasional cloth caps). Advanced tool era for 1930s: pneumatic drills, steam shovels, diesel-powered trucks, cable systems, drilling equipment, concrete mixing equipment, basic electric lighting systems. No modern plastics, no contemporary safety equipment, no current construction techniques, no synthetic materials.

Desert arid environment: extreme solar exposure creating harsh shadows and bright highlights, heat shimmer distortion visible at midday, occasional dust devils swirling across canyon, minimal cloud cover with intense blue sky, clear starlit nights, extreme temperature swings (120°F+ days, cool nights), dust particles suspended in air catching light, strong winds through canyon creating dust clouds, minimal desert vegetation, bleached earth tones (deep orange-red canyon rock, rust-colored canyon walls, tan dirt, pale yellows). Colorado River roaring through canyon bottom. Equipment visibly heating in direct sun, metal surfaces too hot to touch, workers seeking shade during peak heat.

Absolute historical prohibition - exclude ALL anachronisms: Modern safety equipment (reflective vests, fall arrest systems, safety lanyards, modern hard hats with chin straps, safety glasses), digital devices, contemporary vehicles, current-era signage, modern construction techniques (current welding styles, contemporary concrete forms), anachronistic materials (modern plastics, contemporary composites, synthetic fabrics), modern tool designs (battery-powered tools, contemporary power tools), LED lighting, plastic materials (containers, sheeting, barriers), contemporary color schemes (high-visibility orange/yellow), modern fasteners (contemporary bolts, current zip ties), current generation equipment (modern diesel designs, contemporary hydraulics).

Warm muted color grading: Desaturate to 65% of full color, strong warm temperature (+350K amber shift), reduced contrast 20% with soft highlights creating heat glow, deep shadows with preserved detail. Primary color bias: Deep orange-red (canyon rock faces), rust and ochre (desert soil and dust), dusty yellow (intense sunlight), faded denim blue (workers' clothing and river), weathered brown (wood scaffolding and leather). Avoid: Cool blues except in sky and water, vivid greens, pure whites, deep blacks. Film grain: 35mm equivalent with visible structure, slight sepia undertone matching Depression-era Kodachrome.

Close-up of gloved hands adjusting surveying instrument brass knobs, sunlight reflecting off polished metal, dust settling on equipment surface."
3,A-ROLL,Railroad Arrives - Locomotive,"Ultra-realistic cinematic documentary style. 4K resolution, professional color grading. Muted vintage color palette with soft desaturation, subtle film grain, realistic natural lighting. Historically accurate 1930s environment, Depression-era vehicles, tools, and construction materials. Natural camera movement with professional cinematography: smooth dollies, crane shots, tracking movements, aerial perspectives. Realistic physics, authentic material behavior, grounded sense of massive scale and weight. Consistent period-appropriate color grading throughout all scenes.

Set in Black Canyon, Nevada-Arizona border, 1931-1936 Depression era. Clear desert atmosphere with extreme heat and intense sunlight, early diesel equipment, classic 1930s truck-era vehicles. Workers wear: cloth caps or fedoras, rolled sleeve cotton shirts (often sweat-stained), canvas trousers, leather suspenders, heavy leather boots, bandanas for dust, minimal safety equipment (leather gloves, occasional cloth caps). Advanced tool era for 1930s: pneumatic drills, steam shovels, diesel-powered trucks, cable systems, drilling equipment, concrete mixing equipment, basic electric lighting systems. No modern plastics, no contemporary safety equipment, no current construction techniques, no synthetic materials.

Desert arid environment: extreme solar exposure creating harsh shadows and bright highlights, heat shimmer distortion visible at midday, occasional dust devils swirling across canyon, minimal cloud cover with intense blue sky, clear starlit nights, extreme temperature swings (120°F+ days, cool nights), dust particles suspended in air catching light, strong winds through canyon creating dust clouds, minimal desert vegetation, bleached earth tones (deep orange-red canyon rock, rust-colored canyon walls, tan dirt, pale yellows). Colorado River roaring through canyon bottom. Equipment visibly heating in direct sun, metal surfaces too hot to touch, workers seeking shade during peak heat.

Absolute historical prohibition - exclude ALL anachronisms: Modern safety equipment (reflective vests, fall arrest systems, safety lanyards, modern hard hats with chin straps, safety glasses), digital devices, contemporary vehicles, current-era signage, modern construction techniques (current welding styles, contemporary concrete forms), anachronistic materials (modern plastics, contemporary composites, synthetic fabrics), modern tool designs (battery-powered tools, contemporary power tools), LED lighting, plastic materials (containers, sheeting, barriers), contemporary color schemes (high-visibility orange/yellow), modern fasteners (contemporary bolts, current zip ties), current generation equipment (modern diesel designs, contemporary hydraulics).

Warm muted color grading: Desaturate to 65% of full color, strong warm temperature (+350K amber shift), reduced contrast 20% with soft highlights creating heat glow, deep shadows with preserved detail. Primary color bias: Deep orange-red (canyon rock faces), rust and ochre (desert soil and dust), dusty yellow (intense sunlight), faded denim blue (workers' clothing and river), weathered brown (wood scaffolding and leather). Avoid: Cool blues except in sky and water, vivid greens, pure whites, deep blacks. Film grain: 35mm equivalent with visible structure, slight sepia undertone matching Depression-era Kodachrome.

Side tracking shot of steam locomotive pulling flatbed cars loaded with equipment into canyon construction site. Black smoke billows into clear desert air. Workers in fedoras and rolled sleeves unload steel sections, dust clouds rising with each impact on ground."
3,B-ROLL,Railroad Arrives - Wheel Detail,"Ultra-realistic cinematic documentary style. 4K resolution, professional color grading. Muted vintage color palette with soft desaturation, subtle film grain, realistic natural lighting. Historically accurate 1930s environment, Depression-era vehicles, tools, and construction materials. Natural camera movement with professional cinematography: smooth dollies, crane shots, tracking movements, aerial perspectives. Realistic physics, authentic material behavior, grounded sense of massive scale and weight. Consistent period-appropriate color grading throughout all scenes.

Set in Black Canyon, Nevada-Arizona border, 1931-1936 Depression era. Clear desert atmosphere with extreme heat and intense sunlight, early diesel equipment, classic 1930s truck-era vehicles. Workers wear: cloth caps or fedoras, rolled sleeve cotton shirts (often sweat-stained), canvas trousers, leather suspenders, heavy leather boots, bandanas for dust, minimal safety equipment (leather gloves, occasional cloth caps). Advanced tool era for 1930s: pneumatic drills, steam shovels, diesel-powered trucks, cable systems, drilling equipment, concrete mixing equipment, basic electric lighting systems. No modern plastics, no contemporary safety equipment, no current construction techniques, no synthetic materials.

Desert arid environment: extreme solar exposure creating harsh shadows and bright highlights, heat shimmer distortion visible at midday, occasional dust devils swirling across canyon, minimal cloud cover with intense blue sky, clear starlit nights, extreme temperature swings (120°F+ days, cool nights), dust particles suspended in air catching light, strong winds through canyon creating dust clouds, minimal desert vegetation, bleached earth tones (deep orange-red canyon rock, rust-colored canyon walls, tan dirt, pale yellows). Colorado River roaring through canyon bottom. Equipment visibly heating in direct sun, metal surfaces too hot to touch, workers seeking shade during peak heat.

Absolute historical prohibition - exclude ALL anachronisms: Modern safety equipment (reflective vests, fall arrest systems, safety lanyards, modern hard hats with chin straps, safety glasses), digital devices, contemporary vehicles, current-era signage, modern construction techniques (current welding styles, contemporary concrete forms), anachronistic materials (modern plastics, contemporary composites, synthetic fabrics), modern tool designs (battery-powered tools, contemporary power tools), LED lighting, plastic materials (containers, sheeting, barriers), contemporary color schemes (high-visibility orange/yellow), modern fasteners (contemporary bolts, current zip ties), current generation equipment (modern diesel designs, contemporary hydraulics).

Warm muted color grading: Desaturate to 65% of full color, strong warm temperature (+350K amber shift), reduced contrast 20% with soft highlights creating heat glow, deep shadows with preserved detail. Primary color bias: Deep orange-red (canyon rock faces), rust and ochre (desert soil and dust), dusty yellow (intense sunlight), faded denim blue (workers' clothing and river), weathered brown (wood scaffolding and leather). Avoid: Cool blues except in sky and water, vivid greens, pure whites, deep blacks. Film grain: 35mm equivalent with visible structure, slight sepia undertone matching Depression-era Kodachrome.

Close-up of locomotive wheel on track, steel connecting rod moving, grease visible on mechanisms, dust coating metal surfaces."
4,A-ROLL,Tent City Rises - Camp,"Ultra-realistic cinematic documentary style. 4K resolution, professional color grading. Muted vintage color palette with soft desaturation, subtle film grain, realistic natural lighting. Historically accurate 1930s environment, Depression-era vehicles, tools, and construction materials. Natural camera movement with professional cinematography: smooth dollies, crane shots, tracking movements, aerial perspectives. Realistic physics, authentic material behavior, grounded sense of massive scale and weight. Consistent period-appropriate color grading throughout all scenes.

Set in Black Canyon, Nevada-Arizona border, 1931-1936 Depression era. Clear desert atmosphere with extreme heat and intense sunlight, early diesel equipment, classic 1930s truck-era vehicles. Workers wear: cloth caps or fedoras, rolled sleeve cotton shirts (often sweat-stained), canvas trousers, leather suspenders, heavy leather boots, bandanas for dust, minimal safety equipment (leather gloves, occasional cloth caps). Advanced tool era for 1930s: pneumatic drills, steam shovels, diesel-powered trucks, cable systems, drilling equipment, concrete mixing equipment, basic electric lighting systems. No modern plastics, no contemporary safety equipment, no current construction techniques, no synthetic materials.

Desert arid environment: extreme solar exposure creating harsh shadows and bright highlights, heat shimmer distortion visible at midday, occasional dust devils swirling across canyon, minimal cloud cover with intense blue sky, clear starlit nights, extreme temperature swings (120°F+ days, cool nights), dust particles suspended in air catching light, strong winds through canyon creating dust clouds, minimal desert vegetation, bleached earth tones (deep orange-red canyon rock, rust-colored canyon walls, tan dirt, pale yellows). Colorado River roaring through canyon bottom. Equipment visibly heating in direct sun, metal surfaces too hot to touch, workers seeking shade during peak heat.

Absolute historical prohibition - exclude ALL anachronisms: Modern safety equipment (reflective vests, fall arrest systems, safety lanyards, modern hard hats with chin straps, safety glasses), digital devices, contemporary vehicles, current-era signage, modern construction techniques (current welding styles, contemporary concrete forms), anachronistic materials (modern plastics, contemporary composites, synthetic fabrics), modern tool designs (battery-powered tools, contemporary power tools), LED lighting, plastic materials (containers, sheeting, barriers), contemporary color schemes (high-visibility orange/yellow), modern fasteners (contemporary bolts, current zip ties), current generation equipment (modern diesel designs, contemporary hydraulics).

Warm muted color grading: Desaturate to 65% of full color, strong warm temperature (+350K amber shift), reduced contrast 20% with soft highlights creating heat glow, deep shadows with preserved detail. Primary color bias: Deep orange-red (canyon rock faces), rust and ochre (desert soil and dust), dusty yellow (intense sunlight), faded denim blue (workers' clothing and river), weathered brown (wood scaffolding and leather). Avoid: Cool blues except in sky and water, vivid greens, pure whites, deep blacks. Film grain: 35mm equivalent with visible structure, slight sepia undertone matching Depression-era Kodachrome.

Wide shot of worker tent city emerging on canyon rim. Canvas tents in rows, dirt pathways between, workers carrying supplies, children playing in dust, laundry hanging on lines. Depression-era poverty visible but organized camp structure. Smoke from cooking fires drifting."
4,B-ROLL,Tent City Rises - Canvas Detail,"Ultra-realistic cinematic documentary style. 4K resolution, professional color grading. Muted vintage color palette with soft desaturation, subtle film grain, realistic natural lighting. Historically accurate 1930s environment, Depression-era vehicles, tools, and construction materials. Natural camera movement with professional cinematography: smooth dollies, crane shots, tracking movements, aerial perspectives. Realistic physics, authentic material behavior, grounded sense of massive scale and weight. Consistent period-appropriate color grading throughout all scenes.

Set in Black Canyon, Nevada-Arizona border, 1931-1936 Depression era. Clear desert atmosphere with extreme heat and intense sunlight, early diesel equipment, classic 1930s truck-era vehicles. Workers wear: cloth caps or fedoras, rolled sleeve cotton shirts (often sweat-stained), canvas trousers, leather suspenders, heavy leather boots, bandanas for dust, minimal safety equipment (leather gloves, occasional cloth caps). Advanced tool era for 1930s: pneumatic drills, steam shovels, diesel-powered trucks, cable systems, drilling equipment, concrete mixing equipment, basic electric lighting systems. No modern plastics, no contemporary safety equipment, no current construction techniques, no synthetic materials.

Desert arid environment: extreme solar exposure creating harsh shadows and bright highlights, heat shimmer distortion visible at midday, occasional dust devils swirling across canyon, minimal cloud cover with intense blue sky, clear starlit nights, extreme temperature swings (120°F+ days, cool nights), dust particles suspended in air catching light, strong winds through canyon creating dust clouds, minimal desert vegetation, bleached earth tones (deep orange-red canyon rock, rust-colored canyon walls, tan dirt, pale yellows). Colorado River roaring through canyon bottom. Equipment visibly heating in direct sun, metal surfaces too hot to touch, workers seeking shade during peak heat.

Absolute historical prohibition - exclude ALL anachronisms: Modern safety equipment (reflective vests, fall arrest systems, safety lanyards, modern hard hats with chin straps, safety glasses), digital devices, contemporary vehicles, current-era signage, modern construction techniques (current welding styles, contemporary concrete forms), anachronistic materials (modern plastics, contemporary composites, synthetic fabrics), modern tool designs (battery-powered tools, contemporary power tools), LED lighting, plastic materials (containers, sheeting, barriers), contemporary color schemes (high-visibility orange/yellow), modern fasteners (contemporary bolts, current zip ties), current generation equipment (modern diesel designs, contemporary hydraulics).

Warm muted color grading: Desaturate to 65% of full color, strong warm temperature (+350K amber shift), reduced contrast 20% with soft highlights creating heat glow, deep shadows with preserved detail. Primary color bias: Deep orange-red (canyon rock faces), rust and ochre (desert soil and dust), dusty yellow (intense sunlight), faded denim blue (workers' clothing and river), weathered brown (wood scaffolding and leather). Avoid: Cool blues except in sky and water, vivid greens, pure whites, deep blacks. Film grain: 35mm equivalent with visible structure, slight sepia undertone matching Depression-era Kodachrome.

Close-up of weathered canvas tent fabric billowing in wind, rope ties straining, dust accumulating in folds."
5,A-ROLL,River Diversion Begins - Tunnel Work,"Ultra-realistic cinematic documentary style. 4K resolution, professional color grading. Muted vintage color palette with soft desaturation, subtle film grain, realistic natural lighting. Historically accurate 1930s environment, Depression-era vehicles, tools, and construction materials. Natural camera movement with professional cinematography: smooth dollies, crane shots, tracking movements, aerial perspectives. Realistic physics, authentic material behavior, grounded sense of massive scale and weight. Consistent period-appropriate color grading throughout all scenes.

Set in Black Canyon, Nevada-Arizona border, 1931-1936 Depression era. Clear desert atmosphere with extreme heat and intense sunlight, early diesel equipment, classic 1930s truck-era vehicles. Workers wear: cloth caps or fedoras, rolled sleeve cotton shirts (often sweat-stained), canvas trousers, leather suspenders, heavy leather boots, bandanas for dust, minimal safety equipment (leather gloves, occasional cloth caps). Advanced tool era for 1930s: pneumatic drills, steam shovels, diesel-powered trucks, cable systems, drilling equipment, concrete mixing equipment, basic electric lighting systems. No modern plastics, no contemporary safety equipment, no current construction techniques, no synthetic materials.

Desert arid environment: extreme solar exposure creating harsh shadows and bright highlights, heat shimmer distortion visible at midday, occasional dust devils swirling across canyon, minimal cloud cover with intense blue sky, clear starlit nights, extreme temperature swings (120°F+ days, cool nights), dust particles suspended in air catching light, strong winds through canyon creating dust clouds, minimal desert vegetation, bleached earth tones (deep orange-red canyon rock, rust-colored canyon walls, tan dirt, pale yellows). Colorado River roaring through canyon bottom. Equipment visibly heating in direct sun, metal surfaces too hot to touch, workers seeking shade during peak heat.

Absolute historical prohibition - exclude ALL anachronisms: Modern safety equipment (reflective vests, fall arrest systems, safety lanyards, modern hard hats with chin straps, safety glasses), digital devices, contemporary vehicles, current-era signage, modern construction techniques (current welding styles, contemporary concrete forms), anachronistic materials (modern plastics, contemporary composites, synthetic fabrics), modern tool designs (battery-powered tools, contemporary power tools), LED lighting, plastic materials (containers, sheeting, barriers), contemporary color schemes (high-visibility orange/yellow), modern fasteners (contemporary bolts, current zip ties), current generation equipment (modern diesel designs, contemporary hydraulics).

Warm muted color grading: Desaturate to 65% of full color, strong warm temperature (+350K amber shift), reduced contrast 20% with soft highlights creating heat glow, deep shadows with preserved detail. Primary color bias: Deep orange-red (canyon rock faces), rust and ochre (desert soil and dust), dusty yellow (intense sunlight), faded denim blue (workers' clothing and river), weathered brown (wood scaffolding and leather). Avoid: Cool blues except in sky and water, vivid greens, pure whites, deep blacks. Film grain: 35mm equivalent with visible structure, slight sepia undertone matching Depression-era Kodachrome.

Ground-level tracking shot following workers setting explosive charges in diversion tunnel wall. Pneumatic drills pierce rock in background (sparks flying), foreman signals with hand gestures, workers in cloth caps and rolled sleeves move with practiced coordination. Dust thick in artificial tunnel lighting from strings of bulbs."
5,B-ROLL,River Diversion Begins - Explosive Detail,"Ultra-realistic cinematic documentary style. 4K resolution, professional color grading. Muted vintage color palette with soft desaturation, subtle film grain, realistic natural lighting. Historically accurate 1930s environment, Depression-era vehicles, tools, and construction materials. Natural camera movement with professional cinematography: smooth dollies, crane shots, tracking movements, aerial perspectives. Realistic physics, authentic material behavior, grounded sense of massive scale and weight. Consistent period-appropriate color grading throughout all scenes.

Set in Black Canyon, Nevada-Arizona border, 1931-1936 Depression era. Clear desert atmosphere with extreme heat and intense sunlight, early diesel equipment, classic 1930s truck-era vehicles. Workers wear: cloth caps or fedoras, rolled sleeve cotton shirts (often sweat-stained), canvas trousers, leather suspenders, heavy leather boots, bandanas for dust, minimal safety equipment (leather gloves, occasional cloth caps). Advanced tool era for 1930s: pneumatic drills, steam shovels, diesel-powered trucks, cable systems, drilling equipment, concrete mixing equipment, basic electric lighting systems. No modern plastics, no contemporary safety equipment, no current construction techniques, no synthetic materials.

Desert arid environment: extreme solar exposure creating harsh shadows and bright highlights, heat shimmer distortion visible at midday, occasional dust devils swirling across canyon, minimal cloud cover with intense blue sky, clear starlit nights, extreme temperature swings (120°F+ days, cool nights), dust particles suspended in air catching light, strong winds through canyon creating dust clouds, minimal desert vegetation, bleached earth tones (deep orange-red canyon rock, rust-colored canyon walls, tan dirt, pale yellows). Colorado River roaring through canyon bottom. Equipment visibly heating in direct sun, metal surfaces too hot to touch, workers seeking shade during peak heat.

Absolute historical prohibition - exclude ALL anachronisms: Modern safety equipment (reflective vests, fall arrest systems, safety lanyards, modern hard hats with chin straps, safety glasses), digital devices, contemporary vehicles, current-era signage, modern construction techniques (current welding styles, contemporary concrete forms), anachronistic materials (modern plastics, contemporary composites, synthetic fabrics), modern tool designs (battery-powered tools, contemporary power tools), LED lighting, plastic materials (containers, sheeting, barriers), contemporary color schemes (high-visibility orange/yellow), modern fasteners (contemporary bolts, current zip ties), current generation equipment (modern diesel designs, contemporary hydraulics).

Warm muted color grading: Desaturate to 65% of full color, strong warm temperature (+350K amber shift), reduced contrast 20% with soft highlights creating heat glow, deep shadows with preserved detail. Primary color bias: Deep orange-red (canyon rock faces), rust and ochre (desert soil and dust), dusty yellow (intense sunlight), faded denim blue (workers' clothing and river), weathered brown (wood scaffolding and leather). Avoid: Cool blues except in sky and water, vivid greens, pure whites, deep blacks. Film grain: 35mm equivalent with visible structure, slight sepia undertone matching Depression-era Kodachrome.

Extreme close-up of gloved hands placing TNT stick into drilled hole, tamping wire down carefully, dust drifting past in artificial light beam."
6,A-ROLL,Tunnel Blasting - Explosion,"Ultra-realistic cinematic documentary style. 4K resolution, professional color grading. Muted vintage color palette with soft desaturation, subtle film grain, realistic natural lighting. Historically accurate 1930s environment, Depression-era vehicles, tools, and construction materials. Natural camera movement with professional cinematography: smooth dollies, crane shots, tracking movements, aerial perspectives. Realistic physics, authentic material behavior, grounded sense of massive scale and weight. Consistent period-appropriate color grading throughout all scenes.

Set in Black Canyon, Nevada-Arizona border, 1931-1936 Depression era. Clear desert atmosphere with extreme heat and intense sunlight, early diesel equipment, classic 1930s truck-era vehicles. Workers wear: cloth caps or fedoras, rolled sleeve cotton shirts (often sweat-stained), canvas trousers, leather suspenders, heavy leather boots, bandanas for dust, minimal safety equipment (leather gloves, occasional cloth caps). Advanced tool era for 1930s: pneumatic drills, steam shovels, diesel-powered trucks, cable systems, drilling equipment, concrete mixing equipment, basic electric lighting systems. No modern plastics, no contemporary safety equipment, no current construction techniques, no synthetic materials.

Desert arid environment: extreme solar exposure creating harsh shadows and bright highlights, heat shimmer distortion visible at midday, occasional dust devils swirling across canyon, minimal cloud cover with intense blue sky, clear starlit nights, extreme temperature swings (120°F+ days, cool nights), dust particles suspended in air catching light, strong winds through canyon creating dust clouds, minimal desert vegetation, bleached earth tones (deep orange-red canyon rock, rust-colored canyon walls, tan dirt, pale yellows). Colorado River roaring through canyon bottom. Equipment visibly heating in direct sun, metal surfaces too hot to touch, workers seeking shade during peak heat.

Absolute historical prohibition - exclude ALL anachronisms: Modern safety equipment (reflective vests, fall arrest systems, safety lanyards, modern hard hats with chin straps, safety glasses), digital devices, contemporary vehicles, current-era signage, modern construction techniques (current welding styles, contemporary concrete forms), anachronistic materials (modern plastics, contemporary composites, synthetic fabrics), modern tool designs (battery-powered tools, contemporary power tools), LED lighting, plastic materials (containers, sheeting, barriers), contemporary color schemes (high-visibility orange/yellow), modern fasteners (contemporary bolts, current zip ties), current generation equipment (modern diesel designs, contemporary hydraulics).

Warm muted color grading: Desaturate to 65% of full color, strong warm temperature (+350K amber shift), reduced contrast 20% with soft highlights creating heat glow, deep shadows with preserved detail. Primary color bias: Deep orange-red (canyon rock faces), rust and ochre (desert soil and dust), dusty yellow (intense sunlight), faded denim blue (workers' clothing and river), weathered brown (wood scaffolding and leather). Avoid: Cool blues except in sky and water, vivid greens, pure whites, deep blacks. Film grain: 35mm equivalent with visible structure, slight sepia undertone matching Depression-era Kodachrome.

Wide exterior shot from canyon rim showing diversion tunnel entrance. Workers evacuate quickly, running and waving arms. Muffled explosion deep in mountain, followed by cloud of dust and debris erupting from tunnel mouth. Dust mushrooms into desert air, backlit by harsh sunlight."
6,B-ROLL,Tunnel Blasting - Debris,"Ultra-realistic cinematic documentary style. 4K resolution, professional color grading. Muted vintage color palette with soft desaturation, subtle film grain, realistic natural lighting. Historically accurate 1930s environment, Depression-era vehicles, tools, and construction materials. Natural camera movement with professional cinematography: smooth dollies, crane shots, tracking movements, aerial perspectives. Realistic physics, authentic material behavior, grounded sense of massive scale and weight. Consistent period-appropriate color grading throughout all scenes.

Set in Black Canyon, Nevada-Arizona border, 1931-1936 Depression era. Clear desert atmosphere with extreme heat and intense sunlight, early diesel equipment, classic 1930s truck-era vehicles. Workers wear: cloth caps or fedoras, rolled sleeve cotton shirts (often sweat-stained), canvas trousers, leather suspenders, heavy leather boots, bandanas for dust, minimal safety equipment (leather gloves, occasional cloth caps). Advanced tool era for 1930s: pneumatic drills, steam shovels, diesel-powered trucks, cable systems, drilling equipment, concrete mixing equipment, basic electric lighting systems. No modern plastics, no contemporary safety equipment, no current construction techniques, no synthetic materials.

Desert arid environment: extreme solar exposure creating harsh shadows and bright highlights, heat shimmer distortion visible at midday, occasional dust devils swirling across canyon, minimal cloud cover with intense blue sky, clear starlit nights, extreme temperature swings (120°F+ days, cool nights), dust particles suspended in air catching light, strong winds through canyon creating dust clouds, minimal desert vegetation, bleached earth tones (deep orange-red canyon rock, rust-colored canyon walls, tan dirt, pale yellows). Colorado River roaring through canyon bottom. Equipment visibly heating in direct sun, metal surfaces too hot to touch, workers seeking shade during peak heat.

Absolute historical prohibition - exclude ALL anachronisms: Modern safety equipment (reflective vests, fall arrest systems, safety lanyards, modern hard hats with chin straps, safety glasses), digital devices, contemporary vehicles, current-era signage, modern construction techniques (current welding styles, contemporary concrete forms), anachronistic materials (modern plastics, contemporary composites, synthetic fabrics), modern tool designs (battery-powered tools, contemporary power tools), LED lighting, plastic materials (containers, sheeting, barriers), contemporary color schemes (high-visibility orange/yellow), modern fasteners (contemporary bolts, current zip ties), current generation equipment (modern diesel designs, contemporary hydraulics).

Warm muted color grading: Desaturate to 65% of full color, strong warm temperature (+350K amber shift), reduced contrast 20% with soft highlights creating heat glow, deep shadows with preserved detail. Primary color bias: Deep orange-red (canyon rock faces), rust and ochre (desert soil and dust), dusty yellow (intense sunlight), faded denim blue (workers' clothing and river), weathered brown (wood scaffolding and leather). Avoid: Cool blues except in sky and water, vivid greens, pure whites, deep blacks. Film grain: 35mm equivalent with visible structure, slight sepia undertone matching Depression-era Kodachrome.

Close-up of small rocks and debris raining down on equipment, dust coating surfaces, settling slowly in still air."
7,A-ROLL,Excavation in Canyon Floor - Steam Shovel,"Ultra-realistic cinematic documentary style. 4K resolution, professional color grading. Muted vintage color palette with soft desaturation, subtle film grain, realistic natural lighting. Historically accurate 1930s environment, Depression-era vehicles, tools, and construction materials. Natural camera movement with professional cinematography: smooth dollies, crane shots, tracking movements, aerial perspectives. Realistic physics, authentic material behavior, grounded sense of massive scale and weight. Consistent period-appropriate color grading throughout all scenes.

Set in Black Canyon, Nevada-Arizona border, 1931-1936 Depression era. Clear desert atmosphere with extreme heat and intense sunlight, early diesel equipment, classic 1930s truck-era vehicles. Workers wear: cloth caps or fedoras, rolled sleeve cotton shirts (often sweat-stained), canvas trousers, leather suspenders, heavy leather boots, bandanas for dust, minimal safety equipment (leather gloves, occasional cloth caps). Advanced tool era for 1930s: pneumatic drills, steam shovels, diesel-powered trucks, cable systems, drilling equipment, concrete mixing equipment, basic electric lighting systems. No modern plastics, no contemporary safety equipment, no current construction techniques, no synthetic materials.

Desert arid environment: extreme solar exposure creating harsh shadows and bright highlights, heat shimmer distortion visible at midday, occasional dust devils swirling across canyon, minimal cloud cover with intense blue sky, clear starlit nights, extreme temperature swings (120°F+ days, cool nights), dust particles suspended in air catching light, strong winds through canyon creating dust clouds, minimal desert vegetation, bleached earth tones (deep orange-red canyon rock, rust-colored canyon walls, tan dirt, pale yellows). Colorado River roaring through canyon bottom. Equipment visibly heating in direct sun, metal surfaces too hot to touch, workers seeking shade during peak heat.

Absolute historical prohibition - exclude ALL anachronisms: Modern safety equipment (reflective vests, fall arrest systems, safety lanyards, modern hard hats with chin straps, safety glasses), digital devices, contemporary vehicles, current-era signage, modern construction techniques (current welding styles, contemporary concrete forms), anachronistic materials (modern plastics, contemporary composites, synthetic fabrics), modern tool designs (battery-powered tools, contemporary power tools), LED lighting, plastic materials (containers, sheeting, barriers), contemporary color schemes (high-visibility orange/yellow), modern fasteners (contemporary bolts, current zip ties), current generation equipment (modern diesel designs, contemporary hydraulics).

Warm muted color grading: Desaturate to 65% of full color, strong warm temperature (+350K amber shift), reduced contrast 20% with soft highlights creating heat glow, deep shadows with preserved detail. Primary color bias: Deep orange-red (canyon rock faces), rust and ochre (desert soil and dust), dusty yellow (intense sunlight), faded denim blue (workers' clothing and river), weathered brown (wood scaffolding and leather). Avoid: Cool blues except in sky and water, vivid greens, pure whites, deep blacks. Film grain: 35mm equivalent with visible structure, slight sepia undertone matching Depression-era Kodachrome.

Low-angle crane shot of steam shovel digging foundation excavation on canyon floor. Massive bucket bites into rock and dirt, swinging to dump into waiting truck. Workers scramble around heavy equipment, dwarfed by scale. Heat shimmer intense, river roaring nearby."
7,B-ROLL,Excavation in Canyon Floor - Pickaxe Strike,"Ultra-realistic cinematic documentary style. 4K resolution, professional color grading. Muted vintage color palette with soft desaturation, subtle film grain, realistic natural lighting. Historically accurate 1930s environment, Depression-era vehicles, tools, and construction materials. Natural camera movement with professional cinematography: smooth dollies, crane shots, tracking movements, aerial perspectives. Realistic physics, authentic material behavior, grounded sense of massive scale and weight. Consistent period-appropriate color grading throughout all scenes.

Set in Black Canyon, Nevada-Arizona border, 1931-1936 Depression era. Clear desert atmosphere with extreme heat and intense sunlight, early diesel equipment, classic 1930s truck-era vehicles. Workers wear: cloth caps or fedoras, rolled sleeve cotton shirts (often sweat-stained), canvas trousers, leather suspenders, heavy leather boots, bandanas for dust, minimal safety equipment (leather gloves, occasional cloth caps). Advanced tool era for 1930s: pneumatic drills, steam shovels, diesel-powered trucks, cable systems, drilling equipment, concrete mixing equipment, basic electric lighting systems. No modern plastics, no contemporary safety equipment, no current construction techniques, no synthetic materials.

Desert arid environment: extreme solar exposure creating harsh shadows and bright highlights, heat shimmer distortion visible at midday, occasional dust devils swirling across canyon, minimal cloud cover with intense blue sky, clear starlit nights, extreme temperature swings (120°F+ days, cool nights), dust particles suspended in air catching light, strong winds through canyon creating dust clouds, minimal desert vegetation, bleached earth tones (deep orange-red canyon rock, rust-colored canyon walls, tan dirt, pale yellows). Colorado River roaring through canyon bottom. Equipment visibly heating in direct sun, metal surfaces too hot to touch, workers seeking shade during peak heat.

Absolute historical prohibition - exclude ALL anachronisms: Modern safety equipment (reflective vests, fall arrest systems, safety lanyards, modern hard hats with chin straps, safety glasses), digital devices, contemporary vehicles, current-era signage, modern construction techniques (current welding styles, contemporary concrete forms), anachronistic materials (modern plastics, contemporary composites, synthetic fabrics), modern tool designs (battery-powered tools, contemporary power tools), LED lighting, plastic materials (containers, sheeting, barriers), contemporary color schemes (high-visibility orange/yellow), modern fasteners (contemporary bolts, current zip ties), current generation equipment (modern diesel designs, contemporary hydraulics).

Warm muted color grading: Desaturate to 65% of full color, strong warm temperature (+350K amber shift), reduced contrast 20% with soft highlights creating heat glow, deep shadows with preserved detail. Primary color bias: Deep orange-red (canyon rock faces), rust and ochre (desert soil and dust), dusty yellow (intense sunlight), faded denim blue (workers' clothing and river), weathered brown (wood scaffolding and leather). Avoid: Cool blues except in sky and water, vivid greens, pure whites, deep blacks. Film grain: 35mm equivalent with visible structure, slight sepia undertone matching Depression-era Kodachrome.

Close-up of excavation dirt with pickaxe point striking, sparks from hitting rock layer embedded in soil, dust cloud rising from impact point."
8,A-ROLL,Drilling Holes for Foundation - Drill Work,"Ultra-realistic cinematic documentary style. 4K resolution, professional color grading. Muted vintage color palette with soft desaturation, subtle film grain, realistic natural lighting. Historically accurate 1930s environment, Depression-era vehicles, tools, and construction materials. Natural camera movement with professional cinematography: smooth dollies, crane shots, tracking movements, aerial perspectives. Realistic physics, authentic material behavior, grounded sense of massive scale and weight. Consistent period-appropriate color grading throughout all scenes.

Set in Black Canyon, Nevada-Arizona border, 1931-1936 Depression era. Clear desert atmosphere with extreme heat and intense sunlight, early diesel equipment, classic 1930s truck-era vehicles. Workers wear: cloth caps or fedoras, rolled sleeve cotton shirts (often sweat-stained), canvas trousers, leather suspenders, heavy leather boots, bandanas for dust, minimal safety equipment (leather gloves, occasional cloth caps). Advanced tool era for 1930s: pneumatic drills, steam shovels, diesel-powered trucks, cable systems, drilling equipment, concrete mixing equipment, basic electric lighting systems. No modern plastics, no contemporary safety equipment, no current construction techniques, no synthetic materials.

Desert arid environment: extreme solar exposure creating harsh shadows and bright highlights, heat shimmer distortion visible at midday, occasional dust devils swirling across canyon, minimal cloud cover with intense blue sky, clear starlit nights, extreme temperature swings (120°F+ days, cool nights), dust particles suspended in air catching light, strong winds through canyon creating dust clouds, minimal desert vegetation, bleached earth tones (deep orange-red canyon rock, rust-colored canyon walls, tan dirt, pale yellows). Colorado River roaring through canyon bottom. Equipment visibly heating in direct sun, metal surfaces too hot to touch, workers seeking shade during peak heat.

Absolute historical prohibition - exclude ALL anachronisms: Modern safety equipment (reflective vests, fall arrest systems, safety lanyards, modern hard hats with chin straps, safety glasses), digital devices, contemporary vehicles, current-era signage, modern construction techniques (current welding styles, contemporary concrete forms), anachronistic materials (modern plastics, contemporary composites, synthetic fabrics), modern tool designs (battery-powered tools, contemporary power tools), LED lighting, plastic materials (containers, sheeting, barriers), contemporary color schemes (high-visibility orange/yellow), modern fasteners (contemporary bolts, current zip ties), current generation equipment (modern diesel designs, contemporary hydraulics).

Warm muted color grading: Desaturate to 65% of full color, strong warm temperature (+350K amber shift), reduced contrast 20% with soft highlights creating heat glow, deep shadows with preserved detail. Primary color bias: Deep orange-red (canyon rock faces), rust and ochre (desert soil and dust), dusty yellow (intense sunlight), faded denim blue (workers' clothing and river), weathered brown (wood scaffolding and leather). Avoid: Cool blues except in sky and water, vivid greens, pure whites, deep blacks. Film grain: 35mm equivalent with visible structure, slight sepia undertone matching Depression-era Kodachrome.

Medium shot of workers operating pneumatic rock drills on canyon wall, drilling holes for explosives. Men brace drill against rock face, water spraying to cool bit, drilling position precarious on wooden scaffolding. Dust and mist mixing in harsh sunlight creating rainbow effect."
8,B-ROLL,Drilling Holes for Foundation - Bit Detail,"Ultra-realistic cinematic documentary style. 4K resolution, professional color grading. Muted vintage color palette with soft desaturation, subtle film grain, realistic natural lighting. Historically accurate 1930s environment, Depression-era vehicles, tools, and construction materials. Natural camera movement with professional cinematography: smooth dollies, crane shots, tracking movements, aerial perspectives. Realistic physics, authentic material behavior, grounded sense of massive scale and weight. Consistent period-appropriate color grading throughout all scenes.

Set in Black Canyon, Nevada-Arizona border, 1931-1936 Depression era. Clear desert atmosphere with extreme heat and intense sunlight, early diesel equipment, classic 1930s truck-era vehicles. Workers wear: cloth caps or fedoras, rolled sleeve cotton shirts (often sweat-stained), canvas trousers, leather suspenders, heavy leather boots, bandanas for dust, minimal safety equipment (leather gloves, occasional cloth caps). Advanced tool era for 1930s: pneumatic drills, steam shovels, diesel-powered trucks, cable systems, drilling equipment, concrete mixing equipment, basic electric lighting systems. No modern plastics, no contemporary safety equipment, no current construction techniques, no synthetic materials.

Desert arid environment: extreme solar exposure creating harsh shadows and bright highlights, heat shimmer distortion visible at midday, occasional dust devils swirling across canyon, minimal cloud cover with intense blue sky, clear starlit nights, extreme temperature swings (120°F+ days, cool nights), dust particles suspended in air catching light, strong winds through canyon creating dust clouds, minimal desert vegetation, bleached earth tones (deep orange-red canyon rock, rust-colored canyon walls, tan dirt, pale yellows). Colorado River roaring through canyon bottom. Equipment visibly heating in direct sun, metal surfaces too hot to touch, workers seeking shade during peak heat.

Absolute historical prohibition - exclude ALL anachronisms: Modern safety equipment (reflective vests, fall arrest systems, safety lanyards, modern hard hats with chin straps, safety glasses), digital devices, contemporary vehicles, current-era signage, modern construction techniques (current welding styles, contemporary concrete forms), anachronistic materials (modern plastics, contemporary composites, synthetic fabrics), modern tool designs (battery-powered tools, contemporary power tools), LED lighting, plastic materials (containers, sheeting, barriers), contemporary color schemes (high-visibility orange/yellow), modern fasteners (contemporary bolts, current zip ties), current generation equipment (modern diesel designs, contemporary hydraulics).

Warm muted color grading: Desaturate to 65% of full color, strong warm temperature (+350K amber shift), reduced contrast 20% with soft highlights creating heat glow, deep shadows with preserved detail. Primary color bias: Deep orange-red (canyon rock faces), rust and ochre (desert soil and dust), dusty yellow (intense sunlight), faded denim blue (workers' clothing and river), weathered brown (wood scaffolding and leather). Avoid: Cool blues except in sky and water, vivid greens, pure whites, deep blacks. Film grain: 35mm equivalent with visible structure, slight sepia undertone matching Depression-era Kodachrome.

Extreme close-up of drill bit penetrating red rock, water washing away rock dust, steel bit heating and cooling, creating thermal stress patterns on metal."
9,A-ROLL,River Diverted Through Tunnels - Water Flow,"Ultra-realistic cinematic documentary style. 4K resolution, professional color grading. Muted vintage color palette with soft desaturation, subtle film grain, realistic natural lighting. Historically accurate 1930s environment, Depression-era vehicles, tools, and construction materials. Natural camera movement with professional cinematography: smooth dollies, crane shots, tracking movements, aerial perspectives. Realistic physics, authentic material behavior, grounded sense of massive scale and weight. Consistent period-appropriate color grading throughout all scenes.

Set in Black Canyon, Nevada-Arizona border, 1931-1936 Depression era. Clear desert atmosphere with extreme heat and intense sunlight, early diesel equipment, classic 1930s truck-era vehicles. Workers wear: cloth caps or fedoras, rolled sleeve cotton shirts (often sweat-stained), canvas trousers, leather suspenders, heavy leather boots, bandanas for dust, minimal safety equipment (leather gloves, occasional cloth caps). Advanced tool era for 1930s: pneumatic drills, steam shovels, diesel-powered trucks, cable systems, drilling equipment, concrete mixing equipment, basic electric lighting systems. No modern plastics, no contemporary safety equipment, no current construction techniques, no synthetic materials.

Desert arid environment: extreme solar exposure creating harsh shadows and bright highlights, heat shimmer distortion visible at midday, occasional dust devils swirling across canyon, minimal cloud cover with intense blue sky, clear starlit nights, extreme temperature swings (120°F+ days, cool nights), dust particles suspended in air catching light, strong winds through canyon creating dust clouds, minimal desert vegetation, bleached earth tones (deep orange-red canyon rock, rust-colored canyon walls, tan dirt, pale yellows). Colorado River roaring through canyon bottom. Equipment visibly heating in direct sun, metal surfaces too hot to touch, workers seeking shade during peak heat.

Absolute historical prohibition - exclude ALL anachronisms: Modern safety equipment (reflective vests, fall arrest systems, safety lanyards, modern hard hats with chin straps, safety glasses), digital devices, contemporary vehicles, current-era signage, modern construction techniques (current welding styles, contemporary concrete forms), anachronistic materials (modern plastics, contemporary composites, synthetic fabrics), modern tool designs (battery-powered tools, contemporary power tools), LED lighting, plastic materials (containers, sheeting, barriers), contemporary color schemes (high-visibility orange/yellow), modern fasteners (contemporary bolts, current zip ties), current generation equipment (modern diesel designs, contemporary hydraulics).

Warm muted color grading: Desaturate to 65% of full color, strong warm temperature (+350K amber shift), reduced contrast 20% with soft highlights creating heat glow, deep shadows with preserved detail. Primary color bias: Deep orange-red (canyon rock faces), rust and ochre (desert soil and dust), dusty yellow (intense sunlight), faded denim blue (workers' clothing and river), weathered brown (wood scaffolding and leather). Avoid: Cool blues except in sky and water, vivid greens, pure whites, deep blacks. Film grain: 35mm equivalent with visible structure, slight sepia undertone matching Depression-era Kodachrome.

Cinematic wide shot showing Colorado River beginning to flow through completed diversion tunnels. Massive volume of water entering tunnel mouths, creating whirlpools and spray. Original riverbed starting to expose rock bottom. Workers watching from canyon rim, small figures against massive water movement."
9,B-ROLL,River Diverted Through Tunnels - Vortex,"Ultra-realistic cinematic documentary style. 4K resolution, professional color grading. Muted vintage color palette with soft desaturation, subtle film grain, realistic natural lighting. Historically accurate 1930s environment, Depression-era vehicles, tools, and construction materials. Natural camera movement with professional cinematography: smooth dollies, crane shots, tracking movements, aerial perspectives. Realistic physics, authentic material behavior, grounded sense of massive scale and weight. Consistent period-appropriate color grading throughout all scenes.

Set in Black Canyon, Nevada-Arizona border, 1931-1936 Depression era. Clear desert atmosphere with extreme heat and intense sunlight, early diesel equipment, classic 1930s truck-era vehicles. Workers wear: cloth caps or fedoras, rolled sleeve cotton shirts (often sweat-stained), canvas trousers, leather suspenders, heavy leather boots, bandanas for dust, minimal safety equipment (leather gloves, occasional cloth caps). Advanced tool era for 1930s: pneumatic drills, steam shovels, diesel-powered trucks, cable systems, drilling equipment, concrete mixing equipment, basic electric lighting systems. No modern plastics, no contemporary safety equipment, no current construction techniques, no synthetic materials.

Desert arid environment: extreme solar exposure creating harsh shadows and bright highlights, heat shimmer distortion visible at midday, occasional dust devils swirling across canyon, minimal cloud cover with intense blue sky, clear starlit nights, extreme temperature swings (120°F+ days, cool nights), dust particles suspended in air catching light, strong winds through canyon creating dust clouds, minimal desert vegetation, bleached earth tones (deep orange-red canyon rock, rust-colored canyon walls, tan dirt, pale yellows). Colorado River roaring through canyon bottom. Equipment visibly heating in direct sun, metal surfaces too hot to touch, workers seeking shade during peak heat.

Absolute historical prohibition - exclude ALL anachronisms: Modern safety equipment (reflective vests, fall arrest systems, safety lanyards, modern hard hats with chin straps, safety glasses), digital devices, contemporary vehicles, current-era signage, modern construction techniques (current welding styles, contemporary concrete forms), anachronistic materials (modern plastics, contemporary composites, synthetic fabrics), modern tool designs (battery-powered tools, contemporary power tools), LED lighting, plastic materials (containers, sheeting, barriers), contemporary color schemes (high-visibility orange/yellow), modern fasteners (contemporary bolts, current zip ties), current generation equipment (modern diesel designs, contemporary hydraulics).

Warm muted color grading: Desaturate to 65% of full color, strong warm temperature (+350K amber shift), reduced contrast 20% with soft highlights creating heat glow, deep shadows with preserved detail. Primary color bias: Deep orange-red (canyon rock faces), rust and ochre (desert soil and dust), dusty yellow (intense sunlight), faded denim blue (workers' clothing and river), weathered brown (wood scaffolding and leather). Avoid: Cool blues except in sky and water, vivid greens, pure whites, deep blacks. Film grain: 35mm equivalent with visible structure, slight sepia undertone matching Depression-era Kodachrome.

Close-up of water surface swirling into tunnel entrance, creating vortex patterns, foam and debris being pulled into darkness."
10,A-ROLL,Foundation Excavation Deepens - Pit View,"Ultra-realistic cinematic documentary style. 4K resolution, professional color grading. Muted vintage color palette with soft desaturation, subtle film grain, realistic natural lighting. Historically accurate 1930s environment, Depression-era vehicles, tools, and construction materials. Natural camera movement with professional cinematography: smooth dollies, crane shots, tracking movements, aerial perspectives. Realistic physics, authentic material behavior, grounded sense of massive scale and weight. Consistent period-appropriate color grading throughout all scenes.

Set in Black Canyon, Nevada-Arizona border, 1931-1936 Depression era. Clear desert atmosphere with extreme heat and intense sunlight, early diesel equipment, classic 1930s truck-era vehicles. Workers wear: cloth caps or fedoras, rolled sleeve cotton shirts (often sweat-stained), canvas trousers, leather suspenders, heavy leather boots, bandanas for dust, minimal safety equipment (leather gloves, occasional cloth caps). Advanced tool era for 1930s: pneumatic drills, steam shovels, diesel-powered trucks, cable systems, drilling equipment, concrete mixing equipment, basic electric lighting systems. No modern plastics, no contemporary safety equipment, no current construction techniques, no synthetic materials.

Desert arid environment: extreme solar exposure creating harsh shadows and bright highlights, heat shimmer distortion visible at midday, occasional dust devils swirling across canyon, minimal cloud cover with intense blue sky, clear starlit nights, extreme temperature swings (120°F+ days, cool nights), dust particles suspended in air catching light, strong winds through canyon creating dust clouds, minimal desert vegetation, bleached earth tones (deep orange-red canyon rock, rust-colored canyon walls, tan dirt, pale yellows). Colorado River roaring through canyon bottom. Equipment visibly heating in direct sun, metal surfaces too hot to touch, workers seeking shade during peak heat.

Absolute historical prohibition - exclude ALL anachronisms: Modern safety equipment (reflective vests, fall arrest systems, safety lanyards, modern hard hats with chin straps, safety glasses), digital devices, contemporary vehicles, current-era signage, modern construction techniques (current welding styles, contemporary concrete forms), anachronistic materials (modern plastics, contemporary composites, synthetic fabrics), modern tool designs (battery-powered tools, contemporary power tools), LED lighting, plastic materials (containers, sheeting, barriers), contemporary color schemes (high-visibility orange/yellow), modern fasteners (contemporary bolts, current zip ties), current generation equipment (modern diesel designs, contemporary hydraulics).

Warm muted color grading: Desaturate to 65% of full color, strong warm temperature (+350K amber shift), reduced contrast 20% with soft highlights creating heat glow, deep shadows with preserved detail. Primary color bias: Deep orange-red (canyon rock faces), rust and ochre (desert soil and dust), dusty yellow (intense sunlight), faded denim blue (workers' clothing and river), weathered brown (wood scaffolding and leather). Avoid: Cool blues except in sky and water, vivid greens, pure whites, deep blacks. Film grain: 35mm equivalent with visible structure, slight sepia undertone matching Depression-era Kodachrome.

Dramatic crane shot looking down into deepening foundation pit. Multiple levels of wooden scaffolding visible, workers like ants at various depths. Steam shovels and trucks working at bottom. Scale emphasized by comparing tiny workers to canyon walls rising around them. Dust clouds rising from excavation."
10,B-ROLL,Foundation Excavation Deepens - Rock Strata,"Ultra-realistic cinematic documentary style. 4K resolution, professional color grading. Muted vintage color palette with soft desaturation, subtle film grain, realistic natural lighting. Historically accurate 1930s environment, Depression-era vehicles, tools, and construction materials. Natural camera movement with professional cinematography: smooth dollies, crane shots, tracking movements, aerial perspectives. Realistic physics, authentic material behavior, grounded sense of massive scale and weight. Consistent period-appropriate color grading throughout all scenes.

Set in Black Canyon, Nevada-Arizona border, 1931-1936 Depression era. Clear desert atmosphere with extreme heat and intense sunlight, early diesel equipment, classic 1930s truck-era vehicles. Workers wear: cloth caps or fedoras, rolled sleeve cotton shirts (often sweat-stained), canvas trousers, leather suspenders, heavy leather boots, bandanas for dust, minimal safety equipment (leather gloves, occasional cloth caps). Advanced tool era for 1930s: pneumatic drills, steam shovels, diesel-powered trucks, cable systems, drilling equipment, concrete mixing equipment, basic electric lighting systems. No modern plastics, no contemporary safety equipment, no current construction techniques, no synthetic materials.

Desert arid environment: extreme solar exposure creating harsh shadows and bright highlights, heat shimmer distortion visible at midday, occasional dust devils swirling across canyon, minimal cloud cover with intense blue sky, clear starlit nights, extreme temperature swings (120°F+ days, cool nights), dust particles suspended in air catching light, strong winds through canyon creating dust clouds, minimal desert vegetation, bleached earth tones (deep orange-red canyon rock, rust-colored canyon walls, tan dirt, pale yellows). Colorado River roaring through canyon bottom. Equipment visibly heating in direct sun, metal surfaces too hot to touch, workers seeking shade during peak heat.

Absolute historical prohibition - exclude ALL anachronisms: Modern safety equipment (reflective vests, fall arrest systems, safety lanyards, modern hard hats with chin straps, safety glasses), digital devices, contemporary vehicles, current-era signage, modern construction techniques (current welding styles, contemporary concrete forms), anachronistic materials (modern plastics, contemporary composites, synthetic fabrics), modern tool designs (battery-powered tools, contemporary power tools), LED lighting, plastic materials (containers, sheeting, barriers), contemporary color schemes (high-visibility orange/yellow), modern fasteners (contemporary bolts, current zip ties), current generation equipment (modern diesel designs, contemporary hydraulics).

Warm muted color grading: Desaturate to 65% of full color, strong warm temperature (+350K amber shift), reduced contrast 20% with soft highlights creating heat glow, deep shadows with preserved detail. Primary color bias: Deep orange-red (canyon rock faces), rust and ochre (desert soil and dust), dusty yellow (intense sunlight), faded denim blue (workers' clothing and river), weathered brown (wood scaffolding and leather). Avoid: Cool blues except in sky and water, vivid greens, pure whites, deep blacks. Film grain: 35mm equivalent with visible structure, slight sepia undertone matching Depression-era Kodachrome.

Close-up of layered rock strata exposed in excavation wall, different colored bands showing geological history, worker's hand touching ancient rock face."
11,A-ROLL,Concrete Mixing Plant Constructed - Plant Rising,"Ultra-realistic cinematic documentary style. 4K resolution, professional color grading. Muted vintage color palette with soft desaturation, subtle film grain, realistic natural lighting. Historically accurate 1930s environment, Depression-era vehicles, tools, and construction materials. Natural camera movement with professional cinematography: smooth dollies, crane shots, tracking movements, aerial perspectives. Realistic physics, authentic material behavior, grounded sense of massive scale and weight. Consistent period-appropriate color grading throughout all scenes.

Set in Black Canyon, Nevada-Arizona border, 1931-1936 Depression era. Clear desert atmosphere with extreme heat and intense sunlight, early diesel equipment, classic 1930s truck-era vehicles. Workers wear: cloth caps or fedoras, rolled sleeve cotton shirts (often sweat-stained), canvas trousers, leather suspenders, heavy leather boots, bandanas for dust, minimal safety equipment (leather gloves, occasional cloth caps). Advanced tool era for 1930s: pneumatic drills, steam shovels, diesel-powered trucks, cable systems, drilling equipment, concrete mixing equipment, basic electric lighting systems. No modern plastics, no contemporary safety equipment, no current construction techniques, no synthetic materials.

Desert arid environment: extreme solar exposure creating harsh shadows and bright highlights, heat shimmer distortion visible at midday, occasional dust devils swirling across canyon, minimal cloud cover with intense blue sky, clear starlit nights, extreme temperature swings (120°F+ days, cool nights), dust particles suspended in air catching light, strong winds through canyon creating dust clouds, minimal desert vegetation, bleached earth tones (deep orange-red canyon rock, rust-colored canyon walls, tan dirt, pale yellows). Colorado River roaring through canyon bottom. Equipment visibly heating in direct sun, metal surfaces too hot to touch, workers seeking shade during peak heat.

Absolute historical prohibition - exclude ALL anachronisms: Modern safety equipment (reflective vests, fall arrest systems, safety lanyards, modern hard hats with chin straps, safety glasses), digital devices, contemporary vehicles, current-era signage, modern construction techniques (current welding styles, contemporary concrete forms), anachronistic materials (modern plastics, contemporary composites, synthetic fabrics), modern tool designs (battery-powered tools, contemporary power tools), LED lighting, plastic materials (containers, sheeting, barriers), contemporary color schemes (high-visibility orange/yellow), modern fasteners (contemporary bolts, current zip ties), current generation equipment (modern diesel designs, contemporary hydraulics).

Warm muted color grading: Desaturate to 65% of full color, strong warm temperature (+350K amber shift), reduced contrast 20% with soft highlights creating heat glow, deep shadows with preserved detail. Primary color bias: Deep orange-red (canyon rock faces), rust and ochre (desert soil and dust), dusty yellow (intense sunlight), faded denim blue (workers' clothing and river), weathered brown (wood scaffolding and leather). Avoid: Cool blues except in sky and water, vivid greens, pure whites, deep blacks. Film grain: 35mm equivalent with visible structure, slight sepia undertone matching Depression-era Kodachrome.

Wide shot of massive concrete mixing plant rising on canyon rim. Steel framework being erected, cement silos being positioned, conveyor belts being installed. Workers in fedoras coordinating crane lifts, multiple construction activities happening simultaneously. Dust clouds from cement delivery trucks."
11,B-ROLL,Concrete Mixing Plant Constructed - Cement Pour,"Ultra-realistic cinematic documentary style. 4K resolution, professional color grading. Muted vintage color palette with soft desaturation, subtle film grain, realistic natural lighting. Historically accurate 1930s environment, Depression-era vehicles, tools, and construction materials. Natural camera movement with professional cinematography: smooth dollies, crane shots, tracking movements, aerial perspectives. Realistic physics, authentic material behavior, grounded sense of massive scale and weight. Consistent period-appropriate color grading throughout all scenes.

Set in Black Canyon, Nevada-Arizona border, 1931-1936 Depression era. Clear desert atmosphere with extreme heat and intense sunlight, early diesel equipment, classic 1930s truck-era vehicles. Workers wear: cloth caps or fedoras, rolled sleeve cotton shirts (often sweat-stained), canvas trousers, leather suspenders, heavy leather boots, bandanas for dust, minimal safety equipment (leather gloves, occasional cloth caps). Advanced tool era for 1930s: pneumatic drills, steam shovels, diesel-powered trucks, cable systems, drilling equipment, concrete mixing equipment, basic electric lighting systems. No modern plastics, no contemporary safety equipment, no current construction techniques, no synthetic materials.

Desert arid environment: extreme solar exposure creating harsh shadows and bright highlights, heat shimmer distortion visible at midday, occasional dust devils swirling across canyon, minimal cloud cover with intense blue sky, clear starlit nights, extreme temperature swings (120°F+ days, cool nights), dust particles suspended in air catching light, strong winds through canyon creating dust clouds, minimal desert vegetation, bleached earth tones (deep orange-red canyon rock, rust-colored canyon walls, tan dirt, pale yellows). Colorado River roaring through canyon bottom. Equipment visibly heating in direct sun, metal surfaces too hot to touch, workers seeking shade during peak heat.

Absolute historical prohibition - exclude ALL anachronisms: Modern safety equipment (reflective vests, fall arrest systems, safety lanyards, modern hard hats with chin straps, safety glasses), digital devices, contemporary vehicles, current-era signage, modern construction techniques (current welding styles, contemporary concrete forms), anachronistic materials (modern plastics, contemporary composites, synthetic fabrics), modern tool designs (battery-powered tools, contemporary power tools), LED lighting, plastic materials (containers, sheeting, barriers), contemporary color schemes (high-visibility orange/yellow), modern fasteners (contemporary bolts, current zip ties), current generation equipment (modern diesel designs, contemporary hydraulics).

Warm muted color grading: Desaturate to 65% of full color, strong warm temperature (+350K amber shift), reduced contrast 20% with soft highlights creating heat glow, deep shadows with preserved detail. Primary color bias: Deep orange-red (canyon rock faces), rust and ochre (desert soil and dust), dusty yellow (intense sunlight), faded denim blue (workers' clothing and river), weathered brown (wood scaffolding and leather). Avoid: Cool blues except in sky and water, vivid greens, pure whites, deep blacks. Film grain: 35mm equivalent with visible structure, slight sepia undertone matching Depression-era Kodachrome.

Close-up of cement powder pouring from delivery truck chute into silo, creating massive dust cloud, worker covering face with bandana."
12,A-ROLL,First Concrete Pour Begins - Bucket Descent,"Ultra-realistic cinematic documentary style. 4K resolution, professional color grading. Muted vintage color palette with soft desaturation, subtle film grain, realistic natural lighting. Historically accurate 1930s environment, Depression-era vehicles, tools, and construction materials. Natural camera movement with professional cinematography: smooth dollies, crane shots, tracking movements, aerial perspectives. Realistic physics, authentic material behavior, grounded sense of massive scale and weight. Consistent period-appropriate color grading throughout all scenes.

Set in Black Canyon, Nevada-Arizona border, 1931-1936 Depression era. Clear desert atmosphere with extreme heat and intense sunlight, early diesel equipment, classic 1930s truck-era vehicles. Workers wear: cloth caps or fedoras, rolled sleeve cotton shirts (often sweat-stained), canvas trousers, leather suspenders, heavy leather boots, bandanas for dust, minimal safety equipment (leather gloves, occasional cloth caps). Advanced tool era for 1930s: pneumatic drills, steam shovels, diesel-powered trucks, cable systems, drilling equipment, concrete mixing equipment, basic electric lighting systems. No modern plastics, no contemporary safety equipment, no current construction techniques, no synthetic materials.

Desert arid environment: extreme solar exposure creating harsh shadows and bright highlights, heat shimmer distortion visible at midday, occasional dust devils swirling across canyon, minimal cloud cover with intense blue sky, clear starlit nights, extreme temperature swings (120°F+ days, cool nights), dust particles suspended in air catching light, strong winds through canyon creating dust clouds, minimal desert vegetation, bleached earth tones (deep orange-red canyon rock, rust-colored canyon walls, tan dirt, pale yellows). Colorado River roaring through canyon bottom. Equipment visibly heating in direct sun, metal surfaces too hot to touch, workers seeking shade during peak heat.

Absolute historical prohibition - exclude ALL anachronisms: Modern safety equipment (reflective vests, fall arrest systems, safety lanyards, modern hard hats with chin straps, safety glasses), digital devices, contemporary vehicles, current-era signage, modern construction techniques (current welding styles, contemporary concrete forms), anachronistic materials (modern plastics, contemporary composites, synthetic fabrics), modern tool designs (battery-powered tools, contemporary power tools), LED lighting, plastic materials (containers, sheeting, barriers), contemporary color schemes (high-visibility orange/yellow), modern fasteners (contemporary bolts, current zip ties), current generation equipment (modern diesel designs, contemporary hydraulics).

Warm muted color grading: Desaturate to 65% of full color, strong warm temperature (+350K amber shift), reduced contrast 20% with soft highlights creating heat glow, deep shadows with preserved detail. Primary color bias: Deep orange-red (canyon rock faces), rust and ochre (desert soil and dust), dusty yellow (intense sunlight), faded denim blue (workers' clothing and river), weathered brown (wood scaffolding and leather). Avoid: Cool blues except in sky and water, vivid greens, pure whites, deep blacks. Film grain: 35mm equivalent with visible structure, slight sepia undertone matching Depression-era Kodachrome.

Dramatic crane shot from rim looking down into canyon. Massive concrete bucket (8 cubic yards) descends on cables into foundation excavation, workers scatter to sides as bucket opens and concrete sloshes out heavily. Dust cloud rises mixing with steam from hydrating concrete. Scale emphasized: workers tiny compared to bucket and 200-foot pit depth."
12,B-ROLL,First Concrete Pour Begins - Surface Work,"Ultra-realistic cinematic documentary style. 4K resolution, professional color grading. Muted vintage color palette with soft desaturation, subtle film grain, realistic natural lighting. Historically accurate 1930s environment, Depression-era vehicles, tools, and construction materials. Natural camera movement with professional cinematography: smooth dollies, crane shots, tracking movements, aerial perspectives. Realistic physics, authentic material behavior, grounded sense of massive scale and weight. Consistent period-appropriate color grading throughout all scenes.

Set in Black Canyon, Nevada-Arizona border, 1931-1936 Depression era. Clear desert atmosphere with extreme heat and intense sunlight, early diesel equipment, classic 1930s truck-era vehicles. Workers wear: cloth caps or fedoras, rolled sleeve cotton shirts (often sweat-stained), canvas trousers, leather suspenders, heavy leather boots, bandanas for dust, minimal safety equipment (leather gloves, occasional cloth caps). Advanced tool era for 1930s: pneumatic drills, steam shovels, diesel-powered trucks, cable systems, drilling equipment, concrete mixing equipment, basic electric lighting systems. No modern plastics, no contemporary safety equipment, no current construction techniques, no synthetic materials.

Desert arid environment: extreme solar exposure creating harsh shadows and bright highlights, heat shimmer distortion visible at midday, occasional dust devils swirling across canyon, minimal cloud cover with intense blue sky, clear starlit nights, extreme temperature swings (120°F+ days, cool nights), dust particles suspended in air catching light, strong winds through canyon creating dust clouds, minimal desert vegetation, bleached earth tones (deep orange-red canyon rock, rust-colored canyon walls, tan dirt, pale yellows). Colorado River roaring through canyon bottom. Equipment visibly heating in direct sun, metal surfaces too hot to touch, workers seeking shade during peak heat.

Absolute historical prohibition - exclude ALL anachronisms: Modern safety equipment (reflective vests, fall arrest systems, safety lanyards, modern hard hats with chin straps, safety glasses), digital devices, contemporary vehicles, current-era signage, modern construction techniques (current welding styles, contemporary concrete forms), anachronistic materials (modern plastics, contemporary composites, synthetic fabrics), modern tool designs (battery-powered tools, contemporary power tools), LED lighting, plastic materials (containers, sheeting, barriers), contemporary color schemes (high-visibility orange/yellow), modern fasteners (contemporary bolts, current zip ties), current generation equipment (modern diesel designs, contemporary hydraulics).

Warm muted color grading: Desaturate to 65% of full color, strong warm temperature (+350K amber shift), reduced contrast 20% with soft highlights creating heat glow, deep shadows with preserved detail. Primary color bias: Deep orange-red (canyon rock faces), rust and ochre (desert soil and dust), dusty yellow (intense sunlight), faded denim blue (workers' clothing and river), weathered brown (wood scaffolding and leather). Avoid: Cool blues except in sky and water, vivid greens, pure whites, deep blacks. Film grain: 35mm equivalent with visible structure, slight sepia undertone matching Depression-era Kodachrome.

Close-up of wet concrete surface being vibrated and smoothed by workers with tools, aggregate pebbles visible, surface texture forming, workers' boots stepping carefully at edge."
13,A-ROLL,Continuous Concrete Pouring - Multiple Buckets,"Ultra-realistic cinematic documentary style. 4K resolution, professional color grading. Muted vintage color palette with soft desaturation, subtle film grain, realistic natural lighting. Historically accurate 1930s environment, Depression-era vehicles, tools, and construction materials. Natural camera movement with professional cinematography: smooth dollies, crane shots, tracking movements, aerial perspectives. Realistic physics, authentic material behavior, grounded sense of massive scale and weight. Consistent period-appropriate color grading throughout all scenes.

Set in Black Canyon, Nevada-Arizona border, 1931-1936 Depression era. Clear desert atmosphere with extreme heat and intense sunlight, early diesel equipment, classic 1930s truck-era vehicles. Workers wear: cloth caps or fedoras, rolled sleeve cotton shirts (often sweat-stained), canvas trousers, leather suspenders, heavy leather boots, bandanas for dust, minimal safety equipment (leather gloves, occasional cloth caps). Advanced tool era for 1930s: pneumatic drills, steam shovels, diesel-powered trucks, cable systems, drilling equipment, concrete mixing equipment, basic electric lighting systems. No modern plastics, no contemporary safety equipment, no current construction techniques, no synthetic materials.

Desert arid environment: extreme solar exposure creating harsh shadows and bright highlights, heat shimmer distortion visible at midday, occasional dust devils swirling across canyon, minimal cloud cover with intense blue sky, clear starlit nights, extreme temperature swings (120°F+ days, cool nights), dust particles suspended in air catching light, strong winds through canyon creating dust clouds, minimal desert vegetation, bleached earth tones (deep orange-red canyon rock, rust-colored canyon walls, tan dirt, pale yellows). Colorado River roaring through canyon bottom. Equipment visibly heating in direct sun, metal surfaces too hot to touch, workers seeking shade during peak heat.

Absolute historical prohibition - exclude ALL anachronisms: Modern safety equipment (reflective vests, fall arrest systems, safety lanyards, modern hard hats with chin straps, safety glasses), digital devices, contemporary vehicles, current-era signage, modern construction techniques (current welding styles, contemporary concrete forms), anachronistic materials (modern plastics, contemporary composites, synthetic fabrics), modern tool designs (battery-powered tools, contemporary power tools), LED lighting, plastic materials (containers, sheeting, barriers), contemporary color schemes (high-visibility orange/yellow), modern fasteners (contemporary bolts, current zip ties), current generation equipment (modern diesel designs, contemporary hydraulics).

Warm muted color grading: Desaturate to 65% of full color, strong warm temperature (+350K amber shift), reduced contrast 20% with soft highlights creating heat glow, deep shadows with preserved detail. Primary color bias: Deep orange-red (canyon rock faces), rust and ochre (desert soil and dust), dusty yellow (intense sunlight), faded denim blue (workers' clothing and river), weathered brown (wood scaffolding and leather). Avoid: Cool blues except in sky and water, vivid greens, pure whites, deep blacks. Film grain: 35mm equivalent with visible structure, slight sepia undertone matching Depression-era Kodachrome.

Time-lapse style tracking shot showing concrete buckets descending in sequence, like industrial ballet. Multiple buckets visible at different heights, cables crossing frame, workers coordinating pours at different levels. Foundation slowly rising, forms being filled systematically. Dust and steam constant."
13,B-ROLL,Continuous Concrete Pouring - Form Filling,"Ultra-realistic cinematic documentary style. 4K resolution, professional color grading. Muted vintage color palette with soft desaturation, subtle film grain, realistic natural lighting. Historically accurate 1930s environment, Depression-era vehicles, tools, and construction materials. Natural camera movement with professional cinematography: smooth dollies, crane shots, tracking movements, aerial perspectives. Realistic physics, authentic material behavior, grounded sense of massive scale and weight. Consistent period-appropriate color grading throughout all scenes.

Set in Black Canyon, Nevada-Arizona border, 1931-1936 Depression era. Clear desert atmosphere with extreme heat and intense sunlight, early diesel equipment, classic 1930s truck-era vehicles. Workers wear: cloth caps or fedoras, rolled sleeve cotton shirts (often sweat-stained), canvas trousers, leather suspenders, heavy leather boots, bandanas for dust, minimal safety equipment (leather gloves, occasional cloth caps). Advanced tool era for 1930s: pneumatic drills, steam shovels, diesel-powered trucks, cable systems, drilling equipment, concrete mixing equipment, basic electric lighting systems. No modern plastics, no contemporary safety equipment, no current construction techniques, no synthetic materials.

Desert arid environment: extreme solar exposure creating harsh shadows and bright highlights, heat shimmer distortion visible at midday, occasional dust devils swirling across canyon, minimal cloud cover with intense blue sky, clear starlit nights, extreme temperature swings (120°F+ days, cool nights), dust particles suspended in air catching light, strong winds through canyon creating dust clouds, minimal desert vegetation, bleached earth tones (deep orange-red canyon rock, rust-colored canyon walls, tan dirt, pale yellows). Colorado River roaring through canyon bottom. Equipment visibly heating in direct sun, metal surfaces too hot to touch, workers seeking shade during peak heat.

Absolute historical prohibition - exclude ALL anachronisms: Modern safety equipment (reflective vests, fall arrest systems, safety lanyards, modern hard hats with chin straps, safety glasses), digital devices, contemporary vehicles, current-era signage, modern construction techniques (current welding styles, contemporary concrete forms), anachronistic materials (modern plastics, contemporary composites, synthetic fabrics), modern tool designs (battery-powered tools, contemporary power tools), LED lighting, plastic materials (containers, sheeting, barriers), contemporary color schemes (high-visibility orange/yellow), modern fasteners (contemporary bolts, current zip ties), current generation equipment (modern diesel designs, contemporary hydraulics).

Warm muted color grading: Desaturate to 65% of full color, strong warm temperature (+350K amber shift), reduced contrast 20% with soft highlights creating heat glow, deep shadows with preserved detail. Primary color bias: Deep orange-red (canyon rock faces), rust and ochre (desert soil and dust), dusty yellow (intense sunlight), faded denim blue (workers' clothing and river), weathered brown (wood scaffolding and leather). Avoid: Cool blues except in sky and water, vivid greens, pure whites, deep blacks. Film grain: 35mm equivalent with visible structure, slight sepia undertone matching Depression-era Kodachrome.

Close-up of concrete flowing into wooden forms, aggregate tumbling, air bubbles rising and popping, wooden form boards straining under pressure."
14,A-ROLL,Cooling Pipe Installation - Pipe Network,"Ultra-realistic cinematic documentary style. 4K resolution, professional color grading. Muted vintage color palette with soft desaturation, subtle film grain, realistic natural lighting. Historically accurate 1930s environment, Depression-era vehicles, tools, and construction materials. Natural camera movement with professional cinematography: smooth dollies, crane shots, tracking movements, aerial perspectives. Realistic physics, authentic material behavior, grounded sense of massive scale and weight. Consistent period-appropriate color grading throughout all scenes.

Set in Black Canyon, Nevada-Arizona border, 1931-1936 Depression era. Clear desert atmosphere with extreme heat and intense sunlight, early diesel equipment, classic 1930s truck-era vehicles. Workers wear: cloth caps or fedoras, rolled sleeve cotton shirts (often sweat-stained), canvas trousers, leather suspenders, heavy leather boots, bandanas for dust, minimal safety equipment (leather gloves, occasional cloth caps). Advanced tool era for 1930s: pneumatic drills, steam shovels, diesel-powered trucks, cable systems, drilling equipment, concrete mixing equipment, basic electric lighting systems. No modern plastics, no contemporary safety equipment, no current construction techniques, no synthetic materials.

Desert arid environment: extreme solar exposure creating harsh shadows and bright highlights, heat shimmer distortion visible at midday, occasional dust devils swirling across canyon, minimal cloud cover with intense blue sky, clear starlit nights, extreme temperature swings (120°F+ days, cool nights), dust particles suspended in air catching light, strong winds through canyon creating dust clouds, minimal desert vegetation, bleached earth tones (deep orange-red canyon rock, rust-colored canyon walls, tan dirt, pale yellows). Colorado River roaring through canyon bottom. Equipment visibly heating in direct sun, metal surfaces too hot to touch, workers seeking shade during peak heat.

Absolute historical prohibition - exclude ALL anachronisms: Modern safety equipment (reflective vests, fall arrest systems, safety lanyards, modern hard hats with chin straps, safety glasses), digital devices, contemporary vehicles, current-era signage, modern construction techniques (current welding styles, contemporary concrete forms), anachronistic materials (modern plastics, contemporary composites, synthetic fabrics), modern tool designs (battery-powered tools, contemporary power tools), LED lighting, plastic materials (containers, sheeting, barriers), contemporary color schemes (high-visibility orange/yellow), modern fasteners (contemporary bolts, current zip ties), current generation equipment (modern diesel designs, contemporary hydraulics).

Warm muted color grading: Desaturate to 65% of full color, strong warm temperature (+350K amber shift), reduced contrast 20% with soft highlights creating heat glow, deep shadows with preserved detail. Primary color bias: Deep orange-red (canyon rock faces), rust and ochre (desert soil and dust), dusty yellow (intense sunlight), faded denim blue (workers' clothing and river), weathered brown (wood scaffolding and leather). Avoid: Cool blues except in sky and water, vivid greens, pure whites, deep blacks. Film grain: 35mm equivalent with visible structure, slight sepia undertone matching Depression-era Kodachrome.

Medium tracking shot of workers installing network of thin cooling pipes into fresh concrete. Pipes being positioned in grid pattern, workers feeding pipe sections through concrete while still wet. Innovation of cooling system visible - pipes will carry refrigerated water to prevent heat cracking."
14,B-ROLL,Cooling Pipe Installation - Pipe Threading,"Ultra-realistic cinematic documentary style. 4K resolution, professional color grading. Muted vintage color palette with soft desaturation, subtle film grain, realistic natural lighting. Historically accurate 1930s environment, Depression-era vehicles, tools, and construction materials. Natural camera movement with professional cinematography: smooth dollies, crane shots, tracking movements, aerial perspectives. Realistic physics, authentic material behavior, grounded sense of massive scale and weight. Consistent period-appropriate color grading throughout all scenes.

Set in Black Canyon, Nevada-Arizona border, 1931-1936 Depression era. Clear desert atmosphere with extreme heat and intense sunlight, early diesel equipment, classic 1930s truck-era vehicles. Workers wear: cloth caps or fedoras, rolled sleeve cotton shirts (often sweat-stained), canvas trousers, leather suspenders, heavy leather boots, bandanas for dust, minimal safety equipment (leather gloves, occasional cloth caps). Advanced tool era for 1930s: pneumatic drills, steam shovels, diesel-powered trucks, cable systems, drilling equipment, concrete mixing equipment, basic electric lighting systems. No modern plastics, no contemporary safety equipment, no current construction techniques, no synthetic materials.

Desert arid environment: extreme solar exposure creating harsh shadows and bright highlights, heat shimmer distortion visible at midday, occasional dust devils swirling across canyon, minimal cloud cover with intense blue sky, clear starlit nights, extreme temperature swings (120°F+ days, cool nights), dust particles suspended in air catching light, strong winds through canyon creating dust clouds, minimal desert vegetation, bleached earth tones (deep orange-red canyon rock, rust-colored canyon walls, tan dirt, pale yellows). Colorado River roaring through canyon bottom. Equipment visibly heating in direct sun, metal surfaces too hot to touch, workers seeking shade during peak heat.

Absolute historical prohibition - exclude ALL anachronisms: Modern safety equipment (reflective vests, fall arrest systems, safety lanyards, modern hard hats with chin straps, safety glasses), digital devices, contemporary vehicles, current-era signage, modern construction techniques (current welding styles, contemporary concrete forms), anachronistic materials (modern plastics, contemporary composites, synthetic fabrics), modern tool designs (battery-powered tools, contemporary power tools), LED lighting, plastic materials (containers, sheeting, barriers), contemporary color schemes (high-visibility orange/yellow), modern fasteners (contemporary bolts, current zip ties), current generation equipment (modern diesel designs, contemporary hydraulics).

Warm muted color grading: Desaturate to 65% of full color, strong warm temperature (+350K amber shift), reduced contrast 20% with soft highlights creating heat glow, deep shadows with preserved detail. Primary color bias: Deep orange-red (canyon rock faces), rust and ochre (desert soil and dust), dusty yellow (intense sunlight), faded denim blue (workers' clothing and river), weathered brown (wood scaffolding and leather). Avoid: Cool blues except in sky and water, vivid greens, pure whites, deep blacks. Film grain: 35mm equivalent with visible structure, slight sepia undertone matching Depression-era Kodachrome.

Extreme close-up of cooling pipe section being threaded through wet concrete, concrete clinging to metal, pipe surface showing condensation once in place."
15,A-ROLL,Dam Face Begins to Rise - 50 Feet High,"Ultra-realistic cinematic documentary style. 4K resolution, professional color grading. Muted vintage color palette with soft desaturation, subtle film grain, realistic natural lighting. Historically accurate 1930s environment, Depression-era vehicles, tools, and construction materials. Natural camera movement with professional cinematography: smooth dollies, crane shots, tracking movements, aerial perspectives. Realistic physics, authentic material behavior, grounded sense of massive scale and weight. Consistent period-appropriate color grading throughout all scenes.

Set in Black Canyon, Nevada-Arizona border, 1931-1936 Depression era. Clear desert atmosphere with extreme heat and intense sunlight, early diesel equipment, classic 1930s truck-era vehicles. Workers wear: cloth caps or fedoras, rolled sleeve cotton shirts (often sweat-stained), canvas trousers, leather suspenders, heavy leather boots, bandanas for dust, minimal safety equipment (leather gloves, occasional cloth caps). Advanced tool era for 1930s: pneumatic drills, steam shovels, diesel-powered trucks, cable systems, drilling equipment, concrete mixing equipment, basic electric lighting systems. No modern plastics, no contemporary safety equipment, no current construction techniques, no synthetic materials.

Desert arid environment: extreme solar exposure creating harsh shadows and bright highlights, heat shimmer distortion visible at midday, occasional dust devils swirling across canyon, minimal cloud cover with intense blue sky, clear starlit nights, extreme temperature swings (120°F+ days, cool nights), dust particles suspended in air catching light, strong winds through canyon creating dust clouds, minimal desert vegetation, bleached earth tones (deep orange-red canyon rock, rust-colored canyon walls, tan dirt, pale yellows). Colorado River roaring through canyon bottom. Equipment visibly heating in direct sun, metal surfaces too hot to touch, workers seeking shade during peak heat.

Absolute historical prohibition - exclude ALL anachronisms: Modern safety equipment (reflective vests, fall arrest systems, safety lanyards, modern hard hats with chin straps, safety glasses), digital devices, contemporary vehicles, current-era signage, modern construction techniques (current welding styles, contemporary concrete forms), anachronistic materials (modern plastics, contemporary composites, synthetic fabrics), modern tool designs (battery-powered tools, contemporary power tools), LED lighting, plastic materials (containers, sheeting, barriers), contemporary color schemes (high-visibility orange/yellow), modern fasteners (contemporary bolts, current zip ties), current generation equipment (modern diesel designs, contemporary hydraulics).

Warm muted color grading: Desaturate to 65% of full color, strong warm temperature (+350K amber shift), reduced contrast 20% with soft highlights creating heat glow, deep shadows with preserved detail. Primary color bias: Deep orange-red (canyon rock faces), rust and ochre (desert soil and dust), dusty yellow (intense sunlight), faded denim blue (workers' clothing and river), weathered brown (wood scaffolding and leather). Avoid: Cool blues except in sky and water, vivid greens, pure whites, deep blacks. Film grain: 35mm equivalent with visible structure, slight sepia undertone matching Depression-era Kodachrome.

Cinematic low-angle wide shot showing dam's curved concrete face emerging from canyon floor, now 50 feet high. Complex wooden formwork visible, workers on multiple scaffolding levels, concrete pours ongoing. Camera cranes upward showing impossible scale against canyon walls. Morning light creating dramatic shadows on curved surface."
15,B-ROLL,Dam Face Begins to Rise - Formwork,"Ultra-realistic cinematic documentary style. 4K resolution, professional color grading. Muted vintage color palette with soft desaturation, subtle film grain, realistic natural lighting. Historically accurate 1930s environment, Depression-era vehicles, tools, and construction materials. Natural camera movement with professional cinematography: smooth dollies, crane shots, tracking movements, aerial perspectives. Realistic physics, authentic material behavior, grounded sense of massive scale and weight. Consistent period-appropriate color grading throughout all scenes.

Set in Black Canyon, Nevada-Arizona border, 1931-1936 Depression era. Clear desert atmosphere with extreme heat and intense sunlight, early diesel equipment, classic 1930s truck-era vehicles. Workers wear: cloth caps or fedoras, rolled sleeve cotton shirts (often sweat-stained), canvas trousers, leather suspenders, heavy leather boots, bandanas for dust, minimal safety equipment (leather gloves, occasional cloth caps). Advanced tool era for 1930s: pneumatic drills, steam shovels, diesel-powered trucks, cable systems, drilling equipment, concrete mixing equipment, basic electric lighting systems. No modern plastics, no contemporary safety equipment, no current construction techniques, no synthetic materials.

Desert arid environment: extreme solar exposure creating harsh shadows and bright highlights, heat shimmer distortion visible at midday, occasional dust devils swirling across canyon, minimal cloud cover with intense blue sky, clear starlit nights, extreme temperature swings (120°F+ days, cool nights), dust particles suspended in air catching light, strong winds through canyon creating dust clouds, minimal desert vegetation, bleached earth tones (deep orange-red canyon rock, rust-colored canyon walls, tan dirt, pale yellows). Colorado River roaring through canyon bottom. Equipment visibly heating in direct sun, metal surfaces too hot to touch, workers seeking shade during peak heat.

Absolute historical prohibition - exclude ALL anachronisms: Modern safety equipment (reflective vests, fall arrest systems, safety lanyards, modern hard hats with chin straps, safety glasses), digital devices, contemporary vehicles, current-era signage, modern construction techniques (current welding styles, contemporary concrete forms), anachronistic materials (modern plastics, contemporary composites, synthetic fabrics), modern tool designs (battery-powered tools, contemporary power tools), LED lighting, plastic materials (containers, sheeting, barriers), contemporary color schemes (high-visibility orange/yellow), modern fasteners (contemporary bolts, current zip ties), current generation equipment (modern diesel designs, contemporary hydraulics).

Warm muted color grading: Desaturate to 65% of full color, strong warm temperature (+350K amber shift), reduced contrast 20% with soft highlights creating heat glow, deep shadows with preserved detail. Primary color bias: Deep orange-red (canyon rock faces), rust and ochre (desert soil and dust), dusty yellow (intense sunlight), faded denim blue (workers' clothing and river), weathered brown (wood scaffolding and leather). Avoid: Cool blues except in sky and water, vivid greens, pure whites, deep blacks. Film grain: 35mm equivalent with visible structure, slight sepia undertone matching Depression-era Kodachrome.

Close-up of wooden formwork against fresh concrete, wood grain texture, concrete seeping through small gaps, form tie rods under tension."
16,A-ROLL,High-Scaling Workers - Rope Work,"Ultra-realistic cinematic documentary style. 4K resolution, professional color grading. Muted vintage color palette with soft desaturation, subtle film grain, realistic natural lighting. Historically accurate 1930s environment, Depression-era vehicles, tools, and construction materials. Natural camera movement with professional cinematography: smooth dollies, crane shots, tracking movements, aerial perspectives. Realistic physics, authentic material behavior, grounded sense of massive scale and weight. Consistent period-appropriate color grading throughout all scenes.

Set in Black Canyon, Nevada-Arizona border, 1931-1936 Depression era. Clear desert atmosphere with extreme heat and intense sunlight, early diesel equipment, classic 1930s truck-era vehicles. Workers wear: cloth caps or fedoras, rolled sleeve cotton shirts (often sweat-stained), canvas trousers, leather suspenders, heavy leather boots, bandanas for dust, minimal safety equipment (leather gloves, occasional cloth caps). Advanced tool era for 1930s: pneumatic drills, steam shovels, diesel-powered trucks, cable systems, drilling equipment, concrete mixing equipment, basic electric lighting systems. No modern plastics, no contemporary safety equipment, no current construction techniques, no synthetic materials.

Desert arid environment: extreme solar exposure creating harsh shadows and bright highlights, heat shimmer distortion visible at midday, occasional dust devils swirling across canyon, minimal cloud cover with intense blue sky, clear starlit nights, extreme temperature swings (120°F+ days, cool nights), dust particles suspended in air catching light, strong winds through canyon creating dust clouds, minimal desert vegetation, bleached earth tones (deep orange-red canyon rock, rust-colored canyon walls, tan dirt, pale yellows). Colorado River roaring through canyon bottom. Equipment visibly heating in direct sun, metal surfaces too hot to touch, workers seeking shade during peak heat.

Absolute historical prohibition - exclude ALL anachronisms: Modern safety equipment (reflective vests, fall arrest systems, safety lanyards, modern hard hats with chin straps, safety glasses), digital devices, contemporary vehicles, current-era signage, modern construction techniques (current welding styles, contemporary concrete forms), anachronistic materials (modern plastics, contemporary composites, synthetic fabrics), modern tool designs (battery-powered tools, contemporary power tools), LED lighting, plastic materials (containers, sheeting, barriers), contemporary color schemes (high-visibility orange/yellow), modern fasteners (contemporary bolts, current zip ties), current generation equipment (modern diesel designs, contemporary hydraulics).

Warm muted color grading: Desaturate to 65% of full color, strong warm temperature (+350K amber shift), reduced contrast 20% with soft highlights creating heat glow, deep shadows with preserved detail. Primary color bias: Deep orange-red (canyon rock faces), rust and ochre (desert soil and dust), dusty yellow (intense sunlight), faded denim blue (workers' clothing and river), weathered brown (wood scaffolding and leather). Avoid: Cool blues except in sky and water, vivid greens, pure whites, deep blacks. Film grain: 35mm equivalent with visible structure, slight sepia undertone matching Depression-era Kodachrome.

Dramatic high-angle shot of 'high-scalers' suspended on ropes against canyon wall, using jackhammers to remove loose rock. Workers swing freely hundreds of feet above river, using rope to position themselves, jackhammer sparks flying. Extreme danger emphasized by showing drop below, tiny figures against massive cliff."
16,B-ROLL,High-Scaling Workers - Hands on Rope,"Ultra-realistic cinematic documentary style. 4K resolution, professional color grading. Muted vintage color palette with soft desaturation, subtle film grain, realistic natural lighting. Historically accurate 1930s environment, Depression-era vehicles, tools, and construction materials. Natural camera movement with professional cinematography: smooth dollies, crane shots, tracking movements, aerial perspectives. Realistic physics, authentic material behavior, grounded sense of massive scale and weight. Consistent period-appropriate color grading throughout all scenes.

Set in Black Canyon, Nevada-Arizona border, 1931-1936 Depression era. Clear desert atmosphere with extreme heat and intense sunlight, early diesel equipment, classic 1930s truck-era vehicles. Workers wear: cloth caps or fedoras, rolled sleeve cotton shirts (often sweat-stained), canvas trousers, leather suspenders, heavy leather boots, bandanas for dust, minimal safety equipment (leather gloves, occasional cloth caps). Advanced tool era for 1930s: pneumatic drills, steam shovels, diesel-powered trucks, cable systems, drilling equipment, concrete mixing equipment, basic electric lighting systems. No modern plastics, no contemporary safety equipment, no current construction techniques, no synthetic materials.

Desert arid environment: extreme solar exposure creating harsh shadows and bright highlights, heat shimmer distortion visible at midday, occasional dust devils swirling across canyon, minimal cloud cover with intense blue sky, clear starlit nights, extreme temperature swings (120°F+ days, cool nights), dust particles suspended in air catching light, strong winds through canyon creating dust clouds, minimal desert vegetation, bleached earth tones (deep orange-red canyon rock, rust-colored canyon walls, tan dirt, pale yellows). Colorado River roaring through canyon bottom. Equipment visibly heating in direct sun, metal surfaces too hot to touch, workers seeking shade during peak heat.

Absolute historical prohibition - exclude ALL anachronisms: Modern safety equipment (reflective vests, fall arrest systems, safety lanyards, modern hard hats with chin straps, safety glasses), digital devices, contemporary vehicles, current-era signage, modern construction techniques (current welding styles, contemporary concrete forms), anachronistic materials (modern plastics, contemporary composites, synthetic fabrics), modern tool designs (battery-powered tools, contemporary power tools), LED lighting, plastic materials (containers, sheeting, barriers), contemporary color schemes (high-visibility orange/yellow), modern fasteners (contemporary bolts, current zip ties), current generation equipment (modern diesel designs, contemporary hydraulics).

Warm muted color grading: Desaturate to 65% of full color, strong warm temperature (+350K amber shift), reduced contrast 20% with soft highlights creating heat glow, deep shadows with preserved detail. Primary color bias: Deep orange-red (canyon rock faces), rust and ochre (desert soil and dust), dusty yellow (intense sunlight), faded denim blue (workers' clothing and river), weathered brown (wood scaffolding and leather). Avoid: Cool blues except in sky and water, vivid greens, pure whites, deep blacks. Film grain: 35mm equivalent with visible structure, slight sepia undertone matching Depression-era Kodachrome.

Close-up of high-scaler's gloved hands gripping rope, knuckles white, leather worn and dusty, sun-damaged skin visible at wrist, sweat on forearm."
17,A-ROLL,Canyon Walls Prepared - Multiple Scalers,"Ultra-realistic cinematic documentary style. 4K resolution, professional color grading. Muted vintage color palette with soft desaturation, subtle film grain, realistic natural lighting. Historically accurate 1930s environment, Depression-era vehicles, tools, and construction materials. Natural camera movement with professional cinematography: smooth dollies, crane shots, tracking movements, aerial perspectives. Realistic physics, authentic material behavior, grounded sense of massive scale and weight. Consistent period-appropriate color grading throughout all scenes.

Set in Black Canyon, Nevada-Arizona border, 1931-1936 Depression era. Clear desert atmosphere with extreme heat and intense sunlight, early diesel equipment, classic 1930s truck-era vehicles. Workers wear: cloth caps or fedoras, rolled sleeve cotton shirts (often sweat-stained), canvas trousers, leather suspenders, heavy leather boots, bandanas for dust, minimal safety equipment (leather gloves, occasional cloth caps). Advanced tool era for 1930s: pneumatic drills, steam shovels, diesel-powered trucks, cable systems, drilling equipment, concrete mixing equipment, basic electric lighting systems. No modern plastics, no contemporary safety equipment, no current construction techniques, no synthetic materials.

Desert arid environment: extreme solar exposure creating harsh shadows and bright highlights, heat shimmer distortion visible at midday, occasional dust devils swirling across canyon, minimal cloud cover with intense blue sky, clear starlit nights, extreme temperature swings (120°F+ days, cool nights), dust particles suspended in air catching light, strong winds through canyon creating dust clouds, minimal desert vegetation, bleached earth tones (deep orange-red canyon rock, rust-colored canyon walls, tan dirt, pale yellows). Colorado River roaring through canyon bottom. Equipment visibly heating in direct sun, metal surfaces too hot to touch, workers seeking shade during peak heat.

Absolute historical prohibition - exclude ALL anachronisms: Modern safety equipment (reflective vests, fall arrest systems, safety lanyards, modern hard hats with chin straps, safety glasses), digital devices, contemporary vehicles, current-era signage, modern construction techniques (current welding styles, contemporary concrete forms), anachronistic materials (modern plastics, contemporary composites, synthetic fabrics), modern tool designs (battery-powered tools, contemporary power tools), LED lighting, plastic materials (containers, sheeting, barriers), contemporary color schemes (high-visibility orange/yellow), modern fasteners (contemporary bolts, current zip ties), current generation equipment (modern diesel designs, contemporary hydraulics).

Warm muted color grading: Desaturate to 65% of full color, strong warm temperature (+350K amber shift), reduced contrast 20% with soft highlights creating heat glow, deep shadows with preserved detail. Primary color bias: Deep orange-red (canyon rock faces), rust and ochre (desert soil and dust), dusty yellow (intense sunlight), faded denim blue (workers' clothing and river), weathered brown (wood scaffolding and leather). Avoid: Cool blues except in sky and water, vivid greens, pure whites, deep blacks. Film grain: 35mm equivalent with visible structure, slight sepia undertone matching Depression-era Kodachrome.

Wide shot showing canyon walls being cleaned and prepared, high-scalers at multiple heights working simultaneously. Rock debris falling, creating dust clouds. Prepared surfaces showing clean rock face where concrete will bond. Scale of human activity against natural canyon walls emphasized."
17,B-ROLL,Canyon Walls Prepared - Clean Rock Face,"Ultra-realistic cinematic documentary style. 4K resolution, professional color grading. Muted vintage color palette with soft desaturation, subtle film grain, realistic natural lighting. Historically accurate 1930s environment, Depression-era vehicles, tools, and construction materials. Natural camera movement with professional cinematography: smooth dollies, crane shots, tracking movements, aerial perspectives. Realistic physics, authentic material behavior, grounded sense of massive scale and weight. Consistent period-appropriate color grading throughout all scenes.

Set in Black Canyon, Nevada-Arizona border, 1931-1936 Depression era. Clear desert atmosphere with extreme heat and intense sunlight, early diesel equipment, classic 1930s truck-era vehicles. Workers wear: cloth caps or fedoras, rolled sleeve cotton shirts (often sweat-stained), canvas trousers, leather suspenders, heavy leather boots, bandanas for dust, minimal safety equipment (leather gloves, occasional cloth caps). Advanced tool era for 1930s: pneumatic drills, steam shovels, diesel-powered trucks, cable systems, drilling equipment, concrete mixing equipment, basic electric lighting systems. No modern plastics, no contemporary safety equipment, no current construction techniques, no synthetic materials.

Desert arid environment: extreme solar exposure creating harsh shadows and bright highlights, heat shimmer distortion visible at midday, occasional dust devils swirling across canyon, minimal cloud cover with intense blue sky, clear starlit nights, extreme temperature swings (120°F+ days, cool nights), dust particles suspended in air catching light, strong winds through canyon creating dust clouds, minimal desert vegetation, bleached earth tones (deep orange-red canyon rock, rust-colored canyon walls, tan dirt, pale yellows). Colorado River roaring through canyon bottom. Equipment visibly heating in direct sun, metal surfaces too hot to touch, workers seeking shade during peak heat.

Absolute historical prohibition - exclude ALL anachronisms: Modern safety equipment (reflective vests, fall arrest systems, safety lanyards, modern hard hats with chin straps, safety glasses), digital devices, contemporary vehicles, current-era signage, modern construction techniques (current welding styles, contemporary concrete forms), anachronistic materials (modern plastics, contemporary composites, synthetic fabrics), modern tool designs (battery-powered tools, contemporary power tools), LED lighting, plastic materials (containers, sheeting, barriers), contemporary color schemes (high-visibility orange/yellow), modern fasteners (contemporary bolts, current zip ties), current generation equipment (modern diesel designs, contemporary hydraulics).

Warm muted color grading: Desaturate to 65% of full color, strong warm temperature (+350K amber shift), reduced contrast 20% with soft highlights creating heat glow, deep shadows with preserved detail. Primary color bias: Deep orange-red (canyon rock faces), rust and ochre (desert soil and dust), dusty yellow (intense sunlight), faded denim blue (workers' clothing and river), weathered brown (wood scaffolding and leather). Avoid: Cool blues except in sky and water, vivid greens, pure whites, deep blacks. Film grain: 35mm equivalent with visible structure, slight sepia undertone matching Depression-era Kodachrome.

Close-up of freshly cleaned rock face showing geological striations, orange-red layers, drill marks, ready for concrete bonding."
18,A-ROLL,Summer Heat Peak - Workers in Heat,"Ultra-realistic cinematic documentary style. 4K resolution, professional color grading. Muted vintage color palette with soft desaturation, subtle film grain, realistic natural lighting. Historically accurate 1930s environment, Depression-era vehicles, tools, and construction materials. Natural camera movement with professional cinematography: smooth dollies, crane shots, tracking movements, aerial perspectives. Realistic physics, authentic material behavior, grounded sense of massive scale and weight. Consistent period-appropriate color grading throughout all scenes.

Set in Black Canyon, Nevada-Arizona border, 1931-1936 Depression era. Clear desert atmosphere with extreme heat and intense sunlight, early diesel equipment, classic 1930s truck-era vehicles. Workers wear: cloth caps or fedoras, rolled sleeve cotton shirts (often sweat-stained), canvas trousers, leather suspenders, heavy leather boots, bandanas for dust, minimal safety equipment (leather gloves, occasional cloth caps). Advanced tool era for 1930s: pneumatic drills, steam shovels, diesel-powered trucks, cable systems, drilling equipment, concrete mixing equipment, basic electric lighting systems. No modern plastics, no contemporary safety equipment, no current construction techniques, no synthetic materials.

Desert arid environment: extreme solar exposure creating harsh shadows and bright highlights, heat shimmer distortion visible at midday, occasional dust devils swirling across canyon, minimal cloud cover with intense blue sky, clear starlit nights, extreme temperature swings (120°F+ days, cool nights), dust particles suspended in air catching light, strong winds through canyon creating dust clouds, minimal desert vegetation, bleached earth tones (deep orange-red canyon rock, rust-colored canyon walls, tan dirt, pale yellows). Colorado River roaring through canyon bottom. Equipment visibly heating in direct sun, metal surfaces too hot to touch, workers seeking shade during peak heat.

Absolute historical prohibition - exclude ALL anachronisms: Modern safety equipment (reflective vests, fall arrest systems, safety lanyards, modern hard hats with chin straps, safety glasses), digital devices, contemporary vehicles, current-era signage, modern construction techniques (current welding styles, contemporary concrete forms), anachronistic materials (modern plastics, contemporary composites, synthetic fabrics), modern tool designs (battery-powered tools, contemporary power tools), LED lighting, plastic materials (containers, sheeting, barriers), contemporary color schemes (high-visibility orange/yellow), modern fasteners (contemporary bolts, current zip ties), current generation equipment (modern diesel designs, contemporary hydraulics).

Warm muted color grading: Desaturate to 65% of full color, strong warm temperature (+350K amber shift), reduced contrast 20% with soft highlights creating heat glow, deep shadows with preserved detail. Primary color bias: Deep orange-red (canyon rock faces), rust and ochre (desert soil and dust), dusty yellow (intense sunlight), faded denim blue (workers' clothing and river), weathered brown (wood scaffolding and leather). Avoid: Cool blues except in sky and water, vivid greens, pure whites, deep blacks. Film grain: 35mm equivalent with visible structure, slight sepia undertone matching Depression-era Kodachrome.

Medium shot of workers during midday summer heat (120°F+). Men soaked in sweat, shirts darkened, bandanas over faces, seeking any shade. Water being distributed, workers drinking desperately. Heat shimmer intense in air, metal equipment too hot to touch bare-handed. Some workers overcome by heat being helped to shade."
18,B-ROLL,Summer Heat Peak - Sweat Evaporation,"Ultra-realistic cinematic documentary style. 4K resolution, professional color grading. Muted vintage color palette with soft desaturation, subtle film grain, realistic natural lighting. Historically accurate 1930s environment, Depression-era vehicles, tools, and construction materials. Natural camera movement with professional cinematography: smooth dollies, crane shots, tracking movements, aerial perspectives. Realistic physics, authentic material behavior, grounded sense of massive scale and weight. Consistent period-appropriate color grading throughout all scenes.

Set in Black Canyon, Nevada-Arizona border, 1931-1936 Depression era. Clear desert atmosphere with extreme heat and intense sunlight, early diesel equipment, classic 1930s truck-era vehicles. Workers wear: cloth caps or fedoras, rolled sleeve cotton shirts (often sweat-stained), canvas trousers, leather suspenders, heavy leather boots, bandanas for dust, minimal safety equipment (leather gloves, occasional cloth caps). Advanced tool era for 1930s: pneumatic drills, steam shovels, diesel-powered trucks, cable systems, drilling equipment, concrete mixing equipment, basic electric lighting systems. No modern plastics, no contemporary safety equipment, no current construction techniques, no synthetic materials.

Desert arid environment: extreme solar exposure creating harsh shadows and bright highlights, heat shimmer distortion visible at midday, occasional dust devils swirling across canyon, minimal cloud cover with intense blue sky, clear starlit nights, extreme temperature swings (120°F+ days, cool nights), dust particles suspended in air catching light, strong winds through canyon creating dust clouds, minimal desert vegetation, bleached earth tones (deep orange-red canyon rock, rust-colored canyon walls, tan dirt, pale yellows). Colorado River roaring through canyon bottom. Equipment visibly heating in direct sun, metal surfaces too hot to touch, workers seeking shade during peak heat.

Absolute historical prohibition - exclude ALL anachronisms: Modern safety equipment (reflective vests, fall arrest systems, safety lanyards, modern hard hats with chin straps, safety glasses), digital devices, contemporary vehicles, current-era signage, modern construction techniques (current welding styles, contemporary concrete forms), anachronistic materials (modern plastics, contemporary composites, synthetic fabrics), modern tool designs (battery-powered tools, contemporary power tools), LED lighting, plastic materials (containers, sheeting, barriers), contemporary color schemes (high-visibility orange/yellow), modern fasteners (contemporary bolts, current zip ties), current generation equipment (modern diesel designs, contemporary hydraulics).

Warm muted color grading: Desaturate to 65% of full color, strong warm temperature (+350K amber shift), reduced contrast 20% with soft highlights creating heat glow, deep shadows with preserved detail. Primary color bias: Deep orange-red (canyon rock faces), rust and ochre (desert soil and dust), dusty yellow (intense sunlight), faded denim blue (workers' clothing and river), weathered brown (wood scaffolding and leather). Avoid: Cool blues except in sky and water, vivid greens, pure whites, deep blacks. Film grain: 35mm equivalent with visible structure, slight sepia undertone matching Depression-era Kodachrome.

Extreme close-up of sweat dripping from worker's face onto hot metal surface, water droplets evaporating almost instantly with sizzle, salt residue forming."
19,A-ROLL,Night Shift Under Lights - Night Construction,"Ultra-realistic cinematic documentary style. 4K resolution, professional color grading. Muted vintage color palette with soft desaturation, subtle film grain, realistic natural lighting. Historically accurate 1930s environment, Depression-era vehicles, tools, and construction materials. Natural camera movement with professional cinematography: smooth dollies, crane shots, tracking movements, aerial perspectives. Realistic physics, authentic material behavior, grounded sense of massive scale and weight. Consistent period-appropriate color grading throughout all scenes.

Set in Black Canyon, Nevada-Arizona border, 1931-1936 Depression era. Clear desert atmosphere with extreme heat and intense sunlight, early diesel equipment, classic 1930s truck-era vehicles. Workers wear: cloth caps or fedoras, rolled sleeve cotton shirts (often sweat-stained), canvas trousers, leather suspenders, heavy leather boots, bandanas for dust, minimal safety equipment (leather gloves, occasional cloth caps). Advanced tool era for 1930s: pneumatic drills, steam shovels, diesel-powered trucks, cable systems, drilling equipment, concrete mixing equipment, basic electric lighting systems. No modern plastics, no contemporary safety equipment, no current construction techniques, no synthetic materials.

Desert arid environment: extreme solar exposure creating harsh shadows and bright highlights, heat shimmer distortion visible at midday, occasional dust devils swirling across canyon, minimal cloud cover with intense blue sky, clear starlit nights, extreme temperature swings (120°F+ days, cool nights), dust particles suspended in air catching light, strong winds through canyon creating dust clouds, minimal desert vegetation, bleached earth tones (deep orange-red canyon rock, rust-colored canyon walls, tan dirt, pale yellows). Colorado River roaring through canyon bottom. Equipment visibly heating in direct sun, metal surfaces too hot to touch, workers seeking shade during peak heat.

Absolute historical prohibition - exclude ALL anachronisms: Modern safety equipment (reflective vests, fall arrest systems, safety lanyards, modern hard hats with chin straps, safety glasses), digital devices, contemporary vehicles, current-era signage, modern construction techniques (current welding styles, contemporary concrete forms), anachronistic materials (modern plastics, contemporary composites, synthetic fabrics), modern tool designs (battery-powered tools, contemporary power tools), LED lighting, plastic materials (containers, sheeting, barriers), contemporary color schemes (high-visibility orange/yellow), modern fasteners (contemporary bolts, current zip ties), current generation equipment (modern diesel designs, contemporary hydraulics).

Warm muted color grading: Desaturate to 65% of full color, strong warm temperature (+350K amber shift), reduced contrast 20% with soft highlights creating heat glow, deep shadows with preserved detail. Primary color bias: Deep orange-red (canyon rock faces), rust and ochre (desert soil and dust), dusty yellow (intense sunlight), faded denim blue (workers' clothing and river), weathered brown (wood scaffolding and leather). Avoid: Cool blues except in sky and water, vivid greens, pure whites, deep blacks. Film grain: 35mm equivalent with visible structure, slight sepia undertone matching Depression-era Kodachrome.

Dramatic night shot of construction continuing under string lights and portable spotlights. Harsh artificial lighting creating deep shadows, moths and insects swarming lights. Workers' silhouettes moving through pools of light. Concrete pours continuing, steam more visible in cool night air. Stars brilliant above dark canyon."
19,B-ROLL,Night Shift Under Lights - Shadow Work,"Ultra-realistic cinematic documentary style. 4K resolution, professional color grading. Muted vintage color palette with soft desaturation, subtle film grain, realistic natural lighting. Historically accurate 1930s environment, Depression-era vehicles, tools, and construction materials. Natural camera movement with professional cinematography: smooth dollies, crane shots, tracking movements, aerial perspectives. Realistic physics, authentic material behavior, grounded sense of massive scale and weight. Consistent period-appropriate color grading throughout all scenes.

Set in Black Canyon, Nevada-Arizona border, 1931-1936 Depression era. Clear desert atmosphere with extreme heat and intense sunlight, early diesel equipment, classic 1930s truck-era vehicles. Workers wear: cloth caps or fedoras, rolled sleeve cotton shirts (often sweat-stained), canvas trousers, leather suspenders, heavy leather boots, bandanas for dust, minimal safety equipment (leather gloves, occasional cloth caps). Advanced tool era for 1930s: pneumatic drills, steam shovels, diesel-powered trucks, cable systems, drilling equipment, concrete mixing equipment, basic electric lighting systems. No modern plastics, no contemporary safety equipment, no current construction techniques, no synthetic materials.

Desert arid environment: extreme solar exposure creating harsh shadows and bright highlights, heat shimmer distortion visible at midday, occasional dust devils swirling across canyon, minimal cloud cover with intense blue sky, clear starlit nights, extreme temperature swings (120°F+ days, cool nights), dust particles suspended in air catching light, strong winds through canyon creating dust clouds, minimal desert vegetation, bleached earth tones (deep orange-red canyon rock, rust-colored canyon walls, tan dirt, pale yellows). Colorado River roaring through canyon bottom. Equipment visibly heating in direct sun, metal surfaces too hot to touch, workers seeking shade during peak heat.

Absolute historical prohibition - exclude ALL anachronisms: Modern safety equipment (reflective vests, fall arrest systems, safety lanyards, modern hard hats with chin straps, safety glasses), digital devices, contemporary vehicles, current-era signage, modern construction techniques (current welding styles, contemporary concrete forms), anachronistic materials (modern plastics, contemporary composites, synthetic fabrics), modern tool designs (battery-powered tools, contemporary power tools), LED lighting, plastic materials (containers, sheeting, barriers), contemporary color schemes (high-visibility orange/yellow), modern fasteners (contemporary bolts, current zip ties), current generation equipment (modern diesel designs, contemporary hydraulics).

Warm muted color grading: Desaturate to 65% of full color, strong warm temperature (+350K amber shift), reduced contrast 20% with soft highlights creating heat glow, deep shadows with preserved detail. Primary color bias: Deep orange-red (canyon rock faces), rust and ochre (desert soil and dust), dusty yellow (intense sunlight), faded denim blue (workers' clothing and river), weathered brown (wood scaffolding and leather). Avoid: Cool blues except in sky and water, vivid greens, pure whites, deep blacks. Film grain: 35mm equivalent with visible structure, slight sepia undertone matching Depression-era Kodachrome.

Close-up of concrete work under harsh spotlight, worker's shadow distorted on concrete surface, moths casting shadows as they circle light."
20,A-ROLL,Dam Rising (Midpoint) - 300 Feet,"Ultra-realistic cinematic documentary style. 4K resolution, professional color grading. Muted vintage color palette with soft desaturation, subtle film grain, realistic natural lighting. Historically accurate 1930s environment, Depression-era vehicles, tools, and construction materials. Natural camera movement with professional cinematography: smooth dollies, crane shots, tracking movements, aerial perspectives. Realistic physics, authentic material behavior, grounded sense of massive scale and weight. Consistent period-appropriate color grading throughout all scenes.

Set in Black Canyon, Nevada-Arizona border, 1931-1936 Depression era. Clear desert atmosphere with extreme heat and intense sunlight, early diesel equipment, classic 1930s truck-era vehicles. Workers wear: cloth caps or fedoras, rolled sleeve cotton shirts (often sweat-stained), canvas trousers, leather suspenders, heavy leather boots, bandanas for dust, minimal safety equipment (leather gloves, occasional cloth caps). Advanced tool era for 1930s: pneumatic drills, steam shovels, diesel-powered trucks, cable systems, drilling equipment, concrete mixing equipment, basic electric lighting systems. No modern plastics, no contemporary safety equipment, no current construction techniques, no synthetic materials.

Desert arid environment: extreme solar exposure creating harsh shadows and bright highlights, heat shimmer distortion visible at midday, occasional dust devils swirling across canyon, minimal cloud cover with intense blue sky, clear starlit nights, extreme temperature swings (120°F+ days, cool nights), dust particles suspended in air catching light, strong winds through canyon creating dust clouds, minimal desert vegetation, bleached earth tones (deep orange-red canyon rock, rust-colored canyon walls, tan dirt, pale yellows). Colorado River roaring through canyon bottom. Equipment visibly heating in direct sun, metal surfaces too hot to touch, workers seeking shade during peak heat.

Absolute historical prohibition - exclude ALL anachronisms: Modern safety equipment (reflective vests, fall arrest systems, safety lanyards, modern hard hats with chin straps, safety glasses), digital devices, contemporary vehicles, current-era signage, modern construction techniques (current welding styles, contemporary concrete forms), anachronistic materials (modern plastics, contemporary composites, synthetic fabrics), modern tool designs (battery-powered tools, contemporary power tools), LED lighting, plastic materials (containers, sheeting, barriers), contemporary color schemes (high-visibility orange/yellow), modern fasteners (contemporary bolts, current zip ties), current generation equipment (modern diesel designs, contemporary hydraulics).

Warm muted color grading: Desaturate to 65% of full color, strong warm temperature (+350K amber shift), reduced contrast 20% with soft highlights creating heat glow, deep shadows with preserved detail. Primary color bias: Deep orange-red (canyon rock faces), rust and ochre (desert soil and dust), dusty yellow (intense sunlight), faded denim blue (workers' clothing and river), weathered brown (wood scaffolding and leather). Avoid: Cool blues except in sky and water, vivid greens, pure whites, deep blacks. Film grain: 35mm equivalent with visible structure, slight sepia undertone matching Depression-era Kodachrome.

Cinematic low-angle wide shot looking up curved concrete dam face, now 300 feet high (halfway point). Intricate network of wooden scaffolding and cooling pipes visible embedded in surface at multiple levels. Workers on scaffolds at various heights securing formwork. Camera cranes upward emphasizing impossible scale and smooth curve. Sun directly overhead creating minimal shadows, extreme heat visible in air distortion, canyon walls framing."
20,B-ROLL,Dam Rising (Midpoint) - Cooling Pipe,"Ultra-realistic cinematic documentary style. 4K resolution, professional color grading. Muted vintage color palette with soft desaturation, subtle film grain, realistic natural lighting. Historically accurate 1930s environment, Depression-era vehicles, tools, and construction materials. Natural camera movement with professional cinematography: smooth dollies, crane shots, tracking movements, aerial perspectives. Realistic physics, authentic material behavior, grounded sense of massive scale and weight. Consistent period-appropriate color grading throughout all scenes.

Set in Black Canyon, Nevada-Arizona border, 1931-1936 Depression era. Clear desert atmosphere with extreme heat and intense sunlight, early diesel equipment, classic 1930s truck-era vehicles. Workers wear: cloth caps or fedoras, rolled sleeve cotton shirts (often sweat-stained), canvas trousers, leather suspenders, heavy leather boots, bandanas for dust, minimal safety equipment (leather gloves, occasional cloth caps). Advanced tool era for 1930s: pneumatic drills, steam shovels, diesel-powered trucks, cable systems, drilling equipment, concrete mixing equipment, basic electric lighting systems. No modern plastics, no contemporary safety equipment, no current construction techniques, no synthetic materials.

Desert arid environment: extreme solar exposure creating harsh shadows and bright highlights, heat shimmer distortion visible at midday, occasional dust devils swirling across canyon, minimal cloud cover with intense blue sky, clear starlit nights, extreme temperature swings (120°F+ days, cool nights), dust particles suspended in air catching light, strong winds through canyon creating dust clouds, minimal desert vegetation, bleached earth tones (deep orange-red canyon rock, rust-colored canyon walls, tan dirt, pale yellows). Colorado River roaring through canyon bottom. Equipment visibly heating in direct sun, metal surfaces too hot to touch, workers seeking shade during peak heat.

Absolute historical prohibition - exclude ALL anachronisms: Modern safety equipment (reflective vests, fall arrest systems, safety lanyards, modern hard hats with chin straps, safety glasses), digital devices, contemporary vehicles, current-era signage, modern construction techniques (current welding styles, contemporary concrete forms), anachronistic materials (modern plastics, contemporary composites, synthetic fabrics), modern tool designs (battery-powered tools, contemporary power tools), LED lighting, plastic materials (containers, sheeting, barriers), contemporary color schemes (high-visibility orange/yellow), modern fasteners (contemporary bolts, current zip ties), current generation equipment (modern diesel designs, contemporary hydraulics).

Warm muted color grading: Desaturate to 65% of full color, strong warm temperature (+350K amber shift), reduced contrast 20% with soft highlights creating heat glow, deep shadows with preserved detail. Primary color bias: Deep orange-red (canyon rock faces), rust and ochre (desert soil and dust), dusty yellow (intense sunlight), faded denim blue (workers' clothing and river), weathered brown (wood scaffolding and leather). Avoid: Cool blues except in sky and water, vivid greens, pure whites, deep blacks. Film grain: 35mm equivalent with visible structure, slight sepia undertone matching Depression-era Kodachrome.

Close-up of cooling pipe emerging from concrete surface, water dripping from joint, crystalline salt deposits forming around pipe edges from mineral evaporation, reflecting harsh sunlight."
21,A-ROLL,Intake Tower Foundations - Four Towers,"Ultra-realistic cinematic documentary style. 4K resolution, professional color grading. Muted vintage color palette with soft desaturation, subtle film grain, realistic natural lighting. Historically accurate 1930s environment, Depression-era vehicles, tools, and construction materials. Natural camera movement with professional cinematography: smooth dollies, crane shots, tracking movements, aerial perspectives. Realistic physics, authentic material behavior, grounded sense of massive scale and weight. Consistent period-appropriate color grading throughout all scenes.

Set in Black Canyon, Nevada-Arizona border, 1931-1936 Depression era. Clear desert atmosphere with extreme heat and intense sunlight, early diesel equipment, classic 1930s truck-era vehicles. Workers wear: cloth caps or fedoras, rolled sleeve cotton shirts (often sweat-stained), canvas trousers, leather suspenders, heavy leather boots, bandanas for dust, minimal safety equipment (leather gloves, occasional cloth caps). Advanced tool era for 1930s: pneumatic drills, steam shovels, diesel-powered trucks, cable systems, drilling equipment, concrete mixing equipment, basic electric lighting systems. No modern plastics, no contemporary safety equipment, no current construction techniques, no synthetic materials.

Desert arid environment: extreme solar exposure creating harsh shadows and bright highlights, heat shimmer distortion visible at midday, occasional dust devils swirling across canyon, minimal cloud cover with intense blue sky, clear starlit nights, extreme temperature swings (120°F+ days, cool nights), dust particles suspended in air catching light, strong winds through canyon creating dust clouds, minimal desert vegetation, bleached earth tones (deep orange-red canyon rock, rust-colored canyon walls, tan dirt, pale yellows). Colorado River roaring through canyon bottom. Equipment visibly heating in direct sun, metal surfaces too hot to touch, workers seeking shade during peak heat.

Absolute historical prohibition - exclude ALL anachronisms: Modern safety equipment (reflective vests, fall arrest systems, safety lanyards, modern hard hats with chin straps, safety glasses), digital devices, contemporary vehicles, current-era signage, modern construction techniques (current welding styles, contemporary concrete forms), anachronistic materials (modern plastics, contemporary composites, synthetic fabrics), modern tool designs (battery-powered tools, contemporary power tools), LED lighting, plastic materials (containers, sheeting, barriers), contemporary color schemes (high-visibility orange/yellow), modern fasteners (contemporary bolts, current zip ties), current generation equipment (modern diesel designs, contemporary hydraulics).

Warm muted color grading: Desaturate to 65% of full color, strong warm temperature (+350K amber shift), reduced contrast 20% with soft highlights creating heat glow, deep shadows with preserved detail. Primary color bias: Deep orange-red (canyon rock faces), rust and ochre (desert soil and dust), dusty yellow (intense sunlight), faded denim blue (workers' clothing and river), weathered brown (wood scaffolding and leather). Avoid: Cool blues except in sky and water, vivid greens, pure whites, deep blacks. Film grain: 35mm equivalent with visible structure, slight sepia undertone matching Depression-era Kodachrome.

Aerial shot revealing four intake tower foundation sites being constructed upstream of dam in reservoir area. Circular forms rising from bedrock, workers swarming each tower site. Massive scale of towers emphasized by showing all four in frame. Colorado River still diverted through tunnels nearby."
21,B-ROLL,Intake Tower Foundations - Circular Form,"Ultra-realistic cinematic documentary style. 4K resolution, professional color grading. Muted vintage color palette with soft desaturation, subtle film grain, realistic natural lighting. Historically accurate 1930s environment, Depression-era vehicles, tools, and construction materials. Natural camera movement with professional cinematography: smooth dollies, crane shots, tracking movements, aerial perspectives. Realistic physics, authentic material behavior, grounded sense of massive scale and weight. Consistent period-appropriate color grading throughout all scenes.

Set in Black Canyon, Nevada-Arizona border, 1931-1936 Depression era. Clear desert atmosphere with extreme heat and intense sunlight, early diesel equipment, classic 1930s truck-era vehicles. Workers wear: cloth caps or fedoras, rolled sleeve cotton shirts (often sweat-stained), canvas trousers, leather suspenders, heavy leather boots, bandanas for dust, minimal safety equipment (leather gloves, occasional cloth caps). Advanced tool era for 1930s: pneumatic drills, steam shovels, diesel-powered trucks, cable systems, drilling equipment, concrete mixing equipment, basic electric lighting systems. No modern plastics, no contemporary safety equipment, no current construction techniques, no synthetic materials.

Desert arid environment: extreme solar exposure creating harsh shadows and bright highlights, heat shimmer distortion visible at midday, occasional dust devils swirling across canyon, minimal cloud cover with intense blue sky, clear starlit nights, extreme temperature swings (120°F+ days, cool nights), dust particles suspended in air catching light, strong winds through canyon creating dust clouds, minimal desert vegetation, bleached earth tones (deep orange-red canyon rock, rust-colored canyon walls, tan dirt, pale yellows). Colorado River roaring through canyon bottom. Equipment visibly heating in direct sun, metal surfaces too hot to touch, workers seeking shade during peak heat.

Absolute historical prohibition - exclude ALL anachronisms: Modern safety equipment (reflective vests, fall arrest systems, safety lanyards, modern hard hats with chin straps, safety glasses), digital devices, contemporary vehicles, current-era signage, modern construction techniques (current welding styles, contemporary concrete forms), anachronistic materials (modern plastics, contemporary composites, synthetic fabrics), modern tool designs (battery-powered tools, contemporary power tools), LED lighting, plastic materials (containers, sheeting, barriers), contemporary color schemes (high-visibility orange/yellow), modern fasteners (contemporary bolts, current zip ties), current generation equipment (modern diesel designs, contemporary hydraulics).

Warm muted color grading: Desaturate to 65% of full color, strong warm temperature (+350K amber shift), reduced contrast 20% with soft highlights creating heat glow, deep shadows with preserved detail. Primary color bias: Deep orange-red (canyon rock faces), rust and ochre (desert soil and dust), dusty yellow (intense sunlight), faded denim blue (workers' clothing and river), weathered brown (wood scaffolding and leather). Avoid: Cool blues except in sky and water, vivid greens, pure whites, deep blacks. Film grain: 35mm equivalent with visible structure, slight sepia undertone matching Depression-era Kodachrome.

Close-up of circular form for tower base, massive curved wooden formwork, reinforcing steel (rebar) grid visible inside, concrete being placed around rebar."
22,A-ROLL,Intake Towers Rising - Art Deco Design,"Ultra-realistic cinematic documentary style. 4K resolution, professional color grading. Muted vintage color palette with soft desaturation, subtle film grain, realistic natural lighting. Historically accurate 1930s environment, Depression-era vehicles, tools, and construction materials. Natural camera movement with professional cinematography: smooth dollies, crane shots, tracking movements, aerial perspectives. Realistic physics, authentic material behavior, grounded sense of massive scale and weight. Consistent period-appropriate color grading throughout all scenes.

Set in Black Canyon, Nevada-Arizona border, 1931-1936 Depression era. Clear desert atmosphere with extreme heat and intense sunlight, early diesel equipment, classic 1930s truck-era vehicles. Workers wear: cloth caps or fedoras, rolled sleeve cotton shirts (often sweat-stained), canvas trousers, leather suspenders, heavy leather boots, bandanas for dust, minimal safety equipment (leather gloves, occasional cloth caps). Advanced tool era for 1930s: pneumatic drills, steam shovels, diesel-powered trucks, cable systems, drilling equipment, concrete mixing equipment, basic electric lighting systems. No modern plastics, no contemporary safety equipment, no current construction techniques, no synthetic materials.

Desert arid environment: extreme solar exposure creating harsh shadows and bright highlights, heat shimmer distortion visible at midday, occasional dust devils swirling across canyon, minimal cloud cover with intense blue sky, clear starlit nights, extreme temperature swings (120°F+ days, cool nights), dust particles suspended in air catching light, strong winds through canyon creating dust clouds, minimal desert vegetation, bleached earth tones (deep orange-red canyon rock, rust-colored canyon walls, tan dirt, pale yellows). Colorado River roaring through canyon bottom. Equipment visibly heating in direct sun, metal surfaces too hot to touch, workers seeking shade during peak heat.

Absolute historical prohibition - exclude ALL anachronisms: Modern safety equipment (reflective vests, fall arrest systems, safety lanyards, modern hard hats with chin straps, safety glasses), digital devices, contemporary vehicles, current-era signage, modern construction techniques (current welding styles, contemporary concrete forms), anachronistic materials (modern plastics, contemporary composites, synthetic fabrics), modern tool designs (battery-powered tools, contemporary power tools), LED lighting, plastic materials (containers, sheeting, barriers), contemporary color schemes (high-visibility orange/yellow), modern fasteners (contemporary bolts, current zip ties), current generation equipment (modern diesel designs, contemporary hydraulics).

Warm muted color grading: Desaturate to 65% of full color, strong warm temperature (+350K amber shift), reduced contrast 20% with soft highlights creating heat glow, deep shadows with preserved detail. Primary color bias: Deep orange-red (canyon rock faces), rust and ochre (desert soil and dust), dusty yellow (intense sunlight), faded denim blue (workers' clothing and river), weathered brown (wood scaffolding and leather). Avoid: Cool blues except in sky and water, vivid greens, pure whites, deep blacks. Film grain: 35mm equivalent with visible structure, slight sepia undertone matching Depression-era Kodachrome.

Medium crane shot following intake tower construction upward. Art Deco architectural details becoming visible - stepped geometric design. Workers on scaffolding adding decorative concrete elements. Towers rising above reservoir floor, elegant despite industrial function. Desert mountains in background."
22,B-ROLL,Intake Towers Rising - Geometric Pattern,"Ultra-realistic cinematic documentary style. 4K resolution, professional color grading. Muted vintage color palette with soft desaturation, subtle film grain, realistic natural lighting. Historically accurate 1930s environment, Depression-era vehicles, tools, and construction materials. Natural camera movement with professional cinematography: smooth dollies, crane shots, tracking movements, aerial perspectives. Realistic physics, authentic material behavior, grounded sense of massive scale and weight. Consistent period-appropriate color grading throughout all scenes.

Set in Black Canyon, Nevada-Arizona border, 1931-1936 Depression era. Clear desert atmosphere with extreme heat and intense sunlight, early diesel equipment, classic 1930s truck-era vehicles. Workers wear: cloth caps or fedoras, rolled sleeve cotton shirts (often sweat-stained), canvas trousers, leather suspenders, heavy leather boots, bandanas for dust, minimal safety equipment (leather gloves, occasional cloth caps). Advanced tool era for 1930s: pneumatic drills, steam shovels, diesel-powered trucks, cable systems, drilling equipment, concrete mixing equipment, basic electric lighting systems. No modern plastics, no contemporary safety equipment, no current construction techniques, no synthetic materials.

Desert arid environment: extreme solar exposure creating harsh shadows and bright highlights, heat shimmer distortion visible at midday, occasional dust devils swirling across canyon, minimal cloud cover with intense blue sky, clear starlit nights, extreme temperature swings (120°F+ days, cool nights), dust particles suspended in air catching light, strong winds through canyon creating dust clouds, minimal desert vegetation, bleached earth tones (deep orange-red canyon rock, rust-colored canyon walls, tan dirt, pale yellows). Colorado River roaring through canyon bottom. Equipment visibly heating in direct sun, metal surfaces too hot to touch, workers seeking shade during peak heat.

Absolute historical prohibition - exclude ALL anachronisms: Modern safety equipment (reflective vests, fall arrest systems, safety lanyards, modern hard hats with chin straps, safety glasses), digital devices, contemporary vehicles, current-era signage, modern construction techniques (current welding styles, contemporary concrete forms), anachronistic materials (modern plastics, contemporary composites, synthetic fabrics), modern tool designs (battery-powered tools, contemporary power tools), LED lighting, plastic materials (containers, sheeting, barriers), contemporary color schemes (high-visibility orange/yellow), modern fasteners (contemporary bolts, current zip ties), current generation equipment (modern diesel designs, contemporary hydraulics).

Warm muted color grading: Desaturate to 65% of full color, strong warm temperature (+350K amber shift), reduced contrast 20% with soft highlights creating heat glow, deep shadows with preserved detail. Primary color bias: Deep orange-red (canyon rock faces), rust and ochre (desert soil and dust), dusty yellow (intense sunlight), faded denim blue (workers' clothing and river), weathered brown (wood scaffolding and leather). Avoid: Cool blues except in sky and water, vivid greens, pure whites, deep blacks. Film grain: 35mm equivalent with visible structure, slight sepia undertone matching Depression-era Kodachrome.

Close-up of Art Deco geometric pattern being cast in concrete form, stepped pyramid design, sharp lines and angles, Depression-era aesthetic visible in design."
23,A-ROLL,Dam Approaches Completion Height - 726 Feet,"Ultra-realistic cinematic documentary style. 4K resolution, professional color grading. Muted vintage color palette with soft desaturation, subtle film grain, realistic natural lighting. Historically accurate 1930s environment, Depression-era vehicles, tools, and construction materials. Natural camera movement with professional cinematography: smooth dollies, crane shots, tracking movements, aerial perspectives. Realistic physics, authentic material behavior, grounded sense of massive scale and weight. Consistent period-appropriate color grading throughout all scenes.

Set in Black Canyon, Nevada-Arizona border, 1931-1936 Depression era. Clear desert atmosphere with extreme heat and intense sunlight, early diesel equipment, classic 1930s truck-era vehicles. Workers wear: cloth caps or fedoras, rolled sleeve cotton shirts (often sweat-stained), canvas trousers, leather suspenders, heavy leather boots, bandanas for dust, minimal safety equipment (leather gloves, occasional cloth caps). Advanced tool era for 1930s: pneumatic drills, steam shovels, diesel-powered trucks, cable systems, drilling equipment, concrete mixing equipment, basic electric lighting systems. No modern plastics, no contemporary safety equipment, no current construction techniques, no synthetic materials.

Desert arid environment: extreme solar exposure creating harsh shadows and bright highlights, heat shimmer distortion visible at midday, occasional dust devils swirling across canyon, minimal cloud cover with intense blue sky, clear starlit nights, extreme temperature swings (120°F+ days, cool nights), dust particles suspended in air catching light, strong winds through canyon creating dust clouds, minimal desert vegetation, bleached earth tones (deep orange-red canyon rock, rust-colored canyon walls, tan dirt, pale yellows). Colorado River roaring through canyon bottom. Equipment visibly heating in direct sun, metal surfaces too hot to touch, workers seeking shade during peak heat.

Absolute historical prohibition - exclude ALL anachronisms: Modern safety equipment (reflective vests, fall arrest systems, safety lanyards, modern hard hats with chin straps, safety glasses), digital devices, contemporary vehicles, current-era signage, modern construction techniques (current welding styles, contemporary concrete forms), anachronistic materials (modern plastics, contemporary composites, synthetic fabrics), modern tool designs (battery-powered tools, contemporary power tools), LED lighting, plastic materials (containers, sheeting, barriers), contemporary color schemes (high-visibility orange/yellow), modern fasteners (contemporary bolts, current zip ties), current generation equipment (modern diesel designs, contemporary hydraulics).

Warm muted color grading: Desaturate to 65% of full color, strong warm temperature (+350K amber shift), reduced contrast 20% with soft highlights creating heat glow, deep shadows with preserved detail. Primary color bias: Deep orange-red (canyon rock faces), rust and ochre (desert soil and dust), dusty yellow (intense sunlight), faded denim blue (workers' clothing and river), weathered brown (wood scaffolding and leather). Avoid: Cool blues except in sky and water, vivid greens, pure whites, deep blacks. Film grain: 35mm equivalent with visible structure, slight sepia undertone matching Depression-era Kodachrome.

Dramatic aerial orbit around dam at near-completion height (726 feet). Massive curved face sweeping across canyon, intake towers standing symmetrically behind, spillways beginning to take shape. Workers visible as tiny dots at top. Canyon dwarfed by structure. Golden hour lighting emphasizing relief and scale."
23,B-ROLL,Dam Approaches Completion Height - Top Surface,"Ultra-realistic cinematic documentary style. 4K resolution, professional color grading. Muted vintage color palette with soft desaturation, subtle film grain, realistic natural lighting. Historically accurate 1930s environment, Depression-era vehicles, tools, and construction materials. Natural camera movement with professional cinematography: smooth dollies, crane shots, tracking movements, aerial perspectives. Realistic physics, authentic material behavior, grounded sense of massive scale and weight. Consistent period-appropriate color grading throughout all scenes.

Set in Black Canyon, Nevada-Arizona border, 1931-1936 Depression era. Clear desert atmosphere with extreme heat and intense sunlight, early diesel equipment, classic 1930s truck-era vehicles. Workers wear: cloth caps or fedoras, rolled sleeve cotton shirts (often sweat-stained), canvas trousers, leather suspenders, heavy leather boots, bandanas for dust, minimal safety equipment (leather gloves, occasional cloth caps). Advanced tool era for 1930s: pneumatic drills, steam shovels, diesel-powered trucks, cable systems, drilling equipment, concrete mixing equipment, basic electric lighting systems. No modern plastics, no contemporary safety equipment, no current construction techniques, no synthetic materials.

Desert arid environment: extreme solar exposure creating harsh shadows and bright highlights, heat shimmer distortion visible at midday, occasional dust devils swirling across canyon, minimal cloud cover with intense blue sky, clear starlit nights, extreme temperature swings (120°F+ days, cool nights), dust particles suspended in air catching light, strong winds through canyon creating dust clouds, minimal desert vegetation, bleached earth tones (deep orange-red canyon rock, rust-colored canyon walls, tan dirt, pale yellows). Colorado River roaring through canyon bottom. Equipment visibly heating in direct sun, metal surfaces too hot to touch, workers seeking shade during peak heat.

Absolute historical prohibition - exclude ALL anachronisms: Modern safety equipment (reflective vests, fall arrest systems, safety lanyards, modern hard hats with chin straps, safety glasses), digital devices, contemporary vehicles, current-era signage, modern construction techniques (current welding styles, contemporary concrete forms), anachronistic materials (modern plastics, contemporary composites, synthetic fabrics), modern tool designs (battery-powered tools, contemporary power tools), LED lighting, plastic materials (containers, sheeting, barriers), contemporary color schemes (high-visibility orange/yellow), modern fasteners (contemporary bolts, current zip ties), current generation equipment (modern diesel designs, contemporary hydraulics).

Warm muted color grading: Desaturate to 65% of full color, strong warm temperature (+350K amber shift), reduced contrast 20% with soft highlights creating heat glow, deep shadows with preserved detail. Primary color bias: Deep orange-red (canyon rock faces), rust and ochre (desert soil and dust), dusty yellow (intense sunlight), faded denim blue (workers' clothing and river), weathered brown (wood scaffolding and leather). Avoid: Cool blues except in sky and water, vivid greens, pure whites, deep blacks. Film grain: 35mm equivalent with visible structure, slight sepia undertone matching Depression-era Kodachrome.

Close-up of dam's top surface, workers installing final walkways and railings, view down both faces (downstream vertical, upstream angled), dizzying height emphasized."
24,A-ROLL,Spillway Construction - Tunnel Mouths,"Ultra-realistic cinematic documentary style. 4K resolution, professional color grading. Muted vintage color palette with soft desaturation, subtle film grain, realistic natural lighting. Historically accurate 1930s environment, Depression-era vehicles, tools, and construction materials. Natural camera movement with professional cinematography: smooth dollies, crane shots, tracking movements, aerial perspectives. Realistic physics, authentic material behavior, grounded sense of massive scale and weight. Consistent period-appropriate color grading throughout all scenes.

Set in Black Canyon, Nevada-Arizona border, 1931-1936 Depression era. Clear desert atmosphere with extreme heat and intense sunlight, early diesel equipment, classic 1930s truck-era vehicles. Workers wear: cloth caps or fedoras, rolled sleeve cotton shirts (often sweat-stained), canvas trousers, leather suspenders, heavy leather boots, bandanas for dust, minimal safety equipment (leather gloves, occasional cloth caps). Advanced tool era for 1930s: pneumatic drills, steam shovels, diesel-powered trucks, cable systems, drilling equipment, concrete mixing equipment, basic electric lighting systems. No modern plastics, no contemporary safety equipment, no current construction techniques, no synthetic materials.

Desert arid environment: extreme solar exposure creating harsh shadows and bright highlights, heat shimmer distortion visible at midday, occasional dust devils swirling across canyon, minimal cloud cover with intense blue sky, clear starlit nights, extreme temperature swings (120°F+ days, cool nights), dust particles suspended in air catching light, strong winds through canyon creating dust clouds, minimal desert vegetation, bleached earth tones (deep orange-red canyon rock, rust-colored canyon walls, tan dirt, pale yellows). Colorado River roaring through canyon bottom. Equipment visibly heating in direct sun, metal surfaces too hot to touch, workers seeking shade during peak heat.

Absolute historical prohibition - exclude ALL anachronisms: Modern safety equipment (reflective vests, fall arrest systems, safety lanyards, modern hard hats with chin straps, safety glasses), digital devices, contemporary vehicles, current-era signage, modern construction techniques (current welding styles, contemporary concrete forms), anachronistic materials (modern plastics, contemporary composites, synthetic fabrics), modern tool designs (battery-powered tools, contemporary power tools), LED lighting, plastic materials (containers, sheeting, barriers), contemporary color schemes (high-visibility orange/yellow), modern fasteners (contemporary bolts, current zip ties), current generation equipment (modern diesel designs, contemporary hydraulics).

Warm muted color grading: Desaturate to 65% of full color, strong warm temperature (+350K amber shift), reduced contrast 20% with soft highlights creating heat glow, deep shadows with preserved detail. Primary color bias: Deep orange-red (canyon rock faces), rust and ochre (desert soil and dust), dusty yellow (intense sunlight), faded denim blue (workers' clothing and river), weathered brown (wood scaffolding and leather). Avoid: Cool blues except in sky and water, vivid greens, pure whites, deep blacks. Film grain: 35mm equivalent with visible structure, slight sepia undertone matching Depression-era Kodachrome.

Wide shot of massive spillway tunnels being constructed on both sides of dam. Huge circular tunnel mouths (50 feet diameter) carved into canyon walls. Workers and equipment tiny against opening. Tunnel boring and concrete lining ongoing. Scale of emergency overflow system emphasized."
24,B-ROLL,Spillway Construction - Inside Tunnel,"Ultra-realistic cinematic documentary style. 4K resolution, professional color grading. Muted vintage color palette with soft desaturation, subtle film grain, realistic natural lighting. Historically accurate 1930s environment, Depression-era vehicles, tools, and construction materials. Natural camera movement with professional cinematography: smooth dollies, crane shots, tracking movements, aerial perspectives. Realistic physics, authentic material behavior, grounded sense of massive scale and weight. Consistent period-appropriate color grading throughout all scenes.

Set in Black Canyon, Nevada-Arizona border, 1931-1936 Depression era. Clear desert atmosphere with extreme heat and intense sunlight, early diesel equipment, classic 1930s truck-era vehicles. Workers wear: cloth caps or fedoras, rolled sleeve cotton shirts (often sweat-stained), canvas trousers, leather suspenders, heavy leather boots, bandanas for dust, minimal safety equipment (leather gloves, occasional cloth caps). Advanced tool era for 1930s: pneumatic drills, steam shovels, diesel-powered trucks, cable systems, drilling equipment, concrete mixing equipment, basic electric lighting systems. No modern plastics, no contemporary safety equipment, no current construction techniques, no synthetic materials.

Desert arid environment: extreme solar exposure creating harsh shadows and bright highlights, heat shimmer distortion visible at midday, occasional dust devils swirling across canyon, minimal cloud cover with intense blue sky, clear starlit nights, extreme temperature swings (120°F+ days, cool nights), dust particles suspended in air catching light, strong winds through canyon creating dust clouds, minimal desert vegetation, bleached earth tones (deep orange-red canyon rock, rust-colored canyon walls, tan dirt, pale yellows). Colorado River roaring through canyon bottom. Equipment visibly heating in direct sun, metal surfaces too hot to touch, workers seeking shade during peak heat.

Absolute historical prohibition - exclude ALL anachronisms: Modern safety equipment (reflective vests, fall arrest systems, safety lanyards, modern hard hats with chin straps, safety glasses), digital devices, contemporary vehicles, current-era signage, modern construction techniques (current welding styles, contemporary concrete forms), anachronistic materials (modern plastics, contemporary composites, synthetic fabrics), modern tool designs (battery-powered tools, contemporary power tools), LED lighting, plastic materials (containers, sheeting, barriers), contemporary color schemes (high-visibility orange/yellow), modern fasteners (contemporary bolts, current zip ties), current generation equipment (modern diesel designs, contemporary hydraulics).

Warm muted color grading: Desaturate to 65% of full color, strong warm temperature (+350K amber shift), reduced contrast 20% with soft highlights creating heat glow, deep shadows with preserved detail. Primary color bias: Deep orange-red (canyon rock faces), rust and ochre (desert soil and dust), dusty yellow (intense sunlight), faded denim blue (workers' clothing and river), weathered brown (wood scaffolding and leather). Avoid: Cool blues except in sky and water, vivid greens, pure whites, deep blacks. Film grain: 35mm equivalent with visible structure, slight sepia undertone matching Depression-era Kodachrome.

Close-up inside spillway tunnel showing smooth concrete lining, curved walls, lights strung along length disappearing into darkness, workers moving through checking surfaces."
25,A-ROLL,Powerhouse Excavation - Turbine Hall Pit,"Ultra-realistic cinematic documentary style. 4K resolution, professional color grading. Muted vintage color palette with soft desaturation, subtle film grain, realistic natural lighting. Historically accurate 1930s environment, Depression-era vehicles, tools, and construction materials. Natural camera movement with professional cinematography: smooth dollies, crane shots, tracking movements, aerial perspectives. Realistic physics, authentic material behavior, grounded sense of massive scale and weight. Consistent period-appropriate color grading throughout all scenes.

Set in Black Canyon, Nevada-Arizona border, 1931-1936 Depression era. Clear desert atmosphere with extreme heat and intense sunlight, early diesel equipment, classic 1930s truck-era vehicles. Workers wear: cloth caps or fedoras, rolled sleeve cotton shirts (often sweat-stained), canvas trousers, leather suspenders, heavy leather boots, bandanas for dust, minimal safety equipment (leather gloves, occasional cloth caps). Advanced tool era for 1930s: pneumatic drills, steam shovels, diesel-powered trucks, cable systems, drilling equipment, concrete mixing equipment, basic electric lighting systems. No modern plastics, no contemporary safety equipment, no current construction techniques, no synthetic materials.

Desert arid environment: extreme solar exposure creating harsh shadows and bright highlights, heat shimmer distortion visible at midday, occasional dust devils swirling across canyon, minimal cloud cover with intense blue sky, clear starlit nights, extreme temperature swings (120°F+ days, cool nights), dust particles suspended in air catching light, strong winds through canyon creating dust clouds, minimal desert vegetation, bleached earth tones (deep orange-red canyon rock, rust-colored canyon walls, tan dirt, pale yellows). Colorado River roaring through canyon bottom. Equipment visibly heating in direct sun, metal surfaces too hot to touch, workers seeking shade during peak heat.

Absolute historical prohibition - exclude ALL anachronisms: Modern safety equipment (reflective vests, fall arrest systems, safety lanyards, modern hard hats with chin straps, safety glasses), digital devices, contemporary vehicles, current-era signage, modern construction techniques (current welding styles, contemporary concrete forms), anachronistic materials (modern plastics, contemporary composites, synthetic fabrics), modern tool designs (battery-powered tools, contemporary power tools), LED lighting, plastic materials (containers, sheeting, barriers), contemporary color schemes (high-visibility orange/yellow), modern fasteners (contemporary bolts, current zip ties), current generation equipment (modern diesel designs, contemporary hydraulics).

Warm muted color grading: Desaturate to 65% of full color, strong warm temperature (+350K amber shift), reduced contrast 20% with soft highlights creating heat glow, deep shadows with preserved detail. Primary color bias: Deep orange-red (canyon rock faces), rust and ochre (desert soil and dust), dusty yellow (intense sunlight), faded denim blue (workers' clothing and river), weathered brown (wood scaffolding and leather). Avoid: Cool blues except in sky and water, vivid greens, pure whites, deep blacks. Film grain: 35mm equivalent with visible structure, slight sepia undertone matching Depression-era Kodachrome.

Low-angle shot of massive powerhouse excavation at base of dam, downstream side. Enormous rectangular pit being carved out of canyon floor for turbine hall. Multiple levels of excavation, steam shovels working at depth, trucks hauling debris up ramps. Foundation for Art Deco powerhouse building beginning."
25,B-ROLL,Powerhouse Excavation - Bedrock,"Ultra-realistic cinematic documentary style. 4K resolution, professional color grading. Muted vintage color palette with soft desaturation, subtle film grain, realistic natural lighting. Historically accurate 1930s environment, Depression-era vehicles, tools, and construction materials. Natural camera movement with professional cinematography: smooth dollies, crane shots, tracking movements, aerial perspectives. Realistic physics, authentic material behavior, grounded sense of massive scale and weight. Consistent period-appropriate color grading throughout all scenes.

Set in Black Canyon, Nevada-Arizona border, 1931-1936 Depression era. Clear desert atmosphere with extreme heat and intense sunlight, early diesel equipment, classic 1930s truck-era vehicles. Workers wear: cloth caps or fedoras, rolled sleeve cotton shirts (often sweat-stained), canvas trousers, leather suspenders, heavy leather boots, bandanas for dust, minimal safety equipment (leather gloves, occasional cloth caps). Advanced tool era for 1930s: pneumatic drills, steam shovels, diesel-powered trucks, cable systems, drilling equipment, concrete mixing equipment, basic electric lighting systems. No modern plastics, no contemporary safety equipment, no current construction techniques, no synthetic materials.

Desert arid environment: extreme solar exposure creating harsh shadows and bright highlights, heat shimmer distortion visible at midday, occasional dust devils swirling across canyon, minimal cloud cover with intense blue sky, clear starlit nights, extreme temperature swings (120°F+ days, cool nights), dust particles suspended in air catching light, strong winds through canyon creating dust clouds, minimal desert vegetation, bleached earth tones (deep orange-red canyon rock, rust-colored canyon walls, tan dirt, pale yellows). Colorado River roaring through canyon bottom. Equipment visibly heating in direct sun, metal surfaces too hot to touch, workers seeking shade during peak heat.

Absolute historical prohibition - exclude ALL anachronisms: Modern safety equipment (reflective vests, fall arrest systems, safety lanyards, modern hard hats with chin straps, safety glasses), digital devices, contemporary vehicles, current-era signage, modern construction techniques (current welding styles, contemporary concrete forms), anachronistic materials (modern plastics, contemporary composites, synthetic fabrics), modern tool designs (battery-powered tools, contemporary power tools), LED lighting, plastic materials (containers, sheeting, barriers), contemporary color schemes (high-visibility orange/yellow), modern fasteners (contemporary bolts, current zip ties), current generation equipment (modern diesel designs, contemporary hydraulics).

Warm muted color grading: Desaturate to 65% of full color, strong warm temperature (+350K amber shift), reduced contrast 20% with soft highlights creating heat glow, deep shadows with preserved detail. Primary color bias: Deep orange-red (canyon rock faces), rust and ochre (desert soil and dust), dusty yellow (intense sunlight), faded denim blue (workers' clothing and river), weathered brown (wood scaffolding and leather). Avoid: Cool blues except in sky and water, vivid greens, pure whites, deep blacks. Film grain: 35mm equivalent with visible structure, slight sepia undertone matching Depression-era Kodachrome.

Close-up of bedrock being exposed in powerhouse excavation, geological formations, solid rock that will anchor massive turbines, drill marks visible."
26,A-ROLL,Penstock Pipes Installed - Massive Pipes,"Ultra-realistic cinematic documentary style. 4K resolution, professional color grading. Muted vintage color palette with soft desaturation, subtle film grain, realistic natural lighting. Historically accurate 1930s environment, Depression-era vehicles, tools, and construction materials. Natural camera movement with professional cinematography: smooth dollies, crane shots, tracking movements, aerial perspectives. Realistic physics, authentic material behavior, grounded sense of massive scale and weight. Consistent period-appropriate color grading throughout all scenes.

Set in Black Canyon, Nevada-Arizona border, 1931-1936 Depression era. Clear desert atmosphere with extreme heat and intense sunlight, early diesel equipment, classic 1930s truck-era vehicles. Workers wear: cloth caps or fedoras, rolled sleeve cotton shirts (often sweat-stained), canvas trousers, leather suspenders, heavy leather boots, bandanas for dust, minimal safety equipment (leather gloves, occasional cloth caps). Advanced tool era for 1930s: pneumatic drills, steam shovels, diesel-powered trucks, cable systems, drilling equipment, concrete mixing equipment, basic electric lighting systems. No modern plastics, no contemporary safety equipment, no current construction techniques, no synthetic materials.

Desert arid environment: extreme solar exposure creating harsh shadows and bright highlights, heat shimmer distortion visible at midday, occasional dust devils swirling across canyon, minimal cloud cover with intense blue sky, clear starlit nights, extreme temperature swings (120°F+ days, cool nights), dust particles suspended in air catching light, strong winds through canyon creating dust clouds, minimal desert vegetation, bleached earth tones (deep orange-red canyon rock, rust-colored canyon walls, tan dirt, pale yellows). Colorado River roaring through canyon bottom. Equipment visibly heating in direct sun, metal surfaces too hot to touch, workers seeking shade during peak heat.

Absolute historical prohibition - exclude ALL anachronisms: Modern safety equipment (reflective vests, fall arrest systems, safety lanyards, modern hard hats with chin straps, safety glasses), digital devices, contemporary vehicles, current-era signage, modern construction techniques (current welding styles, contemporary concrete forms), anachronistic materials (modern plastics, contemporary composites, synthetic fabrics), modern tool designs (battery-powered tools, contemporary power tools), LED lighting, plastic materials (containers, sheeting, barriers), contemporary color schemes (high-visibility orange/yellow), modern fasteners (contemporary bolts, current zip ties), current generation equipment (modern diesel designs, contemporary hydraulics).

Warm muted color grading: Desaturate to 65% of full color, strong warm temperature (+350K amber shift), reduced contrast 20% with soft highlights creating heat glow, deep shadows with preserved detail. Primary color bias: Deep orange-red (canyon rock faces), rust and ochre (desert soil and dust), dusty yellow (intense sunlight), faded denim blue (workers' clothing and river), weathered brown (wood scaffolding and leather). Avoid: Cool blues except in sky and water, vivid greens, pure whites, deep blacks. Film grain: 35mm equivalent with visible structure, slight sepia undertone matching Depression-era Kodachrome.

Medium crane shot of enormous penstock pipes (30 feet diameter) being lowered into position in dam face. Massive steel tubes that will carry water from intake towers to turbines. Workers guiding pipes with ropes, pipes being set into concrete. Industrial scale emphasized against human figures."
26,B-ROLL,Penstock Pipes Installed - Inside Pipe,"Ultra-realistic cinematic documentary style. 4K resolution, professional color grading. Muted vintage color palette with soft desaturation, subtle film grain, realistic natural lighting. Historically accurate 1930s environment, Depression-era vehicles, tools, and construction materials. Natural camera movement with professional cinematography: smooth dollies, crane shots, tracking movements, aerial perspectives. Realistic physics, authentic material behavior, grounded sense of massive scale and weight. Consistent period-appropriate color grading throughout all scenes.

Set in Black Canyon, Nevada-Arizona border, 1931-1936 Depression era. Clear desert atmosphere with extreme heat and intense sunlight, early diesel equipment, classic 1930s truck-era vehicles. Workers wear: cloth caps or fedoras, rolled sleeve cotton shirts (often sweat-stained), canvas trousers, leather suspenders, heavy leather boots, bandanas for dust, minimal safety equipment (leather gloves, occasional cloth caps). Advanced tool era for 1930s: pneumatic drills, steam shovels, diesel-powered trucks, cable systems, drilling equipment, concrete mixing equipment, basic electric lighting systems. No modern plastics, no contemporary safety equipment, no current construction techniques, no synthetic materials.

Desert arid environment: extreme solar exposure creating harsh shadows and bright highlights, heat shimmer distortion visible at midday, occasional dust devils swirling across canyon, minimal cloud cover with intense blue sky, clear starlit nights, extreme temperature swings (120°F+ days, cool nights), dust particles suspended in air catching light, strong winds through canyon creating dust clouds, minimal desert vegetation, bleached earth tones (deep orange-red canyon rock, rust-colored canyon walls, tan dirt, pale yellows). Colorado River roaring through canyon bottom. Equipment visibly heating in direct sun, metal surfaces too hot to touch, workers seeking shade during peak heat.

Absolute historical prohibition - exclude ALL anachronisms: Modern safety equipment (reflective vests, fall arrest systems, safety lanyards, modern hard hats with chin straps, safety glasses), digital devices, contemporary vehicles, current-era signage, modern construction techniques (current welding styles, contemporary concrete forms), anachronistic materials (modern plastics, contemporary composites, synthetic fabrics), modern tool designs (battery-powered tools, contemporary power tools), LED lighting, plastic materials (containers, sheeting, barriers), contemporary color schemes (high-visibility orange/yellow), modern fasteners (contemporary bolts, current zip ties), current generation equipment (modern diesel designs, contemporary hydraulics).

Warm muted color grading: Desaturate to 65% of full color, strong warm temperature (+350K amber shift), reduced contrast 20% with soft highlights creating heat glow, deep shadows with preserved detail. Primary color bias: Deep orange-red (canyon rock faces), rust and ochre (desert soil and dust), dusty yellow (intense sunlight), faded denim blue (workers' clothing and river), weathered brown (wood scaffolding and leather). Avoid: Cool blues except in sky and water, vivid greens, pure whites, deep blacks. Film grain: 35mm equivalent with visible structure, slight sepia undertone matching Depression-era Kodachrome.

Extreme close-up inside penstock pipe looking down length, workers visible as shadows moving, rivets and welded seams, steel thickness visible at cut edge."
27,A-ROLL,Powerhouse Building Rises - Art Deco Building,"Ultra-realistic cinematic documentary style. 4K resolution, professional color grading. Muted vintage color palette with soft desaturation, subtle film grain, realistic natural lighting. Historically accurate 1930s environment, Depression-era vehicles, tools, and construction materials. Natural camera movement with professional cinematography: smooth dollies, crane shots, tracking movements, aerial perspectives. Realistic physics, authentic material behavior, grounded sense of massive scale and weight. Consistent period-appropriate color grading throughout all scenes.

Set in Black Canyon, Nevada-Arizona border, 1931-1936 Depression era. Clear desert atmosphere with extreme heat and intense sunlight, early diesel equipment, classic 1930s truck-era vehicles. Workers wear: cloth caps or fedoras, rolled sleeve cotton shirts (often sweat-stained), canvas trousers, leather suspenders, heavy leather boots, bandanas for dust, minimal safety equipment (leather gloves, occasional cloth caps). Advanced tool era for 1930s: pneumatic drills, steam shovels, diesel-powered trucks, cable systems, drilling equipment, concrete mixing equipment, basic electric lighting systems. No modern plastics, no contemporary safety equipment, no current construction techniques, no synthetic materials.

Desert arid environment: extreme solar exposure creating harsh shadows and bright highlights, heat shimmer distortion visible at midday, occasional dust devils swirling across canyon, minimal cloud cover with intense blue sky, clear starlit nights, extreme temperature swings (120°F+ days, cool nights), dust particles suspended in air catching light, strong winds through canyon creating dust clouds, minimal desert vegetation, bleached earth tones (deep orange-red canyon rock, rust-colored canyon walls, tan dirt, pale yellows). Colorado River roaring through canyon bottom. Equipment visibly heating in direct sun, metal surfaces too hot to touch, workers seeking shade during peak heat.

Absolute historical prohibition - exclude ALL anachronisms: Modern safety equipment (reflective vests, fall arrest systems, safety lanyards, modern hard hats with chin straps, safety glasses), digital devices, contemporary vehicles, current-era signage, modern construction techniques (current welding styles, contemporary concrete forms), anachronistic materials (modern plastics, contemporary composites, synthetic fabrics), modern tool designs (battery-powered tools, contemporary power tools), LED lighting, plastic materials (containers, sheeting, barriers), contemporary color schemes (high-visibility orange/yellow), modern fasteners (contemporary bolts, current zip ties), current generation equipment (modern diesel designs, contemporary hydraulics).

Warm muted color grading: Desaturate to 65% of full color, strong warm temperature (+350K amber shift), reduced contrast 20% with soft highlights creating heat glow, deep shadows with preserved detail. Primary color bias: Deep orange-red (canyon rock faces), rust and ochre (desert soil and dust), dusty yellow (intense sunlight), faded denim blue (workers' clothing and river), weathered brown (wood scaffolding and leather). Avoid: Cool blues except in sky and water, vivid greens, pure whites, deep blacks. Film grain: 35mm equivalent with visible structure, slight sepia undertone matching Depression-era Kodachrome.

Wide shot of Art Deco powerhouse building emerging at dam base. Stepped design mirroring intake towers, decorative elements, tall windows for turbine hall. Steel framework being enclosed with concrete and stone. Architecture designed to match dam's grandeur. Industrial cathedral aesthetic."
27,B-ROLL,Powerhouse Building Rises - Decorative Detail,"Ultra-realistic cinematic documentary style. 4K resolution, professional color grading. Muted vintage color palette with soft desaturation, subtle film grain, realistic natural lighting. Historically accurate 1930s environment, Depression-era vehicles, tools, and construction materials. Natural camera movement with professional cinematography: smooth dollies, crane shots, tracking movements, aerial perspectives. Realistic physics, authentic material behavior, grounded sense of massive scale and weight. Consistent period-appropriate color grading throughout all scenes.

Set in Black Canyon, Nevada-Arizona border, 1931-1936 Depression era. Clear desert atmosphere with extreme heat and intense sunlight, early diesel equipment, classic 1930s truck-era vehicles. Workers wear: cloth caps or fedoras, rolled sleeve cotton shirts (often sweat-stained), canvas trousers, leather suspenders, heavy leather boots, bandanas for dust, minimal safety equipment (leather gloves, occasional cloth caps). Advanced tool era for 1930s: pneumatic drills, steam shovels, diesel-powered trucks, cable systems, drilling equipment, concrete mixing equipment, basic electric lighting systems. No modern plastics, no contemporary safety equipment, no current construction techniques, no synthetic materials.

Desert arid environment: extreme solar exposure creating harsh shadows and bright highlights, heat shimmer distortion visible at midday, occasional dust devils swirling across canyon, minimal cloud cover with intense blue sky, clear starlit nights, extreme temperature swings (120°F+ days, cool nights), dust particles suspended in air catching light, strong winds through canyon creating dust clouds, minimal desert vegetation, bleached earth tones (deep orange-red canyon rock, rust-colored canyon walls, tan dirt, pale yellows). Colorado River roaring through canyon bottom. Equipment visibly heating in direct sun, metal surfaces too hot to touch, workers seeking shade during peak heat.

Absolute historical prohibition - exclude ALL anachronisms: Modern safety equipment (reflective vests, fall arrest systems, safety lanyards, modern hard hats with chin straps, safety glasses), digital devices, contemporary vehicles, current-era signage, modern construction techniques (current welding styles, contemporary concrete forms), anachronistic materials (modern plastics, contemporary composites, synthetic fabrics), modern tool designs (battery-powered tools, contemporary power tools), LED lighting, plastic materials (containers, sheeting, barriers), contemporary color schemes (high-visibility orange/yellow), modern fasteners (contemporary bolts, current zip ties), current generation equipment (modern diesel designs, contemporary hydraulics).

Warm muted color grading: Desaturate to 65% of full color, strong warm temperature (+350K amber shift), reduced contrast 20% with soft highlights creating heat glow, deep shadows with preserved detail. Primary color bias: Deep orange-red (canyon rock faces), rust and ochre (desert soil and dust), dusty yellow (intense sunlight), faded denim blue (workers' clothing and river), weathered brown (wood scaffolding and leather). Avoid: Cool blues except in sky and water, vivid greens, pure whites, deep blacks. Film grain: 35mm equivalent with visible structure, slight sepia undertone matching Depression-era Kodachrome.

Close-up of Art Deco detail on powerhouse exterior, geometric patterns, stylized lightning bolt designs (electricity symbolism), eagle motifs, Depression-era ornamentation."
28,A-ROLL,First Turbine Delivered - Turbine Arrival,"Ultra-realistic cinematic documentary style. 4K resolution, professional color grading. Muted vintage color palette with soft desaturation, subtle film grain, realistic natural lighting. Historically accurate 1930s environment, Depression-era vehicles, tools, and construction materials. Natural camera movement with professional cinematography: smooth dollies, crane shots, tracking movements, aerial perspectives. Realistic physics, authentic material behavior, grounded sense of massive scale and weight. Consistent period-appropriate color grading throughout all scenes.

Set in Black Canyon, Nevada-Arizona border, 1931-1936 Depression era. Clear desert atmosphere with extreme heat and intense sunlight, early diesel equipment, classic 1930s truck-era vehicles. Workers wear: cloth caps or fedoras, rolled sleeve cotton shirts (often sweat-stained), canvas trousers, leather suspenders, heavy leather boots, bandanas for dust, minimal safety equipment (leather gloves, occasional cloth caps). Advanced tool era for 1930s: pneumatic drills, steam shovels, diesel-powered trucks, cable systems, drilling equipment, concrete mixing equipment, basic electric lighting systems. No modern plastics, no contemporary safety equipment, no current construction techniques, no synthetic materials.

Desert arid environment: extreme solar exposure creating harsh shadows and bright highlights, heat shimmer distortion visible at midday, occasional dust devils swirling across canyon, minimal cloud cover with intense blue sky, clear starlit nights, extreme temperature swings (120°F+ days, cool nights), dust particles suspended in air catching light, strong winds through canyon creating dust clouds, minimal desert vegetation, bleached earth tones (deep orange-red canyon rock, rust-colored canyon walls, tan dirt, pale yellows). Colorado River roaring through canyon bottom. Equipment visibly heating in direct sun, metal surfaces too hot to touch, workers seeking shade during peak heat.

Absolute historical prohibition - exclude ALL anachronisms: Modern safety equipment (reflective vests, fall arrest systems, safety lanyards, modern hard hats with chin straps, safety glasses), digital devices, contemporary vehicles, current-era signage, modern construction techniques (current welding styles, contemporary concrete forms), anachronistic materials (modern plastics, contemporary composites, synthetic fabrics), modern tool designs (battery-powered tools, contemporary power tools), LED lighting, plastic materials (containers, sheeting, barriers), contemporary color schemes (high-visibility orange/yellow), modern fasteners (contemporary bolts, current zip ties), current generation equipment (modern diesel designs, contemporary hydraulics).

Warm muted color grading: Desaturate to 65% of full color, strong warm temperature (+350K amber shift), reduced contrast 20% with soft highlights creating heat glow, deep shadows with preserved detail. Primary color bias: Deep orange-red (canyon rock faces), rust and ochre (desert soil and dust), dusty yellow (intense sunlight), faded denim blue (workers' clothing and river), weathered brown (wood scaffolding and leather). Avoid: Cool blues except in sky and water, vivid greens, pure whites, deep blacks. Film grain: 35mm equivalent with visible structure, slight sepia undertone matching Depression-era Kodachrome.

Dramatic shot of massive turbine assembly arriving on railroad flatcar. Enormous generator casing (visible through protective covering), workers preparing to unload. Specialized heavy equipment positioning to lift turbine into powerhouse. Size emphasized - turbine as large as house, precision engineering evident."
28,B-ROLL,First Turbine Delivered - Manufacturer Plate,"Ultra-realistic cinematic documentary style. 4K resolution, professional color grading. Muted vintage color palette with soft desaturation, subtle film grain, realistic natural lighting. Historically accurate 1930s environment, Depression-era vehicles, tools, and construction materials. Natural camera movement with professional cinematography: smooth dollies, crane shots, tracking movements, aerial perspectives. Realistic physics, authentic material behavior, grounded sense of massive scale and weight. Consistent period-appropriate color grading throughout all scenes.

Set in Black Canyon, Nevada-Arizona border, 1931-1936 Depression era. Clear desert atmosphere with extreme heat and intense sunlight, early diesel equipment, classic 1930s truck-era vehicles. Workers wear: cloth caps or fedoras, rolled sleeve cotton shirts (often sweat-stained), canvas trousers, leather suspenders, heavy leather boots, bandanas for dust, minimal safety equipment (leather gloves, occasional cloth caps). Advanced tool era for 1930s: pneumatic drills, steam shovels, diesel-powered trucks, cable systems, drilling equipment, concrete mixing equipment, basic electric lighting systems. No modern plastics, no contemporary safety equipment, no current construction techniques, no synthetic materials.

Desert arid environment: extreme solar exposure creating harsh shadows and bright highlights, heat shimmer distortion visible at midday, occasional dust devils swirling across canyon, minimal cloud cover with intense blue sky, clear starlit nights, extreme temperature swings (120°F+ days, cool nights), dust particles suspended in air catching light, strong winds through canyon creating dust clouds, minimal desert vegetation, bleached earth tones (deep orange-red canyon rock, rust-colored canyon walls, tan dirt, pale yellows). Colorado River roaring through canyon bottom. Equipment visibly heating in direct sun, metal surfaces too hot to touch, workers seeking shade during peak heat.

Absolute historical prohibition - exclude ALL anachronisms: Modern safety equipment (reflective vests, fall arrest systems, safety lanyards, modern hard hats with chin straps, safety glasses), digital devices, contemporary vehicles, current-era signage, modern construction techniques (current welding styles, contemporary concrete forms), anachronistic materials (modern plastics, contemporary composites, synthetic fabrics), modern tool designs (battery-powered tools, contemporary power tools), LED lighting, plastic materials (containers, sheeting, barriers), contemporary color schemes (high-visibility orange/yellow), modern fasteners (contemporary bolts, current zip ties), current generation equipment (modern diesel designs, contemporary hydraulics).

Warm muted color grading: Desaturate to 65% of full color, strong warm temperature (+350K amber shift), reduced contrast 20% with soft highlights creating heat glow, deep shadows with preserved detail. Primary color bias: Deep orange-red (canyon rock faces), rust and ochre (desert soil and dust), dusty yellow (intense sunlight), faded denim blue (workers' clothing and river), weathered brown (wood scaffolding and leather). Avoid: Cool blues except in sky and water, vivid greens, pure whites, deep blacks. Film grain: 35mm equivalent with visible structure, slight sepia undertone matching Depression-era Kodachrome.

Close-up of turbine manufacturer's plate: maker's mark, specifications, massive scale of precision engineering, polished metal surface, reflection of workers."
29,A-ROLL,Diversion Tunnels Sealed - Tunnel Plugs,"Ultra-realistic cinematic documentary style. 4K resolution, professional color grading. Muted vintage color palette with soft desaturation, subtle film grain, realistic natural lighting. Historically accurate 1930s environment, Depression-era vehicles, tools, and construction materials. Natural camera movement with professional cinematography: smooth dollies, crane shots, tracking movements, aerial perspectives. Realistic physics, authentic material behavior, grounded sense of massive scale and weight. Consistent period-appropriate color grading throughout all scenes.

Set in Black Canyon, Nevada-Arizona border, 1931-1936 Depression era. Clear desert atmosphere with extreme heat and intense sunlight, early diesel equipment, classic 1930s truck-era vehicles. Workers wear: cloth caps or fedoras, rolled sleeve cotton shirts (often sweat-stained), canvas trousers, leather suspenders, heavy leather boots, bandanas for dust, minimal safety equipment (leather gloves, occasional cloth caps). Advanced tool era for 1930s: pneumatic drills, steam shovels, diesel-powered trucks, cable systems, drilling equipment, concrete mixing equipment, basic electric lighting systems. No modern plastics, no contemporary safety equipment, no current construction techniques, no synthetic materials.

Desert arid environment: extreme solar exposure creating harsh shadows and bright highlights, heat shimmer distortion visible at midday, occasional dust devils swirling across canyon, minimal cloud cover with intense blue sky, clear starlit nights, extreme temperature swings (120°F+ days, cool nights), dust particles suspended in air catching light, strong winds through canyon creating dust clouds, minimal desert vegetation, bleached earth tones (deep orange-red canyon rock, rust-colored canyon walls, tan dirt, pale yellows). Colorado River roaring through canyon bottom. Equipment visibly heating in direct sun, metal surfaces too hot to touch, workers seeking shade during peak heat.

Absolute historical prohibition - exclude ALL anachronisms: Modern safety equipment (reflective vests, fall arrest systems, safety lanyards, modern hard hats with chin straps, safety glasses), digital devices, contemporary vehicles, current-era signage, modern construction techniques (current welding styles, contemporary concrete forms), anachronistic materials (modern plastics, contemporary composites, synthetic fabrics), modern tool designs (battery-powered tools, contemporary power tools), LED lighting, plastic materials (containers, sheeting, barriers), contemporary color schemes (high-visibility orange/yellow), modern fasteners (contemporary bolts, current zip ties), current generation equipment (modern diesel designs, contemporary hydraulics).

Warm muted color grading: Desaturate to 65% of full color, strong warm temperature (+350K amber shift), reduced contrast 20% with soft highlights creating heat glow, deep shadows with preserved detail. Primary color bias: Deep orange-red (canyon rock faces), rust and ochre (desert soil and dust), dusty yellow (intense sunlight), faded denim blue (workers' clothing and river), weathered brown (wood scaffolding and leather). Avoid: Cool blues except in sky and water, vivid greens, pure whites, deep blacks. Film grain: 35mm equivalent with visible structure, slight sepia undertone matching Depression-era Kodachrome.

Wide shot showing diversion tunnel entrances being prepared for sealing. Enormous concrete plugs being constructed to block tunnels, allowing reservoir to begin filling. Workers dwarfed by tunnel openings (50 feet diameter). Final stage of river control. Water still flowing through tunnels, soon to be stopped."
29,B-ROLL,Diversion Tunnels Sealed - Water Rush,"Ultra-realistic cinematic documentary style. 4K resolution, professional color grading. Muted vintage color palette with soft desaturation, subtle film grain, realistic natural lighting. Historically accurate 1930s environment, Depression-era vehicles, tools, and construction materials. Natural camera movement with professional cinematography: smooth dollies, crane shots, tracking movements, aerial perspectives. Realistic physics, authentic material behavior, grounded sense of massive scale and weight. Consistent period-appropriate color grading throughout all scenes.

Set in Black Canyon, Nevada-Arizona border, 1931-1936 Depression era. Clear desert atmosphere with extreme heat and intense sunlight, early diesel equipment, classic 1930s truck-era vehicles. Workers wear: cloth caps or fedoras, rolled sleeve cotton shirts (often sweat-stained), canvas trousers, leather suspenders, heavy leather boots, bandanas for dust, minimal safety equipment (leather gloves, occasional cloth caps). Advanced tool era for 1930s: pneumatic drills, steam shovels, diesel-powered trucks, cable systems, drilling equipment, concrete mixing equipment, basic electric lighting systems. No modern plastics, no contemporary safety equipment, no current construction techniques, no synthetic materials.

Desert arid environment: extreme solar exposure creating harsh shadows and bright highlights, heat shimmer distortion visible at midday, occasional dust devils swirling across canyon, minimal cloud cover with intense blue sky, clear starlit nights, extreme temperature swings (120°F+ days, cool nights), dust particles suspended in air catching light, strong winds through canyon creating dust clouds, minimal desert vegetation, bleached earth tones (deep orange-red canyon rock, rust-colored canyon walls, tan dirt, pale yellows). Colorado River roaring through canyon bottom. Equipment visibly heating in direct sun, metal surfaces too hot to touch, workers seeking shade during peak heat.

Absolute historical prohibition - exclude ALL anachronisms: Modern safety equipment (reflective vests, fall arrest systems, safety lanyards, modern hard hats with chin straps, safety glasses), digital devices, contemporary vehicles, current-era signage, modern construction techniques (current welding styles, contemporary concrete forms), anachronistic materials (modern plastics, contemporary composites, synthetic fabrics), modern tool designs (battery-powered tools, contemporary power tools), LED lighting, plastic materials (containers, sheeting, barriers), contemporary color schemes (high-visibility orange/yellow), modern fasteners (contemporary bolts, current zip ties), current generation equipment (modern diesel designs, contemporary hydraulics).

Warm muted color grading: Desaturate to 65% of full color, strong warm temperature (+350K amber shift), reduced contrast 20% with soft highlights creating heat glow, deep shadows with preserved detail. Primary color bias: Deep orange-red (canyon rock faces), rust and ochre (desert soil and dust), dusty yellow (intense sunlight), faded denim blue (workers' clothing and river), weathered brown (wood scaffolding and leather). Avoid: Cool blues except in sky and water, vivid greens, pure whites, deep blacks. Film grain: 35mm equivalent with visible structure, slight sepia undertone matching Depression-era Kodachrome.

Close-up of water rushing through tunnel entrance, enormous force visible in surface turbulence, foam and spray, hypnotic power of water about to be controlled."
30,A-ROLL,Tunnels Sealed - Reservoir Begins - Water Rising,"Ultra-realistic cinematic documentary style. 4K resolution, professional color grading. Muted vintage color palette with soft desaturation, subtle film grain, realistic natural lighting. Historically accurate 1930s environment, Depression-era vehicles, tools, and construction materials. Natural camera movement with professional cinematography: smooth dollies, crane shots, tracking movements, aerial perspectives. Realistic physics, authentic material behavior, grounded sense of massive scale and weight. Consistent period-appropriate color grading throughout all scenes.

Set in Black Canyon, Nevada-Arizona border, 1931-1936 Depression era. Clear desert atmosphere with extreme heat and intense sunlight, early diesel equipment, classic 1930s truck-era vehicles. Workers wear: cloth caps or fedoras, rolled sleeve cotton shirts (often sweat-stained), canvas trousers, leather suspenders, heavy leather boots, bandanas for dust, minimal safety equipment (leather gloves, occasional cloth caps). Advanced tool era for 1930s: pneumatic drills, steam shovels, diesel-powered trucks, cable systems, drilling equipment, concrete mixing equipment, basic electric lighting systems. No modern plastics, no contemporary safety equipment, no current construction techniques, no synthetic materials.

Desert arid environment: extreme solar exposure creating harsh shadows and bright highlights, heat shimmer distortion visible at midday, occasional dust devils swirling across canyon, minimal cloud cover with intense blue sky, clear starlit nights, extreme temperature swings (120°F+ days, cool nights), dust particles suspended in air catching light, strong winds through canyon creating dust clouds, minimal desert vegetation, bleached earth tones (deep orange-red canyon rock, rust-colored canyon walls, tan dirt, pale yellows). Colorado River roaring through canyon bottom. Equipment visibly heating in direct sun, metal surfaces too hot to touch, workers seeking shade during peak heat.

Absolute historical prohibition - exclude ALL anachronisms: Modern safety equipment (reflective vests, fall arrest systems, safety lanyards, modern hard hats with chin straps, safety glasses), digital devices, contemporary vehicles, current-era signage, modern construction techniques (current welding styles, contemporary concrete forms), anachronistic materials (modern plastics, contemporary composites, synthetic fabrics), modern tool designs (battery-powered tools, contemporary power tools), LED lighting, plastic materials (containers, sheeting, barriers), contemporary color schemes (high-visibility orange/yellow), modern fasteners (contemporary bolts, current zip ties), current generation equipment (modern diesel designs, contemporary hydraulics).

Warm muted color grading: Desaturate to 65% of full color, strong warm temperature (+350K amber shift), reduced contrast 20% with soft highlights creating heat glow, deep shadows with preserved detail. Primary color bias: Deep orange-red (canyon rock faces), rust and ochre (desert soil and dust), dusty yellow (intense sunlight), faded denim blue (workers' clothing and river), weathered brown (wood scaffolding and leather). Avoid: Cool blues except in sky and water, vivid greens, pure whites, deep blacks. Film grain: 35mm equivalent with visible structure, slight sepia undertone matching Depression-era Kodachrome.

Cinematic time-lapse style shot showing tunnel plugs in place, water stopped, and reservoir beginning to fill. Water level rising visibly against canyon walls, covering construction debris and temporary structures. Intake towers gradually being surrounded by rising water. Historic moment of river being tamed. Golden hour lighting."
30,B-ROLL,Tunnels Sealed - Reservoir Begins - Waterline,"Ultra-realistic cinematic documentary style. 4K resolution, professional color grading. Muted vintage color palette with soft desaturation, subtle film grain, realistic natural lighting. Historically accurate 1930s environment, Depression-era vehicles, tools, and construction materials. Natural camera movement with professional cinematography: smooth dollies, crane shots, tracking movements, aerial perspectives. Realistic physics, authentic material behavior, grounded sense of massive scale and weight. Consistent period-appropriate color grading throughout all scenes.

Set in Black Canyon, Nevada-Arizona border, 1931-1936 Depression era. Clear desert atmosphere with extreme heat and intense sunlight, early diesel equipment, classic 1930s truck-era vehicles. Workers wear: cloth caps or fedoras, rolled sleeve cotton shirts (often sweat-stained), canvas trousers, leather suspenders, heavy leather boots, bandanas for dust, minimal safety equipment (leather gloves, occasional cloth caps). Advanced tool era for 1930s: pneumatic drills, steam shovels, diesel-powered trucks, cable systems, drilling equipment, concrete mixing equipment, basic electric lighting systems. No modern plastics, no contemporary safety equipment, no current construction techniques, no synthetic materials.

Desert arid environment: extreme solar exposure creating harsh shadows and bright highlights, heat shimmer distortion visible at midday, occasional dust devils swirling across canyon, minimal cloud cover with intense blue sky, clear starlit nights, extreme temperature swings (120°F+ days, cool nights), dust particles suspended in air catching light, strong winds through canyon creating dust clouds, minimal desert vegetation, bleached earth tones (deep orange-red canyon rock, rust-colored canyon walls, tan dirt, pale yellows). Colorado River roaring through canyon bottom. Equipment visibly heating in direct sun, metal surfaces too hot to touch, workers seeking shade during peak heat.

Absolute historical prohibition - exclude ALL anachronisms: Modern safety equipment (reflective vests, fall arrest systems, safety lanyards, modern hard hats with chin straps, safety glasses), digital devices, contemporary vehicles, current-era signage, modern construction techniques (current welding styles, contemporary concrete forms), anachronistic materials (modern plastics, contemporary composites, synthetic fabrics), modern tool designs (battery-powered tools, contemporary power tools), LED lighting, plastic materials (containers, sheeting, barriers), contemporary color schemes (high-visibility orange/yellow), modern fasteners (contemporary bolts, current zip ties), current generation equipment (modern diesel designs, contemporary hydraulics).

Warm muted color grading: Desaturate to 65% of full color, strong warm temperature (+350K amber shift), reduced contrast 20% with soft highlights creating heat glow, deep shadows with preserved detail. Primary color bias: Deep orange-red (canyon rock faces), rust and ochre (desert soil and dust), dusty yellow (intense sunlight), faded denim blue (workers' clothing and river), weathered brown (wood scaffolding and leather). Avoid: Cool blues except in sky and water, vivid greens, pure whites, deep blacks. Film grain: 35mm equivalent with visible structure, slight sepia undertone matching Depression-era Kodachrome.

Close-up of water surface rising up intake tower base, waterline visible moving upward, desert floor disappearing under blue water, transformation from dry to wet."
31,A-ROLL,Final Concrete Pours - Top Work,"Ultra-realistic cinematic documentary style. 4K resolution, professional color grading. Muted vintage color palette with soft desaturation, subtle film grain, realistic natural lighting. Historically accurate 1930s environment, Depression-era vehicles, tools, and construction materials. Natural camera movement with professional cinematography: smooth dollies, crane shots, tracking movements, aerial perspectives. Realistic physics, authentic material behavior, grounded sense of massive scale and weight. Consistent period-appropriate color grading throughout all scenes.

Set in Black Canyon, Nevada-Arizona border, 1931-1936 Depression era. Clear desert atmosphere with extreme heat and intense sunlight, early diesel equipment, classic 1930s truck-era vehicles. Workers wear: cloth caps or fedoras, rolled sleeve cotton shirts (often sweat-stained), canvas trousers, leather suspenders, heavy leather boots, bandanas for dust, minimal safety equipment (leather gloves, occasional cloth caps). Advanced tool era for 1930s: pneumatic drills, steam shovels, diesel-powered trucks, cable systems, drilling equipment, concrete mixing equipment, basic electric lighting systems. No modern plastics, no contemporary safety equipment, no current construction techniques, no synthetic materials.

Desert arid environment: extreme solar exposure creating harsh shadows and bright highlights, heat shimmer distortion visible at midday, occasional dust devils swirling across canyon, minimal cloud cover with intense blue sky, clear starlit nights, extreme temperature swings (120°F+ days, cool nights), dust particles suspended in air catching light, strong winds through canyon creating dust clouds, minimal desert vegetation, bleached earth tones (deep orange-red canyon rock, rust-colored canyon walls, tan dirt, pale yellows). Colorado River roaring through canyon bottom. Equipment visibly heating in direct sun, metal surfaces too hot to touch, workers seeking shade during peak heat.

Absolute historical prohibition - exclude ALL anachronisms: Modern safety equipment (reflective vests, fall arrest systems, safety lanyards, modern hard hats with chin straps, safety glasses), digital devices, contemporary vehicles, current-era signage, modern construction techniques (current welding styles, contemporary concrete forms), anachronistic materials (modern plastics, contemporary composites, synthetic fabrics), modern tool designs (battery-powered tools, contemporary power tools), LED lighting, plastic materials (containers, sheeting, barriers), contemporary color schemes (high-visibility orange/yellow), modern fasteners (contemporary bolts, current zip ties), current generation equipment (modern diesel designs, contemporary hydraulics).

Warm muted color grading: Desaturate to 65% of full color, strong warm temperature (+350K amber shift), reduced contrast 20% with soft highlights creating heat glow, deep shadows with preserved detail. Primary color bias: Deep orange-red (canyon rock faces), rust and ochre (desert soil and dust), dusty yellow (intense sunlight), faded denim blue (workers' clothing and river), weathered brown (wood scaffolding and leather). Avoid: Cool blues except in sky and water, vivid greens, pure whites, deep blacks. Film grain: 35mm equivalent with visible structure, slight sepia undertone matching Depression-era Kodachrome.

Medium shot at dam crest showing final concrete placements at top. Workers finishing surfaces, removing forms, creating smooth walkway along top. Forms coming off revealing curved dam face. Years of work nearing completion visible in workers' exhausted but satisfied movements. Reservoir water rising behind."
31,B-ROLL,Final Concrete Pours - Trowel Work,"Ultra-realistic cinematic documentary style. 4K resolution, professional color grading. Muted vintage color palette with soft desaturation, subtle film grain, realistic natural lighting. Historically accurate 1930s environment, Depression-era vehicles, tools, and construction materials. Natural camera movement with professional cinematography: smooth dollies, crane shots, tracking movements, aerial perspectives. Realistic physics, authentic material behavior, grounded sense of massive scale and weight. Consistent period-appropriate color grading throughout all scenes.

Set in Black Canyon, Nevada-Arizona border, 1931-1936 Depression era. Clear desert atmosphere with extreme heat and intense sunlight, early diesel equipment, classic 1930s truck-era vehicles. Workers wear: cloth caps or fedoras, rolled sleeve cotton shirts (often sweat-stained), canvas trousers, leather suspenders, heavy leather boots, bandanas for dust, minimal safety equipment (leather gloves, occasional cloth caps). Advanced tool era for 1930s: pneumatic drills, steam shovels, diesel-powered trucks, cable systems, drilling equipment, concrete mixing equipment, basic electric lighting systems. No modern plastics, no contemporary safety equipment, no current construction techniques, no synthetic materials.

Desert arid environment: extreme solar exposure creating harsh shadows and bright highlights, heat shimmer distortion visible at midday, occasional dust devils swirling across canyon, minimal cloud cover with intense blue sky, clear starlit nights, extreme temperature swings (120°F+ days, cool nights), dust particles suspended in air catching light, strong winds through canyon creating dust clouds, minimal desert vegetation, bleached earth tones (deep orange-red canyon rock, rust-colored canyon walls, tan dirt, pale yellows). Colorado River roaring through canyon bottom. Equipment visibly heating in direct sun, metal surfaces too hot to touch, workers seeking shade during peak heat.

Absolute historical prohibition - exclude ALL anachronisms: Modern safety equipment (reflective vests, fall arrest systems, safety lanyards, modern hard hats with chin straps, safety glasses), digital devices, contemporary vehicles, current-era signage, modern construction techniques (current welding styles, contemporary concrete forms), anachronistic materials (modern plastics, contemporary composites, synthetic fabrics), modern tool designs (battery-powered tools, contemporary power tools), LED lighting, plastic materials (containers, sheeting, barriers), contemporary color schemes (high-visibility orange/yellow), modern fasteners (contemporary bolts, current zip ties), current generation equipment (modern diesel designs, contemporary hydraulics).

Warm muted color grading: Desaturate to 65% of full color, strong warm temperature (+350K amber shift), reduced contrast 20% with soft highlights creating heat glow, deep shadows with preserved detail. Primary color bias: Deep orange-red (canyon rock faces), rust and ochre (desert soil and dust), dusty yellow (intense sunlight), faded denim blue (workers' clothing and river), weathered brown (wood scaffolding and leather). Avoid: Cool blues except in sky and water, vivid greens, pure whites, deep blacks. Film grain: 35mm equivalent with visible structure, slight sepia undertone matching Depression-era Kodachrome.

Close-up of final trowel strokes on concrete surface at dam crest, smooth finish, worker's hand checking surface texture, satisfaction in craftsmanship."
32,A-ROLL,Art Deco Details Completed - Architectural Elements,"Ultra-realistic cinematic documentary style. 4K resolution, professional color grading. Muted vintage color palette with soft desaturation, subtle film grain, realistic natural lighting. Historically accurate 1930s environment, Depression-era vehicles, tools, and construction materials. Natural camera movement with professional cinematography: smooth dollies, crane shots, tracking movements, aerial perspectives. Realistic physics, authentic material behavior, grounded sense of massive scale and weight. Consistent period-appropriate color grading throughout all scenes.

Set in Black Canyon, Nevada-Arizona border, 1931-1936 Depression era. Clear desert atmosphere with extreme heat and intense sunlight, early diesel equipment, classic 1930s truck-era vehicles. Workers wear: cloth caps or fedoras, rolled sleeve cotton shirts (often sweat-stained), canvas trousers, leather suspenders, heavy leather boots, bandanas for dust, minimal safety equipment (leather gloves, occasional cloth caps). Advanced tool era for 1930s: pneumatic drills, steam shovels, diesel-powered trucks, cable systems, drilling equipment, concrete mixing equipment, basic electric lighting systems. No modern plastics, no contemporary safety equipment, no current construction techniques, no synthetic materials.

Desert arid environment: extreme solar exposure creating harsh shadows and bright highlights, heat shimmer distortion visible at midday, occasional dust devils swirling across canyon, minimal cloud cover with intense blue sky, clear starlit nights, extreme temperature swings (120°F+ days, cool nights), dust particles suspended in air catching light, strong winds through canyon creating dust clouds, minimal desert vegetation, bleached earth tones (deep orange-red canyon rock, rust-colored canyon walls, tan dirt, pale yellows). Colorado River roaring through canyon bottom. Equipment visibly heating in direct sun, metal surfaces too hot to touch, workers seeking shade during peak heat.

Absolute historical prohibition - exclude ALL anachronisms: Modern safety equipment (reflective vests, fall arrest systems, safety lanyards, modern hard hats with chin straps, safety glasses), digital devices, contemporary vehicles, current-era signage, modern construction techniques (current welding styles, contemporary concrete forms), anachronistic materials (modern plastics, contemporary composites, synthetic fabrics), modern tool designs (battery-powered tools, contemporary power tools), LED lighting, plastic materials (containers, sheeting, barriers), contemporary color schemes (high-visibility orange/yellow), modern fasteners (contemporary bolts, current zip ties), current generation equipment (modern diesel designs, contemporary hydraulics).

Warm muted color grading: Desaturate to 65% of full color, strong warm temperature (+350K amber shift), reduced contrast 20% with soft highlights creating heat glow, deep shadows with preserved detail. Primary color bias: Deep orange-red (canyon rock faces), rust and ochre (desert soil and dust), dusty yellow (intense sunlight), faded denim blue (workers' clothing and river), weathered brown (wood scaffolding and leather). Avoid: Cool blues except in sky and water, vivid greens, pure whites, deep blacks. Film grain: 35mm equivalent with visible structure, slight sepia undertone matching Depression-era Kodachrome.

Tracking shot along dam crest and intake towers showing completed Art Deco architectural elements. Geometric patterns, stylized eagles, bronze plaques, decorative railings. Depression-era aesthetic of functional grandeur. Workers cleaning and final-touching decorative elements. Desert sun emphasizing relief in designs."
32,B-ROLL,Art Deco Details Completed - Bronze Plaque,"Ultra-realistic cinematic documentary style. 4K resolution, professional color grading. Muted vintage color palette with soft desaturation, subtle film grain, realistic natural lighting. Historically accurate 1930s environment, Depression-era vehicles, tools, and construction materials. Natural camera movement with professional cinematography: smooth dollies, crane shots, tracking movements, aerial perspectives. Realistic physics, authentic material behavior, grounded sense of massive scale and weight. Consistent period-appropriate color grading throughout all scenes.

Set in Black Canyon, Nevada-Arizona border, 1931-1936 Depression era. Clear desert atmosphere with extreme heat and intense sunlight, early diesel equipment, classic 1930s truck-era vehicles. Workers wear: cloth caps or fedoras, rolled sleeve cotton shirts (often sweat-stained), canvas trousers, leather suspenders, heavy leather boots, bandanas for dust, minimal safety equipment (leather gloves, occasional cloth caps). Advanced tool era for 1930s: pneumatic drills, steam shovels, diesel-powered trucks, cable systems, drilling equipment, concrete mixing equipment, basic electric lighting systems. No modern plastics, no contemporary safety equipment, no current construction techniques, no synthetic materials.

Desert arid environment: extreme solar exposure creating harsh shadows and bright highlights, heat shimmer distortion visible at midday, occasional dust devils swirling across canyon, minimal cloud cover with intense blue sky, clear starlit nights, extreme temperature swings (120°F+ days, cool nights), dust particles suspended in air catching light, strong winds through canyon creating dust clouds, minimal desert vegetation, bleached earth tones (deep orange-red canyon rock, rust-colored canyon walls, tan dirt, pale yellows). Colorado River roaring through canyon bottom. Equipment visibly heating in direct sun, metal surfaces too hot to touch, workers seeking shade during peak heat.

Absolute historical prohibition - exclude ALL anachronisms: Modern safety equipment (reflective vests, fall arrest systems, safety lanyards, modern hard hats with chin straps, safety glasses), digital devices, contemporary vehicles, current-era signage, modern construction techniques (current welding styles, contemporary concrete forms), anachronistic materials (modern plastics, contemporary composites, synthetic fabrics), modern tool designs (battery-powered tools, contemporary power tools), LED lighting, plastic materials (containers, sheeting, barriers), contemporary color schemes (high-visibility orange/yellow), modern fasteners (contemporary bolts, current zip ties), current generation equipment (modern diesel designs, contemporary hydraulics).

Warm muted color grading: Desaturate to 65% of full color, strong warm temperature (+350K amber shift), reduced contrast 20% with soft highlights creating heat glow, deep shadows with preserved detail. Primary color bias: Deep orange-red (canyon rock faces), rust and ochre (desert soil and dust), dusty yellow (intense sunlight), faded denim blue (workers' clothing and river), weathered brown (wood scaffolding and leather). Avoid: Cool blues except in sky and water, vivid greens, pure whites, deep blacks. Film grain: 35mm equivalent with visible structure, slight sepia undertone matching Depression-era Kodachrome.

Extreme close-up of bronze plaque being installed: 'Hoover Dam, United States Department of the Interior, Bureau of Reclamation, 1936' - lettering catching low sunlight."
33,A-ROLL,Power Generation Begins - Turbine Spinning,"Ultra-realistic cinematic documentary style. 4K resolution, professional color grading. Muted vintage color palette with soft desaturation, subtle film grain, realistic natural lighting. Historically accurate 1930s environment, Depression-era vehicles, tools, and construction materials. Natural camera movement with professional cinematography: smooth dollies, crane shots, tracking movements, aerial perspectives. Realistic physics, authentic material behavior, grounded sense of massive scale and weight. Consistent period-appropriate color grading throughout all scenes.

Set in Black Canyon, Nevada-Arizona border, 1931-1936 Depression era. Clear desert atmosphere with extreme heat and intense sunlight, early diesel equipment, classic 1930s truck-era vehicles. Workers wear: cloth caps or fedoras, rolled sleeve cotton shirts (often sweat-stained), canvas trousers, leather suspenders, heavy leather boots, bandanas for dust, minimal safety equipment (leather gloves, occasional cloth caps). Advanced tool era for 1930s: pneumatic drills, steam shovels, diesel-powered trucks, cable systems, drilling equipment, concrete mixing equipment, basic electric lighting systems. No modern plastics, no contemporary safety equipment, no current construction techniques, no synthetic materials.

Desert arid environment: extreme solar exposure creating harsh shadows and bright highlights, heat shimmer distortion visible at midday, occasional dust devils swirling across canyon, minimal cloud cover with intense blue sky, clear starlit nights, extreme temperature swings (120°F+ days, cool nights), dust particles suspended in air catching light, strong winds through canyon creating dust clouds, minimal desert vegetation, bleached earth tones (deep orange-red canyon rock, rust-colored canyon walls, tan dirt, pale yellows). Colorado River roaring through canyon bottom. Equipment visibly heating in direct sun, metal surfaces too hot to touch, workers seeking shade during peak heat.

Absolute historical prohibition - exclude ALL anachronisms: Modern safety equipment (reflective vests, fall arrest systems, safety lanyards, modern hard hats with chin straps, safety glasses), digital devices, contemporary vehicles, current-era signage, modern construction techniques (current welding styles, contemporary concrete forms), anachronistic materials (modern plastics, contemporary composites, synthetic fabrics), modern tool designs (battery-powered tools, contemporary power tools), LED lighting, plastic materials (containers, sheeting, barriers), contemporary color schemes (high-visibility orange/yellow), modern fasteners (contemporary bolts, current zip ties), current generation equipment (modern diesel designs, contemporary hydraulics).

Warm muted color grading: Desaturate to 65% of full color, strong warm temperature (+350K amber shift), reduced contrast 20% with soft highlights creating heat glow, deep shadows with preserved detail. Primary color bias: Deep orange-red (canyon rock faces), rust and ochre (desert soil and dust), dusty yellow (intense sunlight), faded denim blue (workers' clothing and river), weathered brown (wood scaffolding and leather). Avoid: Cool blues except in sky and water, vivid greens, pure whites, deep blacks. Film grain: 35mm equivalent with visible structure, slight sepia undertone matching Depression-era Kodachrome.

Interior shot in powerhouse showing first turbine beginning to spin. Massive generator starting to turn as water flows through penstocks. Workers monitoring gauges, tension and anticipation visible. Lights beginning to glow as electricity generates. Historic moment of dam fulfilling its purpose. Art Deco interior visible."
33,B-ROLL,Power Generation Begins - Gauge Reading,"Ultra-realistic cinematic documentary style. 4K resolution, professional color grading. Muted vintage color palette with soft desaturation, subtle film grain, realistic natural lighting. Historically accurate 1930s environment, Depression-era vehicles, tools, and construction materials. Natural camera movement with professional cinematography: smooth dollies, crane shots, tracking movements, aerial perspectives. Realistic physics, authentic material behavior, grounded sense of massive scale and weight. Consistent period-appropriate color grading throughout all scenes.

Set in Black Canyon, Nevada-Arizona border, 1931-1936 Depression era. Clear desert atmosphere with extreme heat and intense sunlight, early diesel equipment, classic 1930s truck-era vehicles. Workers wear: cloth caps or fedoras, rolled sleeve cotton shirts (often sweat-stained), canvas trousers, leather suspenders, heavy leather boots, bandanas for dust, minimal safety equipment (leather gloves, occasional cloth caps). Advanced tool era for 1930s: pneumatic drills, steam shovels, diesel-powered trucks, cable systems, drilling equipment, concrete mixing equipment, basic electric lighting systems. No modern plastics, no contemporary safety equipment, no current construction techniques, no synthetic materials.

Desert arid environment: extreme solar exposure creating harsh shadows and bright highlights, heat shimmer distortion visible at midday, occasional dust devils swirling across canyon, minimal cloud cover with intense blue sky, clear starlit nights, extreme temperature swings (120°F+ days, cool nights), dust particles suspended in air catching light, strong winds through canyon creating dust clouds, minimal desert vegetation, bleached earth tones (deep orange-red canyon rock, rust-colored canyon walls, tan dirt, pale yellows). Colorado River roaring through canyon bottom. Equipment visibly heating in direct sun, metal surfaces too hot to touch, workers seeking shade during peak heat.

Absolute historical prohibition - exclude ALL anachronisms: Modern safety equipment (reflective vests, fall arrest systems, safety lanyards, modern hard hats with chin straps, safety glasses), digital devices, contemporary vehicles, current-era signage, modern construction techniques (current welding styles, contemporary concrete forms), anachronistic materials (modern plastics, contemporary composites, synthetic fabrics), modern tool designs (battery-powered tools, contemporary power tools), LED lighting, plastic materials (containers, sheeting, barriers), contemporary color schemes (high-visibility orange/yellow), modern fasteners (contemporary bolts, current zip ties), current generation equipment (modern diesel designs, contemporary hydraulics).

Warm muted color grading: Desaturate to 65% of full color, strong warm temperature (+350K amber shift), reduced contrast 20% with soft highlights creating heat glow, deep shadows with preserved detail. Primary color bias: Deep orange-red (canyon rock faces), rust and ochre (desert soil and dust), dusty yellow (intense sunlight), faded denim blue (workers' clothing and river), weathered brown (wood scaffolding and leather). Avoid: Cool blues except in sky and water, vivid greens, pure whites, deep blacks. Film grain: 35mm equivalent with visible structure, slight sepia undertone matching Depression-era Kodachrome.

Close-up of electrical gauge needles moving: voltage, amperage, frequency - all climbing to operational levels. Dial faces reflecting worker's watching face."
34,A-ROLL,Reservoir Behind Dam - Lake Mead,"Ultra-realistic cinematic documentary style. 4K resolution, professional color grading. Muted vintage color palette with soft desaturation, subtle film grain, realistic natural lighting. Historically accurate 1930s environment, Depression-era vehicles, tools, and construction materials. Natural camera movement with professional cinematography: smooth dollies, crane shots, tracking movements, aerial perspectives. Realistic physics, authentic material behavior, grounded sense of massive scale and weight. Consistent period-appropriate color grading throughout all scenes.

Set in Black Canyon, Nevada-Arizona border, 1931-1936 Depression era. Clear desert atmosphere with extreme heat and intense sunlight, early diesel equipment, classic 1930s truck-era vehicles. Workers wear: cloth caps or fedoras, rolled sleeve cotton shirts (often sweat-stained), canvas trousers, leather suspenders, heavy leather boots, bandanas for dust, minimal safety equipment (leather gloves, occasional cloth caps). Advanced tool era for 1930s: pneumatic drills, steam shovels, diesel-powered trucks, cable systems, drilling equipment, concrete mixing equipment, basic electric lighting systems. No modern plastics, no contemporary safety equipment, no current construction techniques, no synthetic materials.

Desert arid environment: extreme solar exposure creating harsh shadows and bright highlights, heat shimmer distortion visible at midday, occasional dust devils swirling across canyon, minimal cloud cover with intense blue sky, clear starlit nights, extreme temperature swings (120°F+ days, cool nights), dust particles suspended in air catching light, strong winds through canyon creating dust clouds, minimal desert vegetation, bleached earth tones (deep orange-red canyon rock, rust-colored canyon walls, tan dirt, pale yellows). Colorado River roaring through canyon bottom. Equipment visibly heating in direct sun, metal surfaces too hot to touch, workers seeking shade during peak heat.

Absolute historical prohibition - exclude ALL anachronisms: Modern safety equipment (reflective vests, fall arrest systems, safety lanyards, modern hard hats with chin straps, safety glasses), digital devices, contemporary vehicles, current-era signage, modern construction techniques (current welding styles, contemporary concrete forms), anachronistic materials (modern plastics, contemporary composites, synthetic fabrics), modern tool designs (battery-powered tools, contemporary power tools), LED lighting, plastic materials (containers, sheeting, barriers), contemporary color schemes (high-visibility orange/yellow), modern fasteners (contemporary bolts, current zip ties), current generation equipment (modern diesel designs, contemporary hydraulics).

Warm muted color grading: Desaturate to 65% of full color, strong warm temperature (+350K amber shift), reduced contrast 20% with soft highlights creating heat glow, deep shadows with preserved detail. Primary color bias: Deep orange-red (canyon rock faces), rust and ochre (desert soil and dust), dusty yellow (intense sunlight), faded denim blue (workers' clothing and river), weathered brown (wood scaffolding and leather). Avoid: Cool blues except in sky and water, vivid greens, pure whites, deep blacks. Film grain: 35mm equivalent with visible structure, slight sepia undertone matching Depression-era Kodachrome.

Aerial wide shot of Lake Mead forming behind dam. Enormous reservoir spreading for miles up canyon and side canyons, blue water contrasting with orange desert. Intake towers standing in water like sentinels. Dam holding back visible weight of water. Scale of water storage and control emphasized. Desert mountains surrounding."
34,B-ROLL,Reservoir Behind Dam - New Shoreline,"Ultra-realistic cinematic documentary style. 4K resolution, professional color grading. Muted vintage color palette with soft desaturation, subtle film grain, realistic natural lighting. Historically accurate 1930s environment, Depression-era vehicles, tools, and construction materials. Natural camera movement with professional cinematography: smooth dollies, crane shots, tracking movements, aerial perspectives. Realistic physics, authentic material behavior, grounded sense of massive scale and weight. Consistent period-appropriate color grading throughout all scenes.

Set in Black Canyon, Nevada-Arizona border, 1931-1936 Depression era. Clear desert atmosphere with extreme heat and intense sunlight, early diesel equipment, classic 1930s truck-era vehicles. Workers wear: cloth caps or fedoras, rolled sleeve cotton shirts (often sweat-stained), canvas trousers, leather suspenders, heavy leather boots, bandanas for dust, minimal safety equipment (leather gloves, occasional cloth caps). Advanced tool era for 1930s: pneumatic drills, steam shovels, diesel-powered trucks, cable systems, drilling equipment, concrete mixing equipment, basic electric lighting systems. No modern plastics, no contemporary safety equipment, no current construction techniques, no synthetic materials.

Desert arid environment: extreme solar exposure creating harsh shadows and bright highlights, heat shimmer distortion visible at midday, occasional dust devils swirling across canyon, minimal cloud cover with intense blue sky, clear starlit nights, extreme temperature swings (120°F+ days, cool nights), dust particles suspended in air catching light, strong winds through canyon creating dust clouds, minimal desert vegetation, bleached earth tones (deep orange-red canyon rock, rust-colored canyon walls, tan dirt, pale yellows). Colorado River roaring through canyon bottom. Equipment visibly heating in direct sun, metal surfaces too hot to touch, workers seeking shade during peak heat.

Absolute historical prohibition - exclude ALL anachronisms: Modern safety equipment (reflective vests, fall arrest systems, safety lanyards, modern hard hats with chin straps, safety glasses), digital devices, contemporary vehicles, current-era signage, modern construction techniques (current welding styles, contemporary concrete forms), anachronistic materials (modern plastics, contemporary composites, synthetic fabrics), modern tool designs (battery-powered tools, contemporary power tools), LED lighting, plastic materials (containers, sheeting, barriers), contemporary color schemes (high-visibility orange/yellow), modern fasteners (contemporary bolts, current zip ties), current generation equipment (modern diesel designs, contemporary hydraulics).

Warm muted color grading: Desaturate to 65% of full color, strong warm temperature (+350K amber shift), reduced contrast 20% with soft highlights creating heat glow, deep shadows with preserved detail. Primary color bias: Deep orange-red (canyon rock faces), rust and ochre (desert soil and dust), dusty yellow (intense sunlight), faded denim blue (workers' clothing and river), weathered brown (wood scaffolding and leather). Avoid: Cool blues except in sky and water, vivid greens, pure whites, deep blacks. Film grain: 35mm equivalent with visible structure, slight sepia undertone matching Depression-era Kodachrome.

Close-up of water lapping at newly formed shoreline, creating water line on previously dry rock, vegetation and debris at new high water mark."
35,A-ROLL,Completed Dam Face - Full Height View,"Ultra-realistic cinematic documentary style. 4K resolution, professional color grading. Muted vintage color palette with soft desaturation, subtle film grain, realistic natural lighting. Historically accurate 1930s environment, Depression-era vehicles, tools, and construction materials. Natural camera movement with professional cinematography: smooth dollies, crane shots, tracking movements, aerial perspectives. Realistic physics, authentic material behavior, grounded sense of massive scale and weight. Consistent period-appropriate color grading throughout all scenes.

Set in Black Canyon, Nevada-Arizona border, 1931-1936 Depression era. Clear desert atmosphere with extreme heat and intense sunlight, early diesel equipment, classic 1930s truck-era vehicles. Workers wear: cloth caps or fedoras, rolled sleeve cotton shirts (often sweat-stained), canvas trousers, leather suspenders, heavy leather boots, bandanas for dust, minimal safety equipment (leather gloves, occasional cloth caps). Advanced tool era for 1930s: pneumatic drills, steam shovels, diesel-powered trucks, cable systems, drilling equipment, concrete mixing equipment, basic electric lighting systems. No modern plastics, no contemporary safety equipment, no current construction techniques, no synthetic materials.

Desert arid environment: extreme solar exposure creating harsh shadows and bright highlights, heat shimmer distortion visible at midday, occasional dust devils swirling across canyon, minimal cloud cover with intense blue sky, clear starlit nights, extreme temperature swings (120°F+ days, cool nights), dust particles suspended in air catching light, strong winds through canyon creating dust clouds, minimal desert vegetation, bleached earth tones (deep orange-red canyon rock, rust-colored canyon walls, tan dirt, pale yellows). Colorado River roaring through canyon bottom. Equipment visibly heating in direct sun, metal surfaces too hot to touch, workers seeking shade during peak heat.

Absolute historical prohibition - exclude ALL anachronisms: Modern safety equipment (reflective vests, fall arrest systems, safety lanyards, modern hard hats with chin straps, safety glasses), digital devices, contemporary vehicles, current-era signage, modern construction techniques (current welding styles, contemporary concrete forms), anachronistic materials (modern plastics, contemporary composites, synthetic fabrics), modern tool designs (battery-powered tools, contemporary power tools), LED lighting, plastic materials (containers, sheeting, barriers), contemporary color schemes (high-visibility orange/yellow), modern fasteners (contemporary bolts, current zip ties), current generation equipment (modern diesel designs, contemporary hydraulics).

Warm muted color grading: Desaturate to 65% of full color, strong warm temperature (+350K amber shift), reduced contrast 20% with soft highlights creating heat glow, deep shadows with preserved detail. Primary color bias: Deep orange-red (canyon rock faces), rust and ochre (desert soil and dust), dusty yellow (intense sunlight), faded denim blue (workers' clothing and river), weathered brown (wood scaffolding and leather). Avoid: Cool blues except in sky and water, vivid greens, pure whites, deep blacks. Film grain: 35mm equivalent with visible structure, slight sepia undertone matching Depression-era Kodachrome.

Cinematic dramatic low-angle shot looking up entire downstream dam face from base. Massive curved white concrete surface sweeping upward 726 feet, smooth and monolithic. Powerhouse at base with Art Deco details. Scale emphasized by tiny workers and vehicles at base. Perfect surface reflecting achievement. Light creating dramatic shadows on curves."
35,B-ROLL,Completed Dam Face - Surface Detail,"Ultra-realistic cinematic documentary style. 4K resolution, professional color grading. Muted vintage color palette with soft desaturation, subtle film grain, realistic natural lighting. Historically accurate 1930s environment, Depression-era vehicles, tools, and construction materials. Natural camera movement with professional cinematography: smooth dollies, crane shots, tracking movements, aerial perspectives. Realistic physics, authentic material behavior, grounded sense of massive scale and weight. Consistent period-appropriate color grading throughout all scenes.

Set in Black Canyon, Nevada-Arizona border, 1931-1936 Depression era. Clear desert atmosphere with extreme heat and intense sunlight, early diesel equipment, classic 1930s truck-era vehicles. Workers wear: cloth caps or fedoras, rolled sleeve cotton shirts (often sweat-stained), canvas trousers, leather suspenders, heavy leather boots, bandanas for dust, minimal safety equipment (leather gloves, occasional cloth caps). Advanced tool era for 1930s: pneumatic drills, steam shovels, diesel-powered trucks, cable systems, drilling equipment, concrete mixing equipment, basic electric lighting systems. No modern plastics, no contemporary safety equipment, no current construction techniques, no synthetic materials.

Desert arid environment: extreme solar exposure creating harsh shadows and bright highlights, heat shimmer distortion visible at midday, occasional dust devils swirling across canyon, minimal cloud cover with intense blue sky, clear starlit nights, extreme temperature swings (120°F+ days, cool nights), dust particles suspended in air catching light, strong winds through canyon creating dust clouds, minimal desert vegetation, bleached earth tones (deep orange-red canyon rock, rust-colored canyon walls, tan dirt, pale yellows). Colorado River roaring through canyon bottom. Equipment visibly heating in direct sun, metal surfaces too hot to touch, workers seeking shade during peak heat.

Absolute historical prohibition - exclude ALL anachronisms: Modern safety equipment (reflective vests, fall arrest systems, safety lanyards, modern hard hats with chin straps, safety glasses), digital devices, contemporary vehicles, current-era signage, modern construction techniques (current welding styles, contemporary concrete forms), anachronistic materials (modern plastics, contemporary composites, synthetic fabrics), modern tool designs (battery-powered tools, contemporary power tools), LED lighting, plastic materials (containers, sheeting, barriers), contemporary color schemes (high-visibility orange/yellow), modern fasteners (contemporary bolts, current zip ties), current generation equipment (modern diesel designs, contemporary hydraulics).

Warm muted color grading: Desaturate to 65% of full color, strong warm temperature (+350K amber shift), reduced contrast 20% with soft highlights creating heat glow, deep shadows with preserved detail. Primary color bias: Deep orange-red (canyon rock faces), rust and ochre (desert soil and dust), dusty yellow (intense sunlight), faded denim blue (workers' clothing and river), weathered brown (wood scaffolding and leather). Avoid: Cool blues except in sky and water, vivid greens, pure whites, deep blacks. Film grain: 35mm equivalent with visible structure, slight sepia undertone matching Depression-era Kodachrome.

Close-up of dam surface showing cooling pipe outlet, smooth concrete between pipes, perfect finish, water-staining beginning at base near powerhouse discharge."
36,A-ROLL,Spillway Test - Gates Open,"Ultra-realistic cinematic documentary style. 4K resolution, professional color grading. Muted vintage color palette with soft desaturation, subtle film grain, realistic natural lighting. Historically accurate 1930s environment, Depression-era vehicles, tools, and construction materials. Natural camera movement with professional cinematography: smooth dollies, crane shots, tracking movements, aerial perspectives. Realistic physics, authentic material behavior, grounded sense of massive scale and weight. Consistent period-appropriate color grading throughout all scenes.

Set in Black Canyon, Nevada-Arizona border, 1931-1936 Depression era. Clear desert atmosphere with extreme heat and intense sunlight, early diesel equipment, classic 1930s truck-era vehicles. Workers wear: cloth caps or fedoras, rolled sleeve cotton shirts (often sweat-stained), canvas trousers, leather suspenders, heavy leather boots, bandanas for dust, minimal safety equipment (leather gloves, occasional cloth caps). Advanced tool era for 1930s: pneumatic drills, steam shovels, diesel-powered trucks, cable systems, drilling equipment, concrete mixing equipment, basic electric lighting systems. No modern plastics, no contemporary safety equipment, no current construction techniques, no synthetic materials.

Desert arid environment: extreme solar exposure creating harsh shadows and bright highlights, heat shimmer distortion visible at midday, occasional dust devils swirling across canyon, minimal cloud cover with intense blue sky, clear starlit nights, extreme temperature swings (120°F+ days, cool nights), dust particles suspended in air catching light, strong winds through canyon creating dust clouds, minimal desert vegetation, bleached earth tones (deep orange-red canyon rock, rust-colored canyon walls, tan dirt, pale yellows). Colorado River roaring through canyon bottom. Equipment visibly heating in direct sun, metal surfaces too hot to touch, workers seeking shade during peak heat.

Absolute historical prohibition - exclude ALL anachronisms: Modern safety equipment (reflective vests, fall arrest systems, safety lanyards, modern hard hats with chin straps, safety glasses), digital devices, contemporary vehicles, current-era signage, modern construction techniques (current welding styles, contemporary concrete forms), anachronistic materials (modern plastics, contemporary composites, synthetic fabrics), modern tool designs (battery-powered tools, contemporary power tools), LED lighting, plastic materials (containers, sheeting, barriers), contemporary color schemes (high-visibility orange/yellow), modern fasteners (contemporary bolts, current zip ties), current generation equipment (modern diesel designs, contemporary hydraulics).

Warm muted color grading: Desaturate to 65% of full color, strong warm temperature (+350K amber shift), reduced contrast 20% with soft highlights creating heat glow, deep shadows with preserved detail. Primary color bias: Deep orange-red (canyon rock faces), rust and ochre (desert soil and dust), dusty yellow (intense sunlight), faded denim blue (workers' clothing and river), weathered brown (wood scaffolding and leather). Avoid: Cool blues except in sky and water, vivid greens, pure whites, deep blacks. Film grain: 35mm equivalent with visible structure, slight sepia undertone matching Depression-era Kodachrome.

Wide dramatic shot showing spillway gates opening for first test. Massive volume of water beginning to flow through spillway tunnels and down spillway face. Water accelerating down steep face, creating spray clouds at bottom. Raw power of controlled water release visible. Workers watching from safe distance."
36,B-ROLL,Spillway Test - Water Flow,"Ultra-realistic cinematic documentary style. 4K resolution, professional color grading. Muted vintage color palette with soft desaturation, subtle film grain, realistic natural lighting. Historically accurate 1930s environment, Depression-era vehicles, tools, and construction materials. Natural camera movement with professional cinematography: smooth dollies, crane shots, tracking movements, aerial perspectives. Realistic physics, authentic material behavior, grounded sense of massive scale and weight. Consistent period-appropriate color grading throughout all scenes.

Set in Black Canyon, Nevada-Arizona border, 1931-1936 Depression era. Clear desert atmosphere with extreme heat and intense sunlight, early diesel equipment, classic 1930s truck-era vehicles. Workers wear: cloth caps or fedoras, rolled sleeve cotton shirts (often sweat-stained), canvas trousers, leather suspenders, heavy leather boots, bandanas for dust, minimal safety equipment (leather gloves, occasional cloth caps). Advanced tool era for 1930s: pneumatic drills, steam shovels, diesel-powered trucks, cable systems, drilling equipment, concrete mixing equipment, basic electric lighting systems. No modern plastics, no contemporary safety equipment, no current construction techniques, no synthetic materials.

Desert arid environment: extreme solar exposure creating harsh shadows and bright highlights, heat shimmer distortion visible at midday, occasional dust devils swirling across canyon, minimal cloud cover with intense blue sky, clear starlit nights, extreme temperature swings (120°F+ days, cool nights), dust particles suspended in air catching light, strong winds through canyon creating dust clouds, minimal desert vegetation, bleached earth tones (deep orange-red canyon rock, rust-colored canyon walls, tan dirt, pale yellows). Colorado River roaring through canyon bottom. Equipment visibly heating in direct sun, metal surfaces too hot to touch, workers seeking shade during peak heat.

Absolute historical prohibition - exclude ALL anachronisms: Modern safety equipment (reflective vests, fall arrest systems, safety lanyards, modern hard hats with chin straps, safety glasses), digital devices, contemporary vehicles, current-era signage, modern construction techniques (current welding styles, contemporary concrete forms), anachronistic materials (modern plastics, contemporary composites, synthetic fabrics), modern tool designs (battery-powered tools, contemporary power tools), LED lighting, plastic materials (containers, sheeting, barriers), contemporary color schemes (high-visibility orange/yellow), modern fasteners (contemporary bolts, current zip ties), current generation equipment (modern diesel designs, contemporary hydraulics).

Warm muted color grading: Desaturate to 65% of full color, strong warm temperature (+350K amber shift), reduced contrast 20% with soft highlights creating heat glow, deep shadows with preserved detail. Primary color bias: Deep orange-red (canyon rock faces), rust and ochre (desert soil and dust), dusty yellow (intense sunlight), faded denim blue (workers' clothing and river), weathered brown (wood scaffolding and leather). Avoid: Cool blues except in sky and water, vivid greens, pure whites, deep blacks. Film grain: 35mm equivalent with visible structure, slight sepia undertone matching Depression-era Kodachrome.

Close-up of water flowing over spillway lip, smooth flow becoming turbulent, acceleration visible, spray beginning to form, power of water evident in flow patterns."
37,A-ROLL,Official Dedication Ceremony - Roosevelt,"Ultra-realistic cinematic documentary style. 4K resolution, professional color grading. Muted vintage color palette with soft desaturation, subtle film grain, realistic natural lighting. Historically accurate 1930s environment, Depression-era vehicles, tools, and construction materials. Natural camera movement with professional cinematography: smooth dollies, crane shots, tracking movements, aerial perspectives. Realistic physics, authentic material behavior, grounded sense of massive scale and weight. Consistent period-appropriate color grading throughout all scenes.

Set in Black Canyon, Nevada-Arizona border, 1931-1936 Depression era. Clear desert atmosphere with extreme heat and intense sunlight, early diesel equipment, classic 1930s truck-era vehicles. Workers wear: cloth caps or fedoras, rolled sleeve cotton shirts (often sweat-stained), canvas trousers, leather suspenders, heavy leather boots, bandanas for dust, minimal safety equipment (leather gloves, occasional cloth caps). Advanced tool era for 1930s: pneumatic drills, steam shovels, diesel-powered trucks, cable systems, drilling equipment, concrete mixing equipment, basic electric lighting systems. No modern plastics, no contemporary safety equipment, no current construction techniques, no synthetic materials.

Desert arid environment: extreme solar exposure creating harsh shadows and bright highlights, heat shimmer distortion visible at midday, occasional dust devils swirling across canyon, minimal cloud cover with intense blue sky, clear starlit nights, extreme temperature swings (120°F+ days, cool nights), dust particles suspended in air catching light, strong winds through canyon creating dust clouds, minimal desert vegetation, bleached earth tones (deep orange-red canyon rock, rust-colored canyon walls, tan dirt, pale yellows). Colorado River roaring through canyon bottom. Equipment visibly heating in direct sun, metal surfaces too hot to touch, workers seeking shade during peak heat.

Absolute historical prohibition - exclude ALL anachronisms: Modern safety equipment (reflective vests, fall arrest systems, safety lanyards, modern hard hats with chin straps, safety glasses), digital devices, contemporary vehicles, current-era signage, modern construction techniques (current welding styles, contemporary concrete forms), anachronistic materials (modern plastics, contemporary composites, synthetic fabrics), modern tool designs (battery-powered tools, contemporary power tools), LED lighting, plastic materials (containers, sheeting, barriers), contemporary color schemes (high-visibility orange/yellow), modern fasteners (contemporary bolts, current zip ties), current generation equipment (modern diesel designs, contemporary hydraulics).

Warm muted color grading: Desaturate to 65% of full color, strong warm temperature (+350K amber shift), reduced contrast 20% with soft highlights creating heat glow, deep shadows with preserved detail. Primary color bias: Deep orange-red (canyon rock faces), rust and ochre (desert soil and dust), dusty yellow (intense sunlight), faded denim blue (workers' clothing and river), weathered brown (wood scaffolding and leather). Avoid: Cool blues except in sky and water, vivid greens, pure whites, deep blacks. Film grain: 35mm equivalent with visible structure, slight sepia undertone matching Depression-era Kodachrome.

Medium shot on dam crest showing dedication ceremony with officials in suits, workers in their work clothes watching, American flags, bunting (Depression-era decorations). President Franklin D. Roosevelt at podium. Formal occasion contrasting with rough construction site recently. Workers' families present. Pride and achievement visible."
37,B-ROLL,Official Dedication Ceremony - Plaque Unveiling,"Ultra-realistic cinematic documentary style. 4K resolution, professional color grading. Muted vintage color palette with soft desaturation, subtle film grain, realistic natural lighting. Historically accurate 1930s environment, Depression-era vehicles, tools, and construction materials. Natural camera movement with professional cinematography: smooth dollies, crane shots, tracking movements, aerial perspectives. Realistic physics, authentic material behavior, grounded sense of massive scale and weight. Consistent period-appropriate color grading throughout all scenes.

Set in Black Canyon, Nevada-Arizona border, 1931-1936 Depression era. Clear desert atmosphere with extreme heat and intense sunlight, early diesel equipment, classic 1930s truck-era vehicles. Workers wear: cloth caps or fedoras, rolled sleeve cotton shirts (often sweat-stained), canvas trousers, leather suspenders, heavy leather boots, bandanas for dust, minimal safety equipment (leather gloves, occasional cloth caps). Advanced tool era for 1930s: pneumatic drills, steam shovels, diesel-powered trucks, cable systems, drilling equipment, concrete mixing equipment, basic electric lighting systems. No modern plastics, no contemporary safety equipment, no current construction techniques, no synthetic materials.

Desert arid environment: extreme solar exposure creating harsh shadows and bright highlights, heat shimmer distortion visible at midday, occasional dust devils swirling across canyon, minimal cloud cover with intense blue sky, clear starlit nights, extreme temperature swings (120°F+ days, cool nights), dust particles suspended in air catching light, strong winds through canyon creating dust clouds, minimal desert vegetation, bleached earth tones (deep orange-red canyon rock, rust-colored canyon walls, tan dirt, pale yellows). Colorado River roaring through canyon bottom. Equipment visibly heating in direct sun, metal surfaces too hot to touch, workers seeking shade during peak heat.

Absolute historical prohibition - exclude ALL anachronisms: Modern safety equipment (reflective vests, fall arrest systems, safety lanyards, modern hard hats with chin straps, safety glasses), digital devices, contemporary vehicles, current-era signage, modern construction techniques (current welding styles, contemporary concrete forms), anachronistic materials (modern plastics, contemporary composites, synthetic fabrics), modern tool designs (battery-powered tools, contemporary power tools), LED lighting, plastic materials (containers, sheeting, barriers), contemporary color schemes (high-visibility orange/yellow), modern fasteners (contemporary bolts, current zip ties), current generation equipment (modern diesel designs, contemporary hydraulics).

Warm muted color grading: Desaturate to 65% of full color, strong warm temperature (+350K amber shift), reduced contrast 20% with soft highlights creating heat glow, deep shadows with preserved detail. Primary color bias: Deep orange-red (canyon rock faces), rust and ochre (desert soil and dust), dusty yellow (intense sunlight), faded denim blue (workers' clothing and river), weathered brown (wood scaffolding and leather). Avoid: Cool blues except in sky and water, vivid greens, pure whites, deep blacks. Film grain: 35mm equivalent with visible structure, slight sepia undertone matching Depression-era Kodachrome.

Close-up of dedication plaque being unveiled: polished bronze catching sunlight, official names and dates, presidential seal, Depression-era governmental aesthetic."
38,A-ROLL,Workers Depart - Camp Dismantled,"Ultra-realistic cinematic documentary style. 4K resolution, professional color grading. Muted vintage color palette with soft desaturation, subtle film grain, realistic natural lighting. Historically accurate 1930s environment, Depression-era vehicles, tools, and construction materials. Natural camera movement with professional cinematography: smooth dollies, crane shots, tracking movements, aerial perspectives. Realistic physics, authentic material behavior, grounded sense of massive scale and weight. Consistent period-appropriate color grading throughout all scenes.

Set in Black Canyon, Nevada-Arizona border, 1931-1936 Depression era. Clear desert atmosphere with extreme heat and intense sunlight, early diesel equipment, classic 1930s truck-era vehicles. Workers wear: cloth caps or fedoras, rolled sleeve cotton shirts (often sweat-stained), canvas trousers, leather suspenders, heavy leather boots, bandanas for dust, minimal safety equipment (leather gloves, occasional cloth caps). Advanced tool era for 1930s: pneumatic drills, steam shovels, diesel-powered trucks, cable systems, drilling equipment, concrete mixing equipment, basic electric lighting systems. No modern plastics, no contemporary safety equipment, no current construction techniques, no synthetic materials.

Desert arid environment: extreme solar exposure creating harsh shadows and bright highlights, heat shimmer distortion visible at midday, occasional dust devils swirling across canyon, minimal cloud cover with intense blue sky, clear starlit nights, extreme temperature swings (120°F+ days, cool nights), dust particles suspended in air catching light, strong winds through canyon creating dust clouds, minimal desert vegetation, bleached earth tones (deep orange-red canyon rock, rust-colored canyon walls, tan dirt, pale yellows). Colorado River roaring through canyon bottom. Equipment visibly heating in direct sun, metal surfaces too hot to touch, workers seeking shade during peak heat.

Absolute historical prohibition - exclude ALL anachronisms: Modern safety equipment (reflective vests, fall arrest systems, safety lanyards, modern hard hats with chin straps, safety glasses), digital devices, contemporary vehicles, current-era signage, modern construction techniques (current welding styles, contemporary concrete forms), anachronistic materials (modern plastics, contemporary composites, synthetic fabrics), modern tool designs (battery-powered tools, contemporary power tools), LED lighting, plastic materials (containers, sheeting, barriers), contemporary color schemes (high-visibility orange/yellow), modern fasteners (contemporary bolts, current zip ties), current generation equipment (modern diesel designs, contemporary hydraulics).

Warm muted color grading: Desaturate to 65% of full color, strong warm temperature (+350K amber shift), reduced contrast 20% with soft highlights creating heat glow, deep shadows with preserved detail. Primary color bias: Deep orange-red (canyon rock faces), rust and ochre (desert soil and dust), dusty yellow (intense sunlight), faded denim blue (workers' clothing and river), weathered brown (wood scaffolding and leather). Avoid: Cool blues except in sky and water, vivid greens, pure whites, deep blacks. Film grain: 35mm equivalent with visible structure, slight sepia undertone matching Depression-era Kodachrome.

Wide shot of worker tent city being dismantled, families packing belongings into trucks and cars. Workers leaving site that was home for years. Mixed emotions visible - pride in achievement, uncertainty about Depression-era future. Stream of vehicles leaving along dusty road. Construction site becoming quiet."
38,B-ROLL,Workers Depart - Empty Site,"Ultra-realistic cinematic documentary style. 4K resolution, professional color grading. Muted vintage color palette with soft desaturation, subtle film grain, realistic natural lighting. Historically accurate 1930s environment, Depression-era vehicles, tools, and construction materials. Natural camera movement with professional cinematography: smooth dollies, crane shots, tracking movements, aerial perspectives. Realistic physics, authentic material behavior, grounded sense of massive scale and weight. Consistent period-appropriate color grading throughout all scenes.

Set in Black Canyon, Nevada-Arizona border, 1931-1936 Depression era. Clear desert atmosphere with extreme heat and intense sunlight, early diesel equipment, classic 1930s truck-era vehicles. Workers wear: cloth caps or fedoras, rolled sleeve cotton shirts (often sweat-stained), canvas trousers, leather suspenders, heavy leather boots, bandanas for dust, minimal safety equipment (leather gloves, occasional cloth caps). Advanced tool era for 1930s: pneumatic drills, steam shovels, diesel-powered trucks, cable systems, drilling equipment, concrete mixing equipment, basic electric lighting systems. No modern plastics, no contemporary safety equipment, no current construction techniques, no synthetic materials.

Desert arid environment: extreme solar exposure creating harsh shadows and bright highlights, heat shimmer distortion visible at midday, occasional dust devils swirling across canyon, minimal cloud cover with intense blue sky, clear starlit nights, extreme temperature swings (120°F+ days, cool nights), dust particles suspended in air catching light, strong winds through canyon creating dust clouds, minimal desert vegetation, bleached earth tones (deep orange-red canyon rock, rust-colored canyon walls, tan dirt, pale yellows). Colorado River roaring through canyon bottom. Equipment visibly heating in direct sun, metal surfaces too hot to touch, workers seeking shade during peak heat.

Absolute historical prohibition - exclude ALL anachronisms: Modern safety equipment (reflective vests, fall arrest systems, safety lanyards, modern hard hats with chin straps, safety glasses), digital devices, contemporary vehicles, current-era signage, modern construction techniques (current welding styles, contemporary concrete forms), anachronistic materials (modern plastics, contemporary composites, synthetic fabrics), modern tool designs (battery-powered tools, contemporary power tools), LED lighting, plastic materials (containers, sheeting, barriers), contemporary color schemes (high-visibility orange/yellow), modern fasteners (contemporary bolts, current zip ties), current generation equipment (modern diesel designs, contemporary hydraulics).

Warm muted color grading: Desaturate to 65% of full color, strong warm temperature (+350K amber shift), reduced contrast 20% with soft highlights creating heat glow, deep shadows with preserved detail. Primary color bias: Deep orange-red (canyon rock faces), rust and ochre (desert soil and dust), dusty yellow (intense sunlight), faded denim blue (workers' clothing and river), weathered brown (wood scaffolding and leather). Avoid: Cool blues except in sky and water, vivid greens, pure whites, deep blacks. Film grain: 35mm equivalent with visible structure, slight sepia undertone matching Depression-era Kodachrome.

Close-up of empty tent site, canvas ground cover left behind, dust-covered area where tent stood, boot prints in dirt being covered by wind, abandonment."
39,A-ROLL,Dam at Dusk - Completed Structure,"Ultra-realistic cinematic documentary style. 4K resolution, professional color grading. Muted vintage color palette with soft desaturation, subtle film grain, realistic natural lighting. Historically accurate 1930s environment, Depression-era vehicles, tools, and construction materials. Natural camera movement with professional cinematography: smooth dollies, crane shots, tracking movements, aerial perspectives. Realistic physics, authentic material behavior, grounded sense of massive scale and weight. Consistent period-appropriate color grading throughout all scenes.

Set in Black Canyon, Nevada-Arizona border, 1931-1936 Depression era. Clear desert atmosphere with extreme heat and intense sunlight, early diesel equipment, classic 1930s truck-era vehicles. Workers wear: cloth caps or fedoras, rolled sleeve cotton shirts (often sweat-stained), canvas trousers, leather suspenders, heavy leather boots, bandanas for dust, minimal safety equipment (leather gloves, occasional cloth caps). Advanced tool era for 1930s: pneumatic drills, steam shovels, diesel-powered trucks, cable systems, drilling equipment, concrete mixing equipment, basic electric lighting systems. No modern plastics, no contemporary safety equipment, no current construction techniques, no synthetic materials.

Desert arid environment: extreme solar exposure creating harsh shadows and bright highlights, heat shimmer distortion visible at midday, occasional dust devils swirling across canyon, minimal cloud cover with intense blue sky, clear starlit nights, extreme temperature swings (120°F+ days, cool nights), dust particles suspended in air catching light, strong winds through canyon creating dust clouds, minimal desert vegetation, bleached earth tones (deep orange-red canyon rock, rust-colored canyon walls, tan dirt, pale yellows). Colorado River roaring through canyon bottom. Equipment visibly heating in direct sun, metal surfaces too hot to touch, workers seeking shade during peak heat.

Absolute historical prohibition - exclude ALL anachronisms: Modern safety equipment (reflective vests, fall arrest systems, safety lanyards, modern hard hats with chin straps, safety glasses), digital devices, contemporary vehicles, current-era signage, modern construction techniques (current welding styles, contemporary concrete forms), anachronistic materials (modern plastics, contemporary composites, synthetic fabrics), modern tool designs (battery-powered tools, contemporary power tools), LED lighting, plastic materials (containers, sheeting, barriers), contemporary color schemes (high-visibility orange/yellow), modern fasteners (contemporary bolts, current zip ties), current generation equipment (modern diesel designs, contemporary hydraulics).

Warm muted color grading: Desaturate to 65% of full color, strong warm temperature (+350K amber shift), reduced contrast 20% with soft highlights creating heat glow, deep shadows with preserved detail. Primary color bias: Deep orange-red (canyon rock faces), rust and ochre (desert soil and dust), dusty yellow (intense sunlight), faded denim blue (workers' clothing and river), weathered brown (wood scaffolding and leather). Avoid: Cool blues except in sky and water, vivid greens, pure whites, deep blacks. Film grain: 35mm equivalent with visible structure, slight sepia undertone matching Depression-era Kodachrome.

Cinematic wide shot of completed dam at dusk. Structure silhouetted against purple-orange desert sky, lights beginning to glow in powerhouse windows, navigation lights on intake towers reflecting in reservoir. Transformation from violent natural canyon to controlled human achievement. Peaceful after years of intense activity. Stars beginning to appear."
39,B-ROLL,Dam at Dusk - Tower Light,"Ultra-realistic cinematic documentary style. 4K resolution, professional color grading. Muted vintage color palette with soft desaturation, subtle film grain, realistic natural lighting. Historically accurate 1930s environment, Depression-era vehicles, tools, and construction materials. Natural camera movement with professional cinematography: smooth dollies, crane shots, tracking movements, aerial perspectives. Realistic physics, authentic material behavior, grounded sense of massive scale and weight. Consistent period-appropriate color grading throughout all scenes.

Set in Black Canyon, Nevada-Arizona border, 1931-1936 Depression era. Clear desert atmosphere with extreme heat and intense sunlight, early diesel equipment, classic 1930s truck-era vehicles. Workers wear: cloth caps or fedoras, rolled sleeve cotton shirts (often sweat-stained), canvas trousers, leather suspenders, heavy leather boots, bandanas for dust, minimal safety equipment (leather gloves, occasional cloth caps). Advanced tool era for 1930s: pneumatic drills, steam shovels, diesel-powered trucks, cable systems, drilling equipment, concrete mixing equipment, basic electric lighting systems. No modern plastics, no contemporary safety equipment, no current construction techniques, no synthetic materials.

Desert arid environment: extreme solar exposure creating harsh shadows and bright highlights, heat shimmer distortion visible at midday, occasional dust devils swirling across canyon, minimal cloud cover with intense blue sky, clear starlit nights, extreme temperature swings (120°F+ days, cool nights), dust particles suspended in air catching light, strong winds through canyon creating dust clouds, minimal desert vegetation, bleached earth tones (deep orange-red canyon rock, rust-colored canyon walls, tan dirt, pale yellows). Colorado River roaring through canyon bottom. Equipment visibly heating in direct sun, metal surfaces too hot to touch, workers seeking shade during peak heat.

Absolute historical prohibition - exclude ALL anachronisms: Modern safety equipment (reflective vests, fall arrest systems, safety lanyards, modern hard hats with chin straps, safety glasses), digital devices, contemporary vehicles, current-era signage, modern construction techniques (current welding styles, contemporary concrete forms), anachronistic materials (modern plastics, contemporary composites, synthetic fabrics), modern tool designs (battery-powered tools, contemporary power tools), LED lighting, plastic materials (containers, sheeting, barriers), contemporary color schemes (high-visibility orange/yellow), modern fasteners (contemporary bolts, current zip ties), current generation equipment (modern diesel designs, contemporary hydraulics).

Warm muted color grading: Desaturate to 65% of full color, strong warm temperature (+350K amber shift), reduced contrast 20% with soft highlights creating heat glow, deep shadows with preserved detail. Primary color bias: Deep orange-red (canyon rock faces), rust and ochre (desert soil and dust), dusty yellow (intense sunlight), faded denim blue (workers' clothing and river), weathered brown (wood scaffolding and leather). Avoid: Cool blues except in sky and water, vivid greens, pure whites, deep blacks. Film grain: 35mm equivalent with visible structure, slight sepia undertone matching Depression-era Kodachrome.

Close-up of Art Deco light fixture on intake tower illuminating at dusk, warm glow contrasting with cooling desert air, insects beginning to circle light."
40,A-ROLL,Final Hero Shot - Complete Revolution,"Ultra-realistic cinematic documentary style. 4K resolution, professional color grading. Muted vintage color palette with soft desaturation, subtle film grain, realistic natural lighting. Historically accurate 1930s environment, Depression-era vehicles, tools, and construction materials. Natural camera movement with professional cinematography: smooth dollies, crane shots, tracking movements, aerial perspectives. Realistic physics, authentic material behavior, grounded sense of massive scale and weight. Consistent period-appropriate color grading throughout all scenes.

Set in Black Canyon, Nevada-Arizona border, 1931-1936 Depression era. Clear desert atmosphere with extreme heat and intense sunlight, early diesel equipment, classic 1930s truck-era vehicles. Workers wear: cloth caps or fedoras, rolled sleeve cotton shirts (often sweat-stained), canvas trousers, leather suspenders, heavy leather boots, bandanas for dust, minimal safety equipment (leather gloves, occasional cloth caps). Advanced tool era for 1930s: pneumatic drills, steam shovels, diesel-powered trucks, cable systems, drilling equipment, concrete mixing equipment, basic electric lighting systems. No modern plastics, no contemporary safety equipment, no current construction techniques, no synthetic materials.

Desert arid environment: extreme solar exposure creating harsh shadows and bright highlights, heat shimmer distortion visible at midday, occasional dust devils swirling across canyon, minimal cloud cover with intense blue sky, clear starlit nights, extreme temperature swings (120°F+ days, cool nights), dust particles suspended in air catching light, strong winds through canyon creating dust clouds, minimal desert vegetation, bleached earth tones (deep orange-red canyon rock, rust-colored canyon walls, tan dirt, pale yellows). Colorado River roaring through canyon bottom. Equipment visibly heating in direct sun, metal surfaces too hot to touch, workers seeking shade during peak heat.

Absolute historical prohibition - exclude ALL anachronisms: Modern safety equipment (reflective vests, fall arrest systems, safety lanyards, modern hard hats with chin straps, safety glasses), digital devices, contemporary vehicles, current-era signage, modern construction techniques (current welding styles, contemporary concrete forms), anachronistic materials (modern plastics, contemporary composites, synthetic fabrics), modern tool designs (battery-powered tools, contemporary power tools), LED lighting, plastic materials (containers, sheeting, barriers), contemporary color schemes (high-visibility orange/yellow), modern fasteners (contemporary bolts, current zip ties), current generation equipment (modern diesel designs, contemporary hydraulics).

Warm muted color grading: Desaturate to 65% of full color, strong warm temperature (+350K amber shift), reduced contrast 20% with soft highlights creating heat glow, deep shadows with preserved detail. Primary color bias: Deep orange-red (canyon rock faces), rust and ochre (desert soil and dust), dusty yellow (intense sunlight), faded denim blue (workers' clothing and river), weathered brown (wood scaffolding and leather). Avoid: Cool blues except in sky and water, vivid greens, pure whites, deep blacks. Film grain: 35mm equivalent with visible structure, slight sepia undertone matching Depression-era Kodachrome.

Cinematic majestic aerial orbit around Hoover Dam at sunrise. Camera starts at reservoir level showing Lake Mead stretching into distance, orbits around intake towers, reveals massive curved dam face, descends past dam showing full height and powerhouse at base, continues orbit showing spillways and downstream canyon with released water flowing. Colorado River continues beyond dam, now controlled. Desert mountains frame composition. Light: golden hour with long shadows emphasizing every relief detail in concrete, intake towers catching first sunlight. Camera movement slow and epic, complete revolution showing entire achievement. Final frame: dam centered, reservoir behind, canyon downstream, human achievement in nature."
40,B-ROLL,Final Hero Shot - Morning Light on Plaque,"Ultra-realistic cinematic documentary style. 4K resolution, professional color grading. Muted vintage color palette with soft desaturation, subtle film grain, realistic natural lighting. Historically accurate 1930s environment, Depression-era vehicles, tools, and construction materials. Natural camera movement with professional cinematography: smooth dollies, crane shots, tracking movements, aerial perspectives. Realistic physics, authentic material behavior, grounded sense of massive scale and weight. Consistent period-appropriate color grading throughout all scenes.

Set in Black Canyon, Nevada-Arizona border, 1931-1936 Depression era. Clear desert atmosphere with extreme heat and intense sunlight, early diesel equipment, classic 1930s truck-era vehicles. Workers wear: cloth caps or fedoras, rolled sleeve cotton shirts (often sweat-stained), canvas trousers, leather suspenders, heavy leather boots, bandanas for dust, minimal safety equipment (leather gloves, occasional cloth caps). Advanced tool era for 1930s: pneumatic drills, steam shovels, diesel-powered trucks, cable systems, drilling equipment, concrete mixing equipment, basic electric lighting systems. No modern plastics, no contemporary safety equipment, no current construction techniques, no synthetic materials.

Desert arid environment: extreme solar exposure creating harsh shadows and bright highlights, heat shimmer distortion visible at midday, occasional dust devils swirling across canyon, minimal cloud cover with intense blue sky, clear starlit nights, extreme temperature swings (120°F+ days, cool nights), dust particles suspended in air catching light, strong winds through canyon creating dust clouds, minimal desert vegetation, bleached earth tones (deep orange-red canyon rock, rust-colored canyon walls, tan dirt, pale yellows). Colorado River roaring through canyon bottom. Equipment visibly heating in direct sun, metal surfaces too hot to touch, workers seeking shade during peak heat.

Absolute historical prohibition - exclude ALL anachronisms: Modern safety equipment (reflective vests, fall arrest systems, safety lanyards, modern hard hats with chin straps, safety glasses), digital devices, contemporary vehicles, current-era signage, modern construction techniques (current welding styles, contemporary concrete forms), anachronistic materials (modern plastics, contemporary composites, synthetic fabrics), modern tool designs (battery-powered tools, contemporary power tools), LED lighting, plastic materials (containers, sheeting, barriers), contemporary color schemes (high-visibility orange/yellow), modern fasteners (contemporary bolts, current zip ties), current generation equipment (modern diesel designs, contemporary hydraulics).

Warm muted color grading: Desaturate to 65% of full color, strong warm temperature (+350K amber shift), reduced contrast 20% with soft highlights creating heat glow, deep shadows with preserved detail. Primary color bias: Deep orange-red (canyon rock faces), rust and ochre (desert soil and dust), dusty yellow (intense sunlight), faded denim blue (workers' clothing and river), weathered brown (wood scaffolding and leather). Avoid: Cool blues except in sky and water, vivid greens, pure whites, deep blacks. Film grain: 35mm equivalent with visible structure, slight sepia undertone matching Depression-era Kodachrome.

Close-up of morning sunlight hitting bronze dedication plaque, warming metal, illuminating inscription: dates (1931-1936), names of workers who died during construction, achievement and sacrifice together, morning light symbolic of new day and completed work."
